<?xml version="1.0" encoding="UTF-8"?>
<kml xmlns="http://www.opengis.net/kml/2.2" xmlns:gx="http://www.google.com/kml/ext/2.2" xmlns:kml="http://www.opengis.net/kml/2.2" xmlns:atom="http://www.w3.org/2005/Atom">
<Document id="1uAiyBNTcqlXmLgDl0AnNM3ceH6e9K1vm">
	<name>Central Emergencias OFICIAL NO BORRAR</name>
	<description>Mapa con ubicaciones principales de bases, terceros respondedores, ubicaciones mina, sub estaciones electricas y camaras del lugar.</description>
	<atom:link rel="app" href="https://www.google.com/earth/about/versions/#earth-pro" title="Google Earth Pro 7.3.6.10441"></atom:link><gx:CascadingStyle kml:id="__managed_style_B6AAA690033D3D1AF208">
		<Style>
			<IconStyle>
				<scale>1.2</scale>
				<Icon>
					<href>https://earth.google.com/earth/document/icon?color=00796b<![CDATA[&]]>id=2096<![CDATA[&]]>scale=4</href>
				</Icon>
				<hotSpot x="64" y="128" xunits="pixels" yunits="insetPixels"></hotSpot>
			</IconStyle>
			<LabelStyle>
			</LabelStyle>
			<LineStyle>
				<color>ff2dc0fb</color>
				<width>6</width>
			</LineStyle>
			<PolyStyle>
				<color>40ffffff</color>
			</PolyStyle>
			<BalloonStyle>
			</BalloonStyle>
		</Style>
	</gx:CascadingStyle><gx:CascadingStyle kml:id="__managed_style_A06F6B83643D3D1AF208">
		<Style>
			<IconStyle>
				<Icon>
					<href>https://earth.google.com/earth/document/icon?color=00796b<![CDATA[&]]>id=2096<![CDATA[&]]>scale=4</href>
				</Icon>
				<hotSpot x="64" y="128" xunits="pixels" yunits="insetPixels"></hotSpot>
			</IconStyle>
			<LabelStyle>
			</LabelStyle>
			<LineStyle>
				<color>ff2dc0fb</color>
				<width>4</width>
			</LineStyle>
			<PolyStyle>
				<color>40ffffff</color>
			</PolyStyle>
			<BalloonStyle>
			</BalloonStyle>
		</Style>
	</gx:CascadingStyle><gx:CascadingStyle kml:id="__managed_style_8E75139AA53D3D1AF208">
		<styleUrl>https://earth.google.com/balloon_components/base/1.1.0.0/card_template.kml#main</styleUrl>
		<Style>
			<IconStyle>
				<scale>1.2</scale>
				<Icon>
					<href>https://earth.google.com/earth/document/icon?color=388e3c<![CDATA[&]]>id=2096<![CDATA[&]]>scale=4</href>
				</Icon>
				<hotSpot x="64" y="128" xunits="pixels" yunits="insetPixels"></hotSpot>
			</IconStyle>
			<LabelStyle>
			</LabelStyle>
			<LineStyle>
				<color>ff2dc0fb</color>
				<width>6</width>
			</LineStyle>
			<PolyStyle>
				<color>40ffffff</color>
			</PolyStyle>
			<BalloonStyle>
			</BalloonStyle>
		</Style>
	</gx:CascadingStyle><gx:CascadingStyle kml:id="__managed_style_7EC9752D333D3D1AF208">
		<styleUrl>https://earth.google.com/balloon_components/base/1.1.0.0/card_template.kml#main</styleUrl>
		<Style>
			<IconStyle>
				<Icon>
					<href>https://earth.google.com/earth/document/icon?color=388e3c<![CDATA[&]]>id=2096<![CDATA[&]]>scale=4</href>
				</Icon>
				<hotSpot x="64" y="128" xunits="pixels" yunits="insetPixels"></hotSpot>
			</IconStyle>
			<LabelStyle>
			</LabelStyle>
			<LineStyle>
				<color>ff2dc0fb</color>
				<width>4</width>
			</LineStyle>
			<PolyStyle>
				<color>40ffffff</color>
			</PolyStyle>
			<BalloonStyle>
			</BalloonStyle>
		</Style>
	</gx:CascadingStyle><gx:CascadingStyle kml:id="__managed_style_22354515923D3D1AF22B">
		<Style>
			<IconStyle>
				<scale>1.2</scale>
				<Icon>
					<href>https://earth.google.com/earth/document/icon?color=1976d2<![CDATA[&]]>id=2000<![CDATA[&]]>scale=4</href>
				</Icon>
				<hotSpot x="64" y="128" xunits="pixels" yunits="insetPixels"></hotSpot>
			</IconStyle>
			<LabelStyle>
			</LabelStyle>
			<LineStyle>
				<color>ff2dc0fb</color>
				<width>18</width>
			</LineStyle>
			<PolyStyle>
				<color>40ffffff</color>
			</PolyStyle>
			<BalloonStyle>
			</BalloonStyle>
		</Style>
	</gx:CascadingStyle><gx:CascadingStyle kml:id="__managed_style_13F0490D653D3D1AF22B">
		<Style>
			<IconStyle>
				<Icon>
					<href>https://earth.google.com/earth/document/icon?color=1976d2<![CDATA[&]]>id=2000<![CDATA[&]]>scale=4</href>
				</Icon>
				<hotSpot x="64" y="128" xunits="pixels" yunits="insetPixels"></hotSpot>
			</IconStyle>
			<LabelStyle>
			</LabelStyle>
			<LineStyle>
				<color>ff2dc0fb</color>
				<width>12</width>
			</LineStyle>
			<PolyStyle>
				<color>40ffffff</color>
			</PolyStyle>
			<BalloonStyle>
			</BalloonStyle>
		</Style>
	</gx:CascadingStyle><gx:CascadingStyle kml:id="__managed_style_D2539189D83D3D1AF228">
		<Style>
			<IconStyle>
				<Icon>
					<href>https://earth.google.com/earth/document/icon?color=1976d2<![CDATA[&]]>id=2000<![CDATA[&]]>scale=4</href>
				</Icon>
				<hotSpot x="64" y="128" xunits="pixels" yunits="insetPixels"></hotSpot>
			</IconStyle>
			<LabelStyle>
			</LabelStyle>
			<LineStyle>
				<color>ff6b7900</color>
				<width>4</width>
			</LineStyle>
			<PolyStyle>
				<color>40ffffff</color>
			</PolyStyle>
			<BalloonStyle>
			</BalloonStyle>
		</Style>
	</gx:CascadingStyle><gx:CascadingStyle kml:id="__managed_style_8E4EF7D6EF3D3D1AF228">
		<Style>
			<IconStyle>
				<scale>1.2</scale>
				<Icon>
					<href>https://earth.google.com/earth/document/icon?color=1976d2<![CDATA[&]]>id=2000<![CDATA[&]]>scale=4</href>
				</Icon>
				<hotSpot x="64" y="128" xunits="pixels" yunits="insetPixels"></hotSpot>
			</IconStyle>
			<LabelStyle>
			</LabelStyle>
			<LineStyle>
				<color>ffa21f7b</color>
				<width>6</width>
			</LineStyle>
			<PolyStyle>
				<color>40ffffff</color>
			</PolyStyle>
			<BalloonStyle>
			</BalloonStyle>
		</Style>
	</gx:CascadingStyle><gx:CascadingStyle kml:id="__managed_style_2F9D3AB9103D3D1AF206">
		<styleUrl>https://earth.google.com/balloon_components/base/1.1.0.0/card_template.kml#main</styleUrl>
		<Style>
			<IconStyle>
				<scale>1.2</scale>
				<Icon>
					<href>https://earth.google.com/earth/document/icon?color=f2f7ba<![CDATA[&]]>id=2002<![CDATA[&]]>scale=4</href>
				</Icon>
				<hotSpot x="64" y="128" xunits="pixels" yunits="insetPixels"></hotSpot>
			</IconStyle>
			<LabelStyle>
			</LabelStyle>
			<LineStyle>
				<color>ff2dc0fb</color>
				<width>6</width>
			</LineStyle>
			<PolyStyle>
				<color>40ffffff</color>
			</PolyStyle>
			<BalloonStyle>
			</BalloonStyle>
		</Style>
	</gx:CascadingStyle><gx:CascadingStyle kml:id="__managed_style_67966F02BE3D3D1AF207">
		<styleUrl>https://earth.google.com/balloon_components/base/1.1.0.0/card_template.kml#main</styleUrl>
		<Style>
			<IconStyle>
				<scale>1.2</scale>
				<Icon>
					<href>https://earth.google.com/earth/document/icon?color=1976d2<![CDATA[&]]>id=2000<![CDATA[&]]>scale=4</href>
				</Icon>
				<hotSpot x="64" y="128" xunits="pixels" yunits="insetPixels"></hotSpot>
			</IconStyle>
			<LabelStyle>
			</LabelStyle>
			<LineStyle>
				<color>ff3c8e38</color>
				<width>6</width>
			</LineStyle>
			<PolyStyle>
				<color>40ffffff</color>
			</PolyStyle>
			<BalloonStyle>
			</BalloonStyle>
		</Style>
	</gx:CascadingStyle><gx:CascadingStyle kml:id="__managed_style_1D491A28BC3D3D1AF206">
		<styleUrl>https://earth.google.com/balloon_components/base/1.1.0.0/card_template.kml#main</styleUrl>
		<Style>
			<IconStyle>
				<Icon>
					<href>https://earth.google.com/earth/document/icon?color=f2f7ba<![CDATA[&]]>id=2002<![CDATA[&]]>scale=4</href>
				</Icon>
				<hotSpot x="64" y="128" xunits="pixels" yunits="insetPixels"></hotSpot>
			</IconStyle>
			<LabelStyle>
			</LabelStyle>
			<LineStyle>
				<color>ff2dc0fb</color>
				<width>4</width>
			</LineStyle>
			<PolyStyle>
				<color>40ffffff</color>
			</PolyStyle>
			<BalloonStyle>
			</BalloonStyle>
		</Style>
	</gx:CascadingStyle><gx:CascadingStyle kml:id="__managed_style_4C8C5174CF3D3D1AF228">
		<Style>
			<IconStyle>
				<Icon>
					<href>https://earth.google.com/earth/document/icon?color=1976d2<![CDATA[&]]>id=2000<![CDATA[&]]>scale=4</href>
				</Icon>
				<hotSpot x="64" y="128" xunits="pixels" yunits="insetPixels"></hotSpot>
			</IconStyle>
			<LabelStyle>
			</LabelStyle>
			<LineStyle>
				<color>ffb4f1f8</color>
				<width>4</width>
			</LineStyle>
			<PolyStyle>
				<color>40ffffff</color>
			</PolyStyle>
			<BalloonStyle>
			</BalloonStyle>
		</Style>
	</gx:CascadingStyle><gx:CascadingStyle kml:id="__managed_style_D436E33C703D3D1AF204">
		<styleUrl>https://earth.google.com/balloon_components/base/1.1.0.0/card_template.kml#main</styleUrl>
		<Style>
			<IconStyle>
				<Icon>
					<href>https://earth.google.com/earth/document/icon?color=ab47bc<![CDATA[&]]>id=2002<![CDATA[&]]>scale=4</href>
				</Icon>
				<hotSpot x="64" y="128" xunits="pixels" yunits="insetPixels"></hotSpot>
			</IconStyle>
			<LabelStyle>
			</LabelStyle>
			<LineStyle>
				<color>ff2dc0fb</color>
				<width>4</width>
			</LineStyle>
			<PolyStyle>
				<color>40ffffff</color>
			</PolyStyle>
			<BalloonStyle>
			</BalloonStyle>
		</Style>
	</gx:CascadingStyle><gx:CascadingStyle kml:id="__managed_style_4319DD9FC93D3D1AF208">
		<styleUrl>https://earth.google.com/balloon_components/base/1.1.0.0/card_template.kml#main</styleUrl>
		<Style>
			<IconStyle>
				<scale>1.5</scale>
				<Icon>
					<href>https://earth.google.com/earth/document/icon?color=ef5350<![CDATA[&]]>id=2002<![CDATA[&]]>scale=4</href>
				</Icon>
				<hotSpot x="64" y="128" xunits="pixels" yunits="insetPixels"></hotSpot>
			</IconStyle>
			<LabelStyle>
			</LabelStyle>
			<LineStyle>
				<color>ff2dc0fb</color>
				<width>4</width>
			</LineStyle>
			<PolyStyle>
				<color>40ffffff</color>
			</PolyStyle>
			<BalloonStyle>
			</BalloonStyle>
		</Style>
	</gx:CascadingStyle><gx:CascadingStyle kml:id="__managed_style_BD8D917A613D3D1AF228">
		<Style>
			<IconStyle>
				<scale>1.2</scale>
				<Icon>
					<href>https://earth.google.com/earth/document/icon?color=1976d2<![CDATA[&]]>id=2000<![CDATA[&]]>scale=4</href>
				</Icon>
				<hotSpot x="64" y="128" xunits="pixels" yunits="insetPixels"></hotSpot>
			</IconStyle>
			<LabelStyle>
			</LabelStyle>
			<LineStyle>
				<color>ff2dc0fb</color>
				<width>6</width>
			</LineStyle>
			<PolyStyle>
				<color>00ffffff</color>
			</PolyStyle>
			<BalloonStyle>
			</BalloonStyle>
		</Style>
	</gx:CascadingStyle><gx:CascadingStyle kml:id="__managed_style_16875C92913D3D1AF228">
		<Style>
			<IconStyle>
				<Icon>
					<href>https://earth.google.com/earth/document/icon?color=1976d2<![CDATA[&]]>id=2000<![CDATA[&]]>scale=4</href>
				</Icon>
				<hotSpot x="64" y="128" xunits="pixels" yunits="insetPixels"></hotSpot>
			</IconStyle>
			<LabelStyle>
			</LabelStyle>
			<LineStyle>
				<color>ffc06b5c</color>
				<width>4</width>
			</LineStyle>
			<PolyStyle>
				<color>40ffffff</color>
			</PolyStyle>
			<BalloonStyle>
			</BalloonStyle>
		</Style>
	</gx:CascadingStyle><gx:CascadingStyle kml:id="__managed_style_4E101BEB1D3D3D1AF204">
		<styleUrl>https://earth.google.com/balloon_components/base/1.1.0.0/card_template.kml#main</styleUrl>
		<Style>
			<IconStyle>
				<Icon>
					<href>https://earth.google.com/earth/document/icon?color=303f9f<![CDATA[&]]>id=2002<![CDATA[&]]>scale=4</href>
				</Icon>
				<hotSpot x="64" y="128" xunits="pixels" yunits="insetPixels"></hotSpot>
			</IconStyle>
			<LabelStyle>
			</LabelStyle>
			<LineStyle>
				<color>ff2dc0fb</color>
				<width>4</width>
			</LineStyle>
			<PolyStyle>
				<color>40ffffff</color>
			</PolyStyle>
			<BalloonStyle>
			</BalloonStyle>
		</Style>
	</gx:CascadingStyle><gx:CascadingStyle kml:id="__managed_style_280479BB193D3D1AF204">
		<styleUrl>https://earth.google.com/balloon_components/base/1.1.0.0/card_template.kml#main</styleUrl>
		<Style>
			<IconStyle>
				<scale>1.2</scale>
				<Icon>
					<href>https://earth.google.com/earth/document/icon?color=f57c00<![CDATA[&]]>id=2002<![CDATA[&]]>scale=4</href>
				</Icon>
				<hotSpot x="64" y="128" xunits="pixels" yunits="insetPixels"></hotSpot>
			</IconStyle>
			<LabelStyle>
			</LabelStyle>
			<LineStyle>
				<color>ff2dc0fb</color>
				<width>6</width>
			</LineStyle>
			<PolyStyle>
				<color>40ffffff</color>
			</PolyStyle>
			<BalloonStyle>
			</BalloonStyle>
		</Style>
	</gx:CascadingStyle><gx:CascadingStyle kml:id="__managed_style_1D97C81B553D3D1AF204">
		<styleUrl>https://earth.google.com/balloon_components/base/1.1.0.0/card_template.kml#main</styleUrl>
		<Style>
			<IconStyle>
				<Icon>
					<href>https://earth.google.com/earth/document/icon?color=f57c00<![CDATA[&]]>id=2002<![CDATA[&]]>scale=4</href>
				</Icon>
				<hotSpot x="64" y="128" xunits="pixels" yunits="insetPixels"></hotSpot>
			</IconStyle>
			<LabelStyle>
			</LabelStyle>
			<LineStyle>
				<color>ff2dc0fb</color>
				<width>4</width>
			</LineStyle>
			<PolyStyle>
				<color>40ffffff</color>
			</PolyStyle>
			<BalloonStyle>
			</BalloonStyle>
		</Style>
	</gx:CascadingStyle><gx:CascadingStyle kml:id="__managed_style_531C9569A43D3D1AF227">
		<Style>
			<IconStyle>
				<scale>1.2</scale>
				<Icon>
					<href>https://earth.google.com/earth/document/icon?color=1976d2<![CDATA[&]]>id=2000<![CDATA[&]]>scale=4</href>
				</Icon>
				<hotSpot x="64" y="128" xunits="pixels" yunits="insetPixels"></hotSpot>
			</IconStyle>
			<LabelStyle>
			</LabelStyle>
			<LineStyle>
				<color>ff007cf5</color>
				<width>6</width>
			</LineStyle>
			<PolyStyle>
				<color>40ffffff</color>
			</PolyStyle>
			<BalloonStyle>
			</BalloonStyle>
		</Style>
	</gx:CascadingStyle><gx:CascadingStyle kml:id="__managed_style_4D2BA1A5E43D3D1AF227">
		<Style>
			<IconStyle>
				<Icon>
					<href>https://earth.google.com/earth/document/icon?color=1976d2<![CDATA[&]]>id=2000<![CDATA[&]]>scale=4</href>
				</Icon>
				<hotSpot x="64" y="128" xunits="pixels" yunits="insetPixels"></hotSpot>
			</IconStyle>
			<LabelStyle>
			</LabelStyle>
			<LineStyle>
				<color>ff007cf5</color>
				<width>4</width>
			</LineStyle>
			<PolyStyle>
				<color>40ffffff</color>
			</PolyStyle>
			<BalloonStyle>
			</BalloonStyle>
		</Style>
	</gx:CascadingStyle><gx:CascadingStyle kml:id="__managed_style_2127531D453D3D1AF203">
		<styleUrl>https://earth.google.com/balloon_components/base/1.1.0.0/card_template.kml#main</styleUrl>
		<Style>
			<IconStyle>
				<scale>1.2</scale>
				<Icon>
					<href>https://earth.google.com/earth/document/icon?color=ffe1d3<![CDATA[&]]>id=2002<![CDATA[&]]>scale=4</href>
				</Icon>
				<hotSpot x="64" y="128" xunits="pixels" yunits="insetPixels"></hotSpot>
			</IconStyle>
			<LabelStyle>
			</LabelStyle>
			<LineStyle>
				<color>ff2dc0fb</color>
				<width>6</width>
			</LineStyle>
			<PolyStyle>
				<color>40ffffff</color>
			</PolyStyle>
			<BalloonStyle>
			</BalloonStyle>
		</Style>
	</gx:CascadingStyle><gx:CascadingStyle kml:id="__managed_style_12074165DE3D3D1AF203">
		<styleUrl>https://earth.google.com/balloon_components/base/1.1.0.0/card_template.kml#main</styleUrl>
		<Style>
			<IconStyle>
				<Icon>
					<href>https://earth.google.com/earth/document/icon?color=ffe1d3<![CDATA[&]]>id=2002<![CDATA[&]]>scale=4</href>
				</Icon>
				<hotSpot x="64" y="128" xunits="pixels" yunits="insetPixels"></hotSpot>
			</IconStyle>
			<LabelStyle>
			</LabelStyle>
			<LineStyle>
				<color>ff2dc0fb</color>
				<width>4</width>
			</LineStyle>
			<PolyStyle>
				<color>40ffffff</color>
			</PolyStyle>
			<BalloonStyle>
			</BalloonStyle>
		</Style>
	</gx:CascadingStyle><gx:CascadingStyle kml:id="__managed_style_1EF8D4714C3D3D1AF227">
		<Style>
			<IconStyle>
				<Icon>
					<href>https://earth.google.com/earth/document/icon?color=1976d2<![CDATA[&]]>id=2000<![CDATA[&]]>scale=4</href>
				</Icon>
				<hotSpot x="64" y="128" xunits="pixels" yunits="insetPixels"></hotSpot>
			</IconStyle>
			<LabelStyle>
			</LabelStyle>
			<LineStyle>
				<color>ff9ec3ff</color>
				<width>4</width>
			</LineStyle>
			<PolyStyle>
				<color>40ffffff</color>
			</PolyStyle>
			<BalloonStyle>
			</BalloonStyle>
		</Style>
	</gx:CascadingStyle><gx:CascadingStyle kml:id="__managed_style_3475C44C993D3D1AF201">
		<styleUrl>https://earth.google.com/balloon_components/base/1.1.0.0/card_template.kml#main</styleUrl>
		<Style>
			<IconStyle>
				<scale>1.2</scale>
				<Icon>
					<href>https://earth.google.com/earth/document/icon?color=fbc02d<![CDATA[&]]>id=2002<![CDATA[&]]>scale=4</href>
				</Icon>
				<hotSpot x="64" y="128" xunits="pixels" yunits="insetPixels"></hotSpot>
			</IconStyle>
			<LabelStyle>
			</LabelStyle>
			<LineStyle>
				<color>ff2dc0fb</color>
				<width>6</width>
			</LineStyle>
			<PolyStyle>
				<color>40ffffff</color>
			</PolyStyle>
			<BalloonStyle>
			</BalloonStyle>
		</Style>
	</gx:CascadingStyle><gx:CascadingStyle kml:id="__managed_style_89E95D58CD3D3D1AF200">
		<styleUrl>https://earth.google.com/balloon_components/base/1.1.0.0/card_template.kml#main</styleUrl>
		<Style>
			<IconStyle>
				<Icon>
					<href>https://earth.google.com/earth/document/icon?color=00796b<![CDATA[&]]>id=2002<![CDATA[&]]>scale=4</href>
				</Icon>
				<hotSpot x="64" y="128" xunits="pixels" yunits="insetPixels"></hotSpot>
			</IconStyle>
			<LabelStyle>
			</LabelStyle>
			<LineStyle>
				<color>ff2dc0fb</color>
				<width>4</width>
			</LineStyle>
			<PolyStyle>
				<color>40ffffff</color>
			</PolyStyle>
			<BalloonStyle>
			</BalloonStyle>
		</Style>
	</gx:CascadingStyle><gx:CascadingStyle kml:id="__managed_style_5B0BBA9A4B3D3D1AF200">
		<styleUrl>https://earth.google.com/balloon_components/base/1.1.0.0/card_template.kml#main</styleUrl>
		<Style>
			<IconStyle>
				<Icon>
					<href>https://earth.google.com/earth/document/icon?color=1976d2<![CDATA[&]]>id=2000<![CDATA[&]]>scale=4</href>
				</Icon>
				<hotSpot x="64" y="128" xunits="pixels" yunits="insetPixels"></hotSpot>
			</IconStyle>
			<LabelStyle>
			</LabelStyle>
			<LineStyle>
				<color>ff6b7900</color>
				<width>4</width>
			</LineStyle>
			<PolyStyle>
				<color>40ffffff</color>
			</PolyStyle>
			<BalloonStyle>
			</BalloonStyle>
		</Style>
	</gx:CascadingStyle><gx:CascadingStyle kml:id="__managed_style_3E9FBB6E153D3D1AF200">
		<styleUrl>https://earth.google.com/balloon_components/base/1.1.0.0/card_template.kml#main</styleUrl>
		<Style>
			<IconStyle>
				<scale>1.2</scale>
				<Icon>
					<href>https://earth.google.com/earth/document/icon?color=42a5f5<![CDATA[&]]>id=2002<![CDATA[&]]>scale=4</href>
				</Icon>
				<hotSpot x="64" y="128" xunits="pixels" yunits="insetPixels"></hotSpot>
			</IconStyle>
			<LabelStyle>
			</LabelStyle>
			<LineStyle>
				<color>ff2dc0fb</color>
				<width>6</width>
			</LineStyle>
			<PolyStyle>
				<color>40ffffff</color>
			</PolyStyle>
			<BalloonStyle>
			</BalloonStyle>
		</Style>
	</gx:CascadingStyle><gx:CascadingStyle kml:id="__managed_style_2A1F5999F43D3D1AF200">
		<styleUrl>https://earth.google.com/balloon_components/base/1.1.0.0/card_template.kml#main</styleUrl>
		<Style>
			<IconStyle>
				<Icon>
					<href>https://earth.google.com/earth/document/icon?color=42a5f5<![CDATA[&]]>id=2002<![CDATA[&]]>scale=4</href>
				</Icon>
				<hotSpot x="64" y="128" xunits="pixels" yunits="insetPixels"></hotSpot>
			</IconStyle>
			<LabelStyle>
			</LabelStyle>
			<LineStyle>
				<color>ff2dc0fb</color>
				<width>4</width>
			</LineStyle>
			<PolyStyle>
				<color>40ffffff</color>
			</PolyStyle>
			<BalloonStyle>
			</BalloonStyle>
		</Style>
	</gx:CascadingStyle><gx:CascadingStyle kml:id="__managed_style_076A2B87E13D3D1AF200">
		<Style>
			<IconStyle>
				<scale>1.2</scale>
				<Icon>
					<href>https://earth.google.com/earth/document/icon?color=1976d2<![CDATA[&]]>id=2000<![CDATA[&]]>scale=4</href>
				</Icon>
				<hotSpot x="64" y="128" xunits="pixels" yunits="insetPixels"></hotSpot>
			</IconStyle>
			<LabelStyle>
			</LabelStyle>
			<LineStyle>
				<color>fff5a542</color>
				<width>6</width>
			</LineStyle>
			<PolyStyle>
				<color>40ffffff</color>
			</PolyStyle>
			<BalloonStyle>
			</BalloonStyle>
		</Style>
	</gx:CascadingStyle><gx:CascadingStyle kml:id="__managed_style_80011171593D3D1AF1FF">
		<Style>
			<IconStyle>
				<Icon>
					<href>https://earth.google.com/earth/document/icon?color=1976d2<![CDATA[&]]>id=2000<![CDATA[&]]>scale=4</href>
				</Icon>
				<hotSpot x="64" y="128" xunits="pixels" yunits="insetPixels"></hotSpot>
			</IconStyle>
			<LabelStyle>
			</LabelStyle>
			<LineStyle>
				<color>fff5a542</color>
				<width>4</width>
			</LineStyle>
			<PolyStyle>
				<color>40ffffff</color>
			</PolyStyle>
			<BalloonStyle>
			</BalloonStyle>
		</Style>
	</gx:CascadingStyle><gx:CascadingStyle kml:id="__managed_style_60C045FADD3D3D1AF1FF">
		<Style>
			<IconStyle>
				<scale>1.2</scale>
				<Icon>
					<href>https://earth.google.com/earth/document/icon?color=1976d2<![CDATA[&]]>id=2000<![CDATA[&]]>scale=4</href>
				</Icon>
				<hotSpot x="64" y="128" xunits="pixels" yunits="insetPixels"></hotSpot>
			</IconStyle>
			<LabelStyle>
			</LabelStyle>
			<LineStyle>
				<color>ffd27619</color>
				<width>6</width>
			</LineStyle>
			<PolyStyle>
				<color>40ffffff</color>
			</PolyStyle>
			<BalloonStyle>
			</BalloonStyle>
		</Style>
	</gx:CascadingStyle><gx:CascadingStyle kml:id="__managed_style_377F6B196E3D3D1AF1FF">
		<styleUrl>https://earth.google.com/balloon_components/base/1.1.0.0/card_template.kml#main</styleUrl>
		<Style>
			<IconStyle>
				<scale>1.2</scale>
				<Icon>
					<href>https://earth.google.com/earth/document/icon?color=1976d2<![CDATA[&]]>id=2002<![CDATA[&]]>scale=4</href>
				</Icon>
				<hotSpot x="64" y="128" xunits="pixels" yunits="insetPixels"></hotSpot>
			</IconStyle>
			<LabelStyle>
			</LabelStyle>
			<LineStyle>
				<color>ff2dc0fb</color>
				<width>6</width>
			</LineStyle>
			<PolyStyle>
				<color>40ffffff</color>
			</PolyStyle>
			<BalloonStyle>
			</BalloonStyle>
		</Style>
	</gx:CascadingStyle><gx:CascadingStyle kml:id="__managed_style_25350F02993D3D1AF1FF">
		<styleUrl>https://earth.google.com/balloon_components/base/1.1.0.0/card_template.kml#main</styleUrl>
		<Style>
			<IconStyle>
				<Icon>
					<href>https://earth.google.com/earth/document/icon?color=1976d2<![CDATA[&]]>id=2002<![CDATA[&]]>scale=4</href>
				</Icon>
				<hotSpot x="64" y="128" xunits="pixels" yunits="insetPixels"></hotSpot>
			</IconStyle>
			<LabelStyle>
			</LabelStyle>
			<LineStyle>
				<color>ff2dc0fb</color>
				<width>4</width>
			</LineStyle>
			<PolyStyle>
				<color>40ffffff</color>
			</PolyStyle>
			<BalloonStyle>
			</BalloonStyle>
		</Style>
	</gx:CascadingStyle><gx:CascadingStyle kml:id="__managed_style_E4D1256A5D3D3D1AF204">
		<styleUrl>https://earth.google.com/balloon_components/base/1.1.0.0/card_template.kml#main</styleUrl>
		<Style>
			<IconStyle>
				<scale>1.2</scale>
				<Icon>
					<href>https://earth.google.com/earth/document/icon?color=ab47bc<![CDATA[&]]>id=2002<![CDATA[&]]>scale=4</href>
				</Icon>
				<hotSpot x="64" y="128" xunits="pixels" yunits="insetPixels"></hotSpot>
			</IconStyle>
			<LabelStyle>
			</LabelStyle>
			<LineStyle>
				<color>ff2dc0fb</color>
				<width>6</width>
			</LineStyle>
			<PolyStyle>
				<color>40ffffff</color>
			</PolyStyle>
			<BalloonStyle>
			</BalloonStyle>
		</Style>
	</gx:CascadingStyle><gx:CascadingStyle kml:id="__managed_style_2D10A0B6843D3D1AF201">
		<styleUrl>https://earth.google.com/balloon_components/base/1.1.0.0/card_template.kml#main</styleUrl>
		<Style>
			<IconStyle>
				<Icon>
					<href>https://earth.google.com/earth/document/icon?color=fbc02d<![CDATA[&]]>id=2002<![CDATA[&]]>scale=4</href>
				</Icon>
				<hotSpot x="64" y="128" xunits="pixels" yunits="insetPixels"></hotSpot>
			</IconStyle>
			<LabelStyle>
			</LabelStyle>
			<LineStyle>
				<color>ff2dc0fb</color>
				<width>4</width>
			</LineStyle>
			<PolyStyle>
				<color>40ffffff</color>
			</PolyStyle>
			<BalloonStyle>
			</BalloonStyle>
		</Style>
	</gx:CascadingStyle><gx:CascadingStyle kml:id="__managed_style_155FE1DF253D3D1AF226">
		<Style>
			<IconStyle>
				<Icon>
					<href>https://earth.google.com/earth/document/icon?color=1976d2<![CDATA[&]]>id=2000<![CDATA[&]]>scale=4</href>
				</Icon>
				<hotSpot x="64" y="128" xunits="pixels" yunits="insetPixels"></hotSpot>
			</IconStyle>
			<LabelStyle>
			</LabelStyle>
			<LineStyle>
				<color>ffc6f5c5</color>
				<width>4</width>
			</LineStyle>
			<PolyStyle>
				<color>40ffffff</color>
			</PolyStyle>
			<BalloonStyle>
			</BalloonStyle>
		</Style>
	</gx:CascadingStyle><gx:CascadingStyle kml:id="__managed_style_F5E83C3D813D3D1AF1FC">
		<styleUrl>https://earth.google.com/balloon_components/base/1.1.0.0/card_template.kml#main</styleUrl>
		<Style>
			<IconStyle>
				<scale>1.2</scale>
				<Icon>
					<href>https://earth.google.com/earth/document/icon?color=b9da8f<![CDATA[&]]>id=2002<![CDATA[&]]>scale=4</href>
				</Icon>
				<hotSpot x="64" y="128" xunits="pixels" yunits="insetPixels"></hotSpot>
			</IconStyle>
			<LabelStyle>
			</LabelStyle>
			<LineStyle>
				<color>ff2dc0fb</color>
				<width>6</width>
			</LineStyle>
			<PolyStyle>
				<color>40ffffff</color>
			</PolyStyle>
			<BalloonStyle>
			</BalloonStyle>
		</Style>
	</gx:CascadingStyle><gx:CascadingStyle kml:id="__managed_style_EEFEA7F1B83D3D1AF1FC">
		<styleUrl>https://earth.google.com/balloon_components/base/1.1.0.0/card_template.kml#main</styleUrl>
		<Style>
			<IconStyle>
				<Icon>
					<href>https://earth.google.com/earth/document/icon?color=b9da8f<![CDATA[&]]>id=2002<![CDATA[&]]>scale=4</href>
				</Icon>
				<hotSpot x="64" y="128" xunits="pixels" yunits="insetPixels"></hotSpot>
			</IconStyle>
			<LabelStyle>
			</LabelStyle>
			<LineStyle>
				<color>ff2dc0fb</color>
				<width>4</width>
			</LineStyle>
			<PolyStyle>
				<color>40ffffff</color>
			</PolyStyle>
			<BalloonStyle>
			</BalloonStyle>
		</Style>
	</gx:CascadingStyle><gx:CascadingStyle kml:id="__managed_style_C72081F1453D3D1AF1FC">
		<Style>
			<IconStyle>
				<scale>1.2</scale>
				<Icon>
					<href>https://earth.google.com/earth/document/icon?color=1976d2<![CDATA[&]]>id=2000<![CDATA[&]]>scale=4</href>
				</Icon>
				<hotSpot x="64" y="128" xunits="pixels" yunits="insetPixels"></hotSpot>
			</IconStyle>
			<LabelStyle>
			</LabelStyle>
			<LineStyle>
				<color>ff9aa626</color>
				<width>6</width>
			</LineStyle>
			<PolyStyle>
				<color>40ffffff</color>
			</PolyStyle>
			<BalloonStyle>
			</BalloonStyle>
		</Style>
	</gx:CascadingStyle><gx:CascadingStyle kml:id="__managed_style_B793A4AA293D3D1AF1FC">
		<Style>
			<IconStyle>
				<Icon>
					<href>https://earth.google.com/earth/document/icon?color=1976d2<![CDATA[&]]>id=2000<![CDATA[&]]>scale=4</href>
				</Icon>
				<hotSpot x="64" y="128" xunits="pixels" yunits="insetPixels"></hotSpot>
			</IconStyle>
			<LabelStyle>
			</LabelStyle>
			<LineStyle>
				<color>ff9aa626</color>
				<width>4</width>
			</LineStyle>
			<PolyStyle>
				<color>40ffffff</color>
			</PolyStyle>
			<BalloonStyle>
			</BalloonStyle>
		</Style>
	</gx:CascadingStyle><gx:CascadingStyle kml:id="__managed_style_55EEE6A1153D3D1AF1FC">
		<Style>
			<IconStyle>
				<Icon>
					<href>https://earth.google.com/earth/document/icon?color=1976d2<![CDATA[&]]>id=2000<![CDATA[&]]>scale=4</href>
				</Icon>
				<hotSpot x="64" y="128" xunits="pixels" yunits="insetPixels"></hotSpot>
			</IconStyle>
			<LabelStyle>
			</LabelStyle>
			<LineStyle>
				<color>ff6abb66</color>
				<width>4</width>
			</LineStyle>
			<PolyStyle>
				<color>40ffffff</color>
			</PolyStyle>
			<BalloonStyle>
			</BalloonStyle>
		</Style>
	</gx:CascadingStyle><gx:CascadingStyle kml:id="__managed_style_2051D6C9243D3D1AF227">
		<Style>
			<IconStyle>
				<scale>1.2</scale>
				<Icon>
					<href>https://earth.google.com/earth/document/icon?color=1976d2<![CDATA[&]]>id=2000<![CDATA[&]]>scale=4</href>
				</Icon>
				<hotSpot x="64" y="128" xunits="pixels" yunits="insetPixels"></hotSpot>
			</IconStyle>
			<LabelStyle>
			</LabelStyle>
			<LineStyle>
				<color>ff9ec3ff</color>
				<width>6</width>
			</LineStyle>
			<PolyStyle>
				<color>40ffffff</color>
			</PolyStyle>
			<BalloonStyle>
			</BalloonStyle>
		</Style>
	</gx:CascadingStyle><gx:CascadingStyle kml:id="__managed_style_D43D8773EC3D3D1AF1FB">
		<styleUrl>https://earth.google.com/balloon_components/base/1.1.0.0/card_template.kml#main</styleUrl>
		<Style>
			<IconStyle>
				<Icon>
					<href>https://earth.google.com/earth/document/icon?color=f57c00<![CDATA[&]]>id=2000<![CDATA[&]]>scale=4</href>
				</Icon>
				<hotSpot x="64" y="128" xunits="pixels" yunits="insetPixels"></hotSpot>
			</IconStyle>
			<LabelStyle>
			</LabelStyle>
			<LineStyle>
				<color>ff2dc0fb</color>
				<width>4</width>
			</LineStyle>
			<PolyStyle>
				<color>40ffffff</color>
			</PolyStyle>
			<BalloonStyle>
			</BalloonStyle>
		</Style>
	</gx:CascadingStyle><gx:CascadingStyle kml:id="__managed_style_6C17FCE1543D3D1AF1FC">
		<Style>
			<IconStyle>
				<scale>1.2</scale>
				<Icon>
					<href>https://earth.google.com/earth/document/icon?color=1976d2<![CDATA[&]]>id=2000<![CDATA[&]]>scale=4</href>
				</Icon>
				<hotSpot x="64" y="128" xunits="pixels" yunits="insetPixels"></hotSpot>
			</IconStyle>
			<LabelStyle>
			</LabelStyle>
			<LineStyle>
				<color>ff6abb66</color>
				<width>6</width>
			</LineStyle>
			<PolyStyle>
				<color>40ffffff</color>
			</PolyStyle>
			<BalloonStyle>
			</BalloonStyle>
		</Style>
	</gx:CascadingStyle><gx:CascadingStyle kml:id="__managed_style_2E06E2FFC63D3D1AF1E1">
		<styleUrl>https://earth.google.com/balloon_components/base/1.1.0.0/card_template.kml#main</styleUrl>
		<Style>
			<IconStyle>
				<scale>1.2</scale>
				<Icon>
					<href>https://earth.google.com/earth/document/icon?color=1976d2<![CDATA[&]]>id=2000<![CDATA[&]]>scale=4</href>
				</Icon>
				<hotSpot x="64" y="128" xunits="pixels" yunits="insetPixels"></hotSpot>
			</IconStyle>
			<LabelStyle>
			</LabelStyle>
			<LineStyle>
				<color>ff2dc0fb</color>
				<width>6</width>
			</LineStyle>
			<PolyStyle>
				<color>40ffffff</color>
			</PolyStyle>
			<BalloonStyle>
			</BalloonStyle>
		</Style>
	</gx:CascadingStyle><gx:CascadingStyle kml:id="__managed_style_56356CD4153D3D1AF1FB">
		<Style>
			<IconStyle>
				<scale>1.2</scale>
				<Icon>
					<href>https://earth.google.com/earth/document/icon?color=1976d2<![CDATA[&]]>id=2000<![CDATA[&]]>scale=4</href>
				</Icon>
				<hotSpot x="64" y="128" xunits="pixels" yunits="insetPixels"></hotSpot>
			</IconStyle>
			<LabelStyle>
			</LabelStyle>
			<LineStyle>
				<color>ff0cff00</color>
				<width>6</width>
			</LineStyle>
			<PolyStyle>
				<color>40ffffff</color>
			</PolyStyle>
			<BalloonStyle>
			</BalloonStyle>
		</Style>
	</gx:CascadingStyle><gx:CascadingStyle kml:id="__managed_style_0D80987BC93D3D1AF220">
		<Style>
			<IconStyle>
				<scale>1.8</scale>
				<Icon>
					<href>https://earth.google.com/earth/document/icon?color=ef5350<![CDATA[&]]>id=2211<![CDATA[&]]>scale=4</href>
				</Icon>
				<hotSpot x="64" y="128" xunits="pixels" yunits="insetPixels"></hotSpot>
			</IconStyle>
			<LabelStyle>
			</LabelStyle>
			<LineStyle>
				<color>ff2dc0fb</color>
				<width>6</width>
			</LineStyle>
			<PolyStyle>
				<color>40ffffff</color>
			</PolyStyle>
			<BalloonStyle>
			</BalloonStyle>
		</Style>
	</gx:CascadingStyle><gx:CascadingStyle kml:id="__managed_style_91B12DC07D3D3D1AF1F9">
		<Style>
			<IconStyle>
				<scale>1.2</scale>
				<Icon>
					<href>https://earth.google.com/earth/document/icon?color=1976d2<![CDATA[&]]>id=2000<![CDATA[&]]>scale=4</href>
				</Icon>
				<hotSpot x="64" y="128" xunits="pixels" yunits="insetPixels"></hotSpot>
			</IconStyle>
			<LabelStyle>
			</LabelStyle>
			<LineStyle>
				<color>ffbc47ab</color>
				<width>6</width>
			</LineStyle>
			<PolyStyle>
				<color>40ffffff</color>
			</PolyStyle>
			<BalloonStyle>
			</BalloonStyle>
		</Style>
	</gx:CascadingStyle><gx:CascadingStyle kml:id="__managed_style_59E9F661AE3D3D1AF228">
		<Style>
			<IconStyle>
				<scale>1.2</scale>
				<Icon>
					<href>https://earth.google.com/earth/document/icon?color=1976d2<![CDATA[&]]>id=2000<![CDATA[&]]>scale=4</href>
				</Icon>
				<hotSpot x="64" y="128" xunits="pixels" yunits="insetPixels"></hotSpot>
			</IconStyle>
			<LabelStyle>
			</LabelStyle>
			<LineStyle>
				<color>ffb4f1f8</color>
				<width>6</width>
			</LineStyle>
			<PolyStyle>
				<color>40ffffff</color>
			</PolyStyle>
			<BalloonStyle>
			</BalloonStyle>
		</Style>
	</gx:CascadingStyle><gx:CascadingStyle kml:id="__managed_style_623D1BD8C23D3D1AF1F9">
		<Style>
			<IconStyle>
				<scale>1.8</scale>
				<Icon>
					<href>https://earth.google.com/earth/document/icon?color=f57c00<![CDATA[&]]>id=2202<![CDATA[&]]>scale=4</href>
				</Icon>
				<hotSpot x="64" y="128" xunits="pixels" yunits="insetPixels"></hotSpot>
			</IconStyle>
			<LabelStyle>
			</LabelStyle>
			<LineStyle>
				<color>ff2dc0fb</color>
				<width>6</width>
			</LineStyle>
			<PolyStyle>
				<color>40ffffff</color>
			</PolyStyle>
			<BalloonStyle>
			</BalloonStyle>
		</Style>
	</gx:CascadingStyle><gx:CascadingStyle kml:id="__managed_style_03798A3ED83D3D1AF1F9">
		<Style>
			<IconStyle>
				<scale>1.2</scale>
				<Icon>
					<href>https://earth.google.com/earth/document/icon?color=ef5350<![CDATA[&]]>id=2202<![CDATA[&]]>scale=4</href>
				</Icon>
				<hotSpot x="64" y="128" xunits="pixels" yunits="insetPixels"></hotSpot>
			</IconStyle>
			<LabelStyle>
			</LabelStyle>
			<LineStyle>
				<color>ff2dc0fb</color>
				<width>6</width>
			</LineStyle>
			<PolyStyle>
				<color>40ffffff</color>
			</PolyStyle>
			<BalloonStyle>
			</BalloonStyle>
		</Style>
	</gx:CascadingStyle><gx:CascadingStyle kml:id="__managed_style_F0BC27182D3D3D1AF1F8">
		<Style>
			<IconStyle>
				<scale>1.2</scale>
				<Icon>
					<href>https://earth.google.com/earth/document/icon?color=1976d2<![CDATA[&]]>id=2000<![CDATA[&]]>scale=4</href>
				</Icon>
				<hotSpot x="64" y="128" xunits="pixels" yunits="insetPixels"></hotSpot>
			</IconStyle>
			<LabelStyle>
			</LabelStyle>
			<LineStyle>
				<color>ff2dc0fb</color>
				<width>6</width>
			</LineStyle>
			<PolyStyle>
				<color>80ffffff</color>
			</PolyStyle>
			<BalloonStyle>
			</BalloonStyle>
		</Style>
	</gx:CascadingStyle><gx:CascadingStyle kml:id="__managed_style_E9E606D6023D3D1AF1F8">
		<Style>
			<IconStyle>
				<Icon>
					<href>https://earth.google.com/earth/document/icon?color=1976d2<![CDATA[&]]>id=2000<![CDATA[&]]>scale=4</href>
				</Icon>
				<hotSpot x="64" y="128" xunits="pixels" yunits="insetPixels"></hotSpot>
			</IconStyle>
			<LabelStyle>
			</LabelStyle>
			<LineStyle>
				<color>ff2dc0fb</color>
				<width>4</width>
			</LineStyle>
			<PolyStyle>
				<color>80ffffff</color>
			</PolyStyle>
			<BalloonStyle>
			</BalloonStyle>
		</Style>
	</gx:CascadingStyle><gx:CascadingStyle kml:id="__managed_style_113321F75F83D3D1AF1F8">
		<Style>
			<IconStyle>
				<Icon>
					<href>https://earth.google.com/earth/document/icon?color=ef5350<![CDATA[&]]>id=2202<![CDATA[&]]>scale=4</href>
				</Icon>
				<hotSpot x="64" y="128" xunits="pixels" yunits="insetPixels"></hotSpot>
			</IconStyle>
			<LabelStyle>
			</LabelStyle>
			<LineStyle>
				<color>ff2dc0fb</color>
				<width>4</width>
			</LineStyle>
			<PolyStyle>
				<color>40ffffff</color>
			</PolyStyle>
			<BalloonStyle>
			</BalloonStyle>
		</Style>
	</gx:CascadingStyle><gx:CascadingStyle kml:id="__managed_style_2DEA7004133D3D1AF1E8">
		<Style>
			<IconStyle>
				<scale>1.5</scale>
				<Icon>
					<href>https://earth.google.com/earth/document/icon?color=1976d2<![CDATA[&]]>id=2211<![CDATA[&]]>scale=4</href>
				</Icon>
				<hotSpot x="64" y="128" xunits="pixels" yunits="insetPixels"></hotSpot>
			</IconStyle>
			<LabelStyle>
				<color>fff5a542</color>
			</LabelStyle>
			<LineStyle>
				<color>ff2dc0fb</color>
				<width>4</width>
			</LineStyle>
			<PolyStyle>
				<color>40ffffff</color>
			</PolyStyle>
			<BalloonStyle>
				<gx:displayMode>card</gx:displayMode>
			</BalloonStyle>
		</Style>
	</gx:CascadingStyle><gx:CascadingStyle kml:id="__managed_style_CF6D79AFFD3D3D1AF1F8">
		<Style>
			<IconStyle>
				<scale>1.2</scale>
				<Icon>
					<href>https://earth.google.com/earth/document/icon?color=1976d2<![CDATA[&]]>id=2156<![CDATA[&]]>scale=4</href>
				</Icon>
				<hotSpot x="64" y="128" xunits="pixels" yunits="insetPixels"></hotSpot>
			</IconStyle>
			<LabelStyle>
			</LabelStyle>
			<LineStyle>
				<color>ff2dc0fb</color>
				<width>6</width>
			</LineStyle>
			<PolyStyle>
				<color>40ffffff</color>
			</PolyStyle>
			<BalloonStyle>
			</BalloonStyle>
		</Style>
	</gx:CascadingStyle><gx:CascadingStyle kml:id="__managed_style_9A305323903D3D1AF1F8">
		<Style>
			<IconStyle>
				<scale>1.2</scale>
				<Icon>
					<href>https://earth.google.com/earth/document/icon?id=2000<![CDATA[&]]>scale=4</href>
				</Icon>
				<hotSpot x="64" y="128" xunits="pixels" yunits="insetPixels"></hotSpot>
			</IconStyle>
			<LabelStyle>
			</LabelStyle>
			<LineStyle>
				<color>ff2dc0fb</color>
				<width>6</width>
			</LineStyle>
			<PolyStyle>
				<color>40ffffff</color>
			</PolyStyle>
			<BalloonStyle>
			</BalloonStyle>
		</Style>
	</gx:CascadingStyle><gx:CascadingStyle kml:id="__managed_style_48A454F6653D3D1AF1F0">
		<Style>
			<IconStyle>
				<Icon>
					<href>https://earth.google.com/earth/document/icon?color=d32f2f<![CDATA[&]]>id=2000<![CDATA[&]]>scale=4</href>
				</Icon>
				<hotSpot x="64" y="128" xunits="pixels" yunits="insetPixels"></hotSpot>
			</IconStyle>
			<LabelStyle>
			</LabelStyle>
			<LineStyle>
				<color>ff2dc0fb</color>
				<width>4</width>
			</LineStyle>
			<PolyStyle>
				<color>40ffffff</color>
			</PolyStyle>
			<BalloonStyle>
			</BalloonStyle>
		</Style>
	</gx:CascadingStyle><gx:CascadingStyle kml:id="__managed_style_858DAA6E583D3D1AF1F8">
		<Style>
			<IconStyle>
				<Icon>
					<href>https://earth.google.com/earth/document/icon?id=2000<![CDATA[&]]>scale=4</href>
				</Icon>
				<hotSpot x="64" y="128" xunits="pixels" yunits="insetPixels"></hotSpot>
			</IconStyle>
			<LabelStyle>
			</LabelStyle>
			<LineStyle>
				<color>ff2dc0fb</color>
				<width>4</width>
			</LineStyle>
			<PolyStyle>
				<color>40ffffff</color>
			</PolyStyle>
			<BalloonStyle>
			</BalloonStyle>
		</Style>
	</gx:CascadingStyle><gx:CascadingStyle kml:id="__managed_style_AD1A0B25453D3D1AF1FB">
		<Style>
			<IconStyle>
				<Icon>
					<href>https://earth.google.com/earth/document/icon?color=1976d2<![CDATA[&]]>id=2000<![CDATA[&]]>scale=4</href>
				</Icon>
				<hotSpot x="64" y="128" xunits="pixels" yunits="insetPixels"></hotSpot>
			</IconStyle>
			<LabelStyle>
			</LabelStyle>
			<LineStyle>
				<color>ff9f3f30</color>
				<width>4</width>
			</LineStyle>
			<PolyStyle>
				<color>40ffffff</color>
			</PolyStyle>
			<BalloonStyle>
			</BalloonStyle>
		</Style>
	</gx:CascadingStyle><gx:CascadingStyle kml:id="__managed_style_8E7441D77C3D3D1AF1FC">
		<styleUrl>https://earth.google.com/balloon_components/base/1.1.0.0/card_template.kml#main</styleUrl>
		<Style>
			<IconStyle>
				<Icon>
					<href>https://earth.google.com/earth/document/icon?color=26a69a<![CDATA[&]]>id=2002<![CDATA[&]]>scale=4</href>
				</Icon>
				<hotSpot x="64" y="128" xunits="pixels" yunits="insetPixels"></hotSpot>
			</IconStyle>
			<LabelStyle>
			</LabelStyle>
			<LineStyle>
				<color>ff2dc0fb</color>
				<width>4</width>
			</LineStyle>
			<PolyStyle>
				<color>40ffffff</color>
			</PolyStyle>
			<BalloonStyle>
			</BalloonStyle>
		</Style>
	</gx:CascadingStyle><gx:CascadingStyle kml:id="__managed_style_5018CF34F53D3D1AF22C">
		<Style>
			<IconStyle>
				<scale>0.9</scale>
				<Icon>
					<href>https://earth.google.com/earth/document/icon?color=388e3c<![CDATA[&]]>id=2058<![CDATA[&]]>scale=4</href>
				</Icon>
				<hotSpot x="64" y="128" xunits="pixels" yunits="insetPixels"></hotSpot>
			</IconStyle>
			<LabelStyle>
			</LabelStyle>
			<LineStyle>
				<color>ff2dc0fb</color>
				<width>6</width>
			</LineStyle>
			<PolyStyle>
				<color>40ffffff</color>
			</PolyStyle>
			<BalloonStyle>
			</BalloonStyle>
		</Style>
	</gx:CascadingStyle><gx:CascadingStyle kml:id="__managed_style_4A2DE95A903D3D1AF22C">
		<Style>
			<IconStyle>
				<scale>0.75</scale>
				<Icon>
					<href>https://earth.google.com/earth/document/icon?color=388e3c<![CDATA[&]]>id=2058<![CDATA[&]]>scale=4</href>
				</Icon>
				<hotSpot x="64" y="128" xunits="pixels" yunits="insetPixels"></hotSpot>
			</IconStyle>
			<LabelStyle>
			</LabelStyle>
			<LineStyle>
				<color>ff2dc0fb</color>
				<width>4</width>
			</LineStyle>
			<PolyStyle>
				<color>40ffffff</color>
			</PolyStyle>
			<BalloonStyle>
			</BalloonStyle>
		</Style>
	</gx:CascadingStyle><gx:CascadingStyle kml:id="__managed_style_2320C004F93D3D1AF1F7">
		<Style>
			<IconStyle>
				<Icon>
					<href>https://earth.google.com/earth/document/icon?color=66bb6a<![CDATA[&]]>id=2058<![CDATA[&]]>scale=4</href>
				</Icon>
				<hotSpot x="64" y="128" xunits="pixels" yunits="insetPixels"></hotSpot>
			</IconStyle>
			<LabelStyle>
			</LabelStyle>
			<LineStyle>
				<color>ff2dc0fb</color>
				<width>4</width>
			</LineStyle>
			<PolyStyle>
				<color>40ffffff</color>
			</PolyStyle>
			<BalloonStyle>
			</BalloonStyle>
		</Style>
	</gx:CascadingStyle><gx:CascadingStyle kml:id="__managed_style_0C267541BD3D3D1AF1F7">
		<Style>
			<IconStyle>
				<scale>1.2</scale>
				<Icon>
					<href>https://earth.google.com/earth/document/icon?color=00796b<![CDATA[&]]>id=2058<![CDATA[&]]>scale=4</href>
				</Icon>
				<hotSpot x="64" y="128" xunits="pixels" yunits="insetPixels"></hotSpot>
			</IconStyle>
			<LabelStyle>
			</LabelStyle>
			<LineStyle>
				<color>ff2dc0fb</color>
				<width>6</width>
			</LineStyle>
			<PolyStyle>
				<color>40ffffff</color>
			</PolyStyle>
			<BalloonStyle>
			</BalloonStyle>
		</Style>
	</gx:CascadingStyle><gx:CascadingStyle kml:id="__managed_style_57D662244E3D3D1AF1E8">
		<styleUrl>https://earth.google.com/balloon_components/base/1.1.0.0/none_template.kml#main</styleUrl>
		<Style>
			<IconStyle>
				<Icon>
					<href>https://earth.google.com/earth/document/icon?color=1976d2<![CDATA[&]]>id=2000<![CDATA[&]]>scale=4</href>
				</Icon>
				<hotSpot x="64" y="128" xunits="pixels" yunits="insetPixels"></hotSpot>
			</IconStyle>
			<LabelStyle>
			</LabelStyle>
			<LineStyle>
				<color>ff2dc0fb</color>
				<width>4</width>
			</LineStyle>
			<PolyStyle>
				<color>402f2fd3</color>
			</PolyStyle>
			<BalloonStyle>
				<displayMode>hide</displayMode>
			</BalloonStyle>
		</Style>
	</gx:CascadingStyle><gx:CascadingStyle kml:id="__managed_style_8BA5F23DE93D3D1AF22C">
		<Style>
			<IconStyle>
				<scale>1.2</scale>
				<Icon>
					<href>https://earth.google.com/earth/document/icon?color=1976d2<![CDATA[&]]>id=2000<![CDATA[&]]>scale=4</href>
				</Icon>
				<hotSpot x="64" y="128" xunits="pixels" yunits="insetPixels"></hotSpot>
			</IconStyle>
			<LabelStyle>
			</LabelStyle>
			<LineStyle>
				<color>ff2f2fd3</color>
				<width>18</width>
			</LineStyle>
			<PolyStyle>
				<color>40ffffff</color>
			</PolyStyle>
			<BalloonStyle>
			</BalloonStyle>
		</Style>
	</gx:CascadingStyle><gx:CascadingStyle kml:id="__managed_style_B4EB0653CA3D3D1AF1FB">
		<Style>
			<IconStyle>
				<scale>1.2</scale>
				<Icon>
					<href>https://earth.google.com/earth/document/icon?color=1976d2<![CDATA[&]]>id=2000<![CDATA[&]]>scale=4</href>
				</Icon>
				<hotSpot x="64" y="128" xunits="pixels" yunits="insetPixels"></hotSpot>
			</IconStyle>
			<LabelStyle>
			</LabelStyle>
			<LineStyle>
				<color>ff9f3f30</color>
				<width>6</width>
			</LineStyle>
			<PolyStyle>
				<color>40ffffff</color>
			</PolyStyle>
			<BalloonStyle>
			</BalloonStyle>
		</Style>
	</gx:CascadingStyle><gx:CascadingStyle kml:id="__managed_style_514DB722AE3D3D1AF1F8">
		<Style>
			<IconStyle>
				<Icon>
					<href>https://earth.google.com/earth/document/icon?color=7b1fa2<![CDATA[&]]>id=2000<![CDATA[&]]>scale=4</href>
				</Icon>
				<hotSpot x="64" y="128" xunits="pixels" yunits="insetPixels"></hotSpot>
			</IconStyle>
			<LabelStyle>
			</LabelStyle>
			<LineStyle>
				<color>ff2dc0fb</color>
				<width>4</width>
			</LineStyle>
			<PolyStyle>
				<color>40ffffff</color>
			</PolyStyle>
			<BalloonStyle>
			</BalloonStyle>
		</Style>
	</gx:CascadingStyle><gx:CascadingStyle kml:id="__managed_style_4DC63D49F73D3D1AF223">
		<Style>
			<IconStyle>
				<Icon>
					<href>https://earth.google.com/earth/document/icon?color=f57c00<![CDATA[&]]>id=2058<![CDATA[&]]>scale=4</href>
				</Icon>
				<hotSpot x="64" y="128" xunits="pixels" yunits="insetPixels"></hotSpot>
			</IconStyle>
			<LabelStyle>
			</LabelStyle>
			<LineStyle>
				<color>ff2dc0fb</color>
				<width>4</width>
			</LineStyle>
			<PolyStyle>
				<color>40ffffff</color>
			</PolyStyle>
			<BalloonStyle>
			</BalloonStyle>
		</Style>
	</gx:CascadingStyle><gx:CascadingStyle kml:id="__managed_style_68A94C57B63D3D1AF200">
		<styleUrl>https://earth.google.com/balloon_components/base/1.1.0.0/card_template.kml#main</styleUrl>
		<Style>
			<IconStyle>
				<scale>1.2</scale>
				<Icon>
					<href>https://earth.google.com/earth/document/icon?color=1976d2<![CDATA[&]]>id=2000<![CDATA[&]]>scale=4</href>
				</Icon>
				<hotSpot x="64" y="128" xunits="pixels" yunits="insetPixels"></hotSpot>
			</IconStyle>
			<LabelStyle>
			</LabelStyle>
			<LineStyle>
				<color>ff6b7900</color>
				<width>6</width>
			</LineStyle>
			<PolyStyle>
				<color>40ffffff</color>
			</PolyStyle>
			<BalloonStyle>
			</BalloonStyle>
		</Style>
	</gx:CascadingStyle><gx:CascadingStyle kml:id="__managed_style_17AA6C86EE3D3D1AF1FB">
		<Style>
			<IconStyle>
				<Icon>
					<href>https://earth.google.com/earth/document/icon?color=f57c00<![CDATA[&]]>id=2202<![CDATA[&]]>scale=4</href>
				</Icon>
				<hotSpot x="64" y="128" xunits="pixels" yunits="insetPixels"></hotSpot>
			</IconStyle>
			<LabelStyle>
			</LabelStyle>
			<LineStyle>
				<color>ff2dc0fb</color>
				<width>4</width>
			</LineStyle>
			<PolyStyle>
				<color>40ffffff</color>
			</PolyStyle>
			<BalloonStyle>
			</BalloonStyle>
		</Style>
	</gx:CascadingStyle><gx:CascadingStyle kml:id="__managed_style_134C2EA4D193D3D1AF1F4">
		<Style>
			<IconStyle>
				<Icon>
					<href>https://earth.google.com/earth/document/icon?color=ffa726<![CDATA[&]]>id=2058<![CDATA[&]]>scale=4</href>
				</Icon>
				<hotSpot x="64" y="128" xunits="pixels" yunits="insetPixels"></hotSpot>
			</IconStyle>
			<LabelStyle>
			</LabelStyle>
			<LineStyle>
				<color>ff2dc0fb</color>
				<width>4</width>
			</LineStyle>
			<PolyStyle>
				<color>40ffffff</color>
			</PolyStyle>
			<BalloonStyle>
			</BalloonStyle>
		</Style>
	</gx:CascadingStyle><gx:CascadingStyle kml:id="__managed_style_0F3A3ADF083D3D1AF1EE">
		<Style>
			<IconStyle>
				<scale>1.8</scale>
				<Icon>
					<href>https://earth.google.com/earth/document/icon?color=fbc02d<![CDATA[&]]>id=2000<![CDATA[&]]>scale=4</href>
				</Icon>
				<hotSpot x="64" y="128" xunits="pixels" yunits="insetPixels"></hotSpot>
			</IconStyle>
			<LabelStyle>
				<scale>2</scale>
			</LabelStyle>
			<LineStyle>
				<color>ff2dc0fb</color>
				<width>6</width>
			</LineStyle>
			<PolyStyle>
				<color>40ffffff</color>
			</PolyStyle>
			<BalloonStyle>
			</BalloonStyle>
		</Style>
	</gx:CascadingStyle><gx:CascadingStyle kml:id="__managed_style_D32546B8FC3D3D1AF1F4">
		<styleUrl>https://earth.google.com/balloon_components/base/1.1.0.0/card_template.kml#main</styleUrl>
		<Style>
			<IconStyle>
				<scale>1.5</scale>
				<Icon>
					<href>https://earth.google.com/earth/document/icon?color=d32f2f<![CDATA[&]]>id=2396<![CDATA[&]]>scale=4</href>
				</Icon>
				<hotSpot x="64" y="128" xunits="pixels" yunits="insetPixels"></hotSpot>
			</IconStyle>
			<LabelStyle>
			</LabelStyle>
			<LineStyle>
				<color>ff2dc0fb</color>
				<width>4</width>
			</LineStyle>
			<PolyStyle>
				<color>40ffffff</color>
			</PolyStyle>
			<BalloonStyle>
			</BalloonStyle>
		</Style>
	</gx:CascadingStyle><gx:CascadingStyle kml:id="__managed_style_5A21FFC8263D3D1AF223">
		<Style>
			<IconStyle>
				<scale>1.2</scale>
				<Icon>
					<href>https://earth.google.com/earth/document/icon?color=f57c00<![CDATA[&]]>id=2058<![CDATA[&]]>scale=4</href>
				</Icon>
				<hotSpot x="64" y="128" xunits="pixels" yunits="insetPixels"></hotSpot>
			</IconStyle>
			<LabelStyle>
			</LabelStyle>
			<LineStyle>
				<color>ff2dc0fb</color>
				<width>6</width>
			</LineStyle>
			<PolyStyle>
				<color>40ffffff</color>
			</PolyStyle>
			<BalloonStyle>
			</BalloonStyle>
		</Style>
	</gx:CascadingStyle><gx:CascadingStyle kml:id="__managed_style_2012314F493D3D1AF1EE">
		<Style>
			<IconStyle>
				<Icon>
					<href>https://earth.google.com/earth/document/icon?color=1976d2<![CDATA[&]]>id=2396<![CDATA[&]]>scale=4</href>
				</Icon>
				<hotSpot x="64" y="128" xunits="pixels" yunits="insetPixels"></hotSpot>
			</IconStyle>
			<LabelStyle>
			</LabelStyle>
			<LineStyle>
				<color>ff2dc0fb</color>
				<width>4</width>
			</LineStyle>
			<PolyStyle>
				<color>40ffffff</color>
			</PolyStyle>
			<BalloonStyle>
			</BalloonStyle>
		</Style>
	</gx:CascadingStyle><gx:CascadingStyle kml:id="__managed_style_76D5DBF92A3D3D1AF22C">
		<Style>
			<IconStyle>
				<Icon>
					<href>https://earth.google.com/earth/document/icon?color=1976d2<![CDATA[&]]>id=2000<![CDATA[&]]>scale=4</href>
				</Icon>
				<hotSpot x="64" y="128" xunits="pixels" yunits="insetPixels"></hotSpot>
			</IconStyle>
			<LabelStyle>
			</LabelStyle>
			<LineStyle>
				<color>ff2f2fd3</color>
				<width>12</width>
			</LineStyle>
			<PolyStyle>
				<color>40ffffff</color>
			</PolyStyle>
			<BalloonStyle>
			</BalloonStyle>
		</Style>
	</gx:CascadingStyle><gx:CascadingStyle kml:id="__managed_style_4210AF21923D3D1AF221">
		<Style>
			<IconStyle>
				<Icon>
					<href>https://earth.google.com/earth/document/icon?color=1976d2<![CDATA[&]]>id=2000<![CDATA[&]]>scale=4</href>
				</Icon>
				<hotSpot x="64" y="128" xunits="pixels" yunits="insetPixels"></hotSpot>
			</IconStyle>
			<LabelStyle>
			</LabelStyle>
			<LineStyle>
				<color>ff2f2fd3</color>
				<width>8</width>
			</LineStyle>
			<PolyStyle>
				<color>40ffffff</color>
			</PolyStyle>
			<BalloonStyle>
			</BalloonStyle>
		</Style>
	</gx:CascadingStyle><gx:CascadingStyle kml:id="__managed_style_25599DB3663D3D1AF220">
		<Style>
			<IconStyle>
				<scale>1.5</scale>
				<Icon>
					<href>https://earth.google.com/earth/document/icon?color=ef5350<![CDATA[&]]>id=2202<![CDATA[&]]>scale=4</href>
				</Icon>
				<hotSpot x="64" y="128" xunits="pixels" yunits="insetPixels"></hotSpot>
			</IconStyle>
			<LabelStyle>
			</LabelStyle>
			<LineStyle>
				<color>ff2dc0fb</color>
				<width>4</width>
			</LineStyle>
			<PolyStyle>
				<color>40ffffff</color>
			</PolyStyle>
			<BalloonStyle>
			</BalloonStyle>
		</Style>
	</gx:CascadingStyle><gx:CascadingStyle kml:id="__managed_style_338EA8EB383D3D1AF21F">
		<Style>
			<IconStyle>
				<scale>1.8</scale>
				<Icon>
					<href>https://earth.google.com/earth/document/icon?color=ab47bc<![CDATA[&]]>id=2108<![CDATA[&]]>scale=4</href>
				</Icon>
				<hotSpot x="64" y="128" xunits="pixels" yunits="insetPixels"></hotSpot>
			</IconStyle>
			<LabelStyle>
			</LabelStyle>
			<LineStyle>
				<color>ff2dc0fb</color>
				<width>6</width>
			</LineStyle>
			<PolyStyle>
				<color>40ffffff</color>
			</PolyStyle>
			<BalloonStyle>
			</BalloonStyle>
		</Style>
	</gx:CascadingStyle><gx:CascadingStyle kml:id="__managed_style_E9D7E843733D3D1AF1F4">
		<styleUrl>https://earth.google.com/balloon_components/base/1.1.0.0/card_template.kml#main</styleUrl>
		<Style>
			<IconStyle>
				<scale>1.8</scale>
				<Icon>
					<href>https://earth.google.com/earth/document/icon?color=d32f2f<![CDATA[&]]>id=2396<![CDATA[&]]>scale=4</href>
				</Icon>
				<hotSpot x="64" y="128" xunits="pixels" yunits="insetPixels"></hotSpot>
			</IconStyle>
			<LabelStyle>
			</LabelStyle>
			<LineStyle>
				<color>ff2dc0fb</color>
				<width>6</width>
			</LineStyle>
			<PolyStyle>
				<color>40ffffff</color>
			</PolyStyle>
			<BalloonStyle>
			</BalloonStyle>
		</Style>
	</gx:CascadingStyle><gx:CascadingStyle kml:id="__managed_style_7A4058F1C23D3D1AF1FB">
		<styleUrl>https://earth.google.com/balloon_components/base/1.1.0.0/card_template.kml#main</styleUrl>
		<Style>
			<IconStyle>
				<scale>1.5</scale>
				<Icon>
					<href>https://earth.google.com/earth/document/icon?color=303f9f<![CDATA[&]]>id=2002<![CDATA[&]]>scale=4</href>
				</Icon>
				<hotSpot x="64" y="128" xunits="pixels" yunits="insetPixels"></hotSpot>
			</IconStyle>
			<LabelStyle>
			</LabelStyle>
			<LineStyle>
				<color>ff2dc0fb</color>
				<width>4</width>
			</LineStyle>
			<PolyStyle>
				<color>40ffffff</color>
			</PolyStyle>
			<BalloonStyle>
			</BalloonStyle>
		</Style>
	</gx:CascadingStyle><gx:CascadingStyle kml:id="__managed_style_6381C8F87C3D3D1AF1F8">
		<Style>
			<IconStyle>
				<scale>1.2</scale>
				<Icon>
					<href>https://earth.google.com/earth/document/icon?color=7b1fa2<![CDATA[&]]>id=2000<![CDATA[&]]>scale=4</href>
				</Icon>
				<hotSpot x="64" y="128" xunits="pixels" yunits="insetPixels"></hotSpot>
			</IconStyle>
			<LabelStyle>
			</LabelStyle>
			<LineStyle>
				<color>ff2dc0fb</color>
				<width>6</width>
			</LineStyle>
			<PolyStyle>
				<color>40ffffff</color>
			</PolyStyle>
			<BalloonStyle>
			</BalloonStyle>
		</Style>
	</gx:CascadingStyle><gx:CascadingStyle kml:id="__managed_style_4EE78518773D3D1AF1FB">
		<Style>
			<IconStyle>
				<Icon>
					<href>https://earth.google.com/earth/document/icon?color=1976d2<![CDATA[&]]>id=2000<![CDATA[&]]>scale=4</href>
				</Icon>
				<hotSpot x="64" y="128" xunits="pixels" yunits="insetPixels"></hotSpot>
			</IconStyle>
			<LabelStyle>
			</LabelStyle>
			<LineStyle>
				<color>ff0cff00</color>
				<width>4</width>
			</LineStyle>
			<PolyStyle>
				<color>40ffffff</color>
			</PolyStyle>
			<BalloonStyle>
			</BalloonStyle>
		</Style>
	</gx:CascadingStyle><gx:CascadingStyle kml:id="__managed_style_B65BF29CDC3D3D1AF1F4">
		<Style>
			<IconStyle>
				<scale>1.8</scale>
				<Icon>
					<href>https://earth.google.com/earth/document/icon?color=d32f2f<![CDATA[&]]>id=2396<![CDATA[&]]>scale=4</href>
				</Icon>
				<hotSpot x="64" y="128" xunits="pixels" yunits="insetPixels"></hotSpot>
			</IconStyle>
			<LabelStyle>
			</LabelStyle>
			<LineStyle>
				<color>ff2dc0fb</color>
				<width>6</width>
			</LineStyle>
			<PolyStyle>
				<color>40ffffff</color>
			</PolyStyle>
			<BalloonStyle>
			</BalloonStyle>
		</Style>
	</gx:CascadingStyle><gx:CascadingStyle kml:id="__managed_style_A1483F13CE3D3D1AF1F4">
		<Style>
			<IconStyle>
				<scale>1.5</scale>
				<Icon>
					<href>https://earth.google.com/earth/document/icon?color=d32f2f<![CDATA[&]]>id=2396<![CDATA[&]]>scale=4</href>
				</Icon>
				<hotSpot x="64" y="128" xunits="pixels" yunits="insetPixels"></hotSpot>
			</IconStyle>
			<LabelStyle>
			</LabelStyle>
			<LineStyle>
				<color>ff2dc0fb</color>
				<width>4</width>
			</LineStyle>
			<PolyStyle>
				<color>40ffffff</color>
			</PolyStyle>
			<BalloonStyle>
			</BalloonStyle>
		</Style>
	</gx:CascadingStyle><gx:CascadingStyle kml:id="__managed_style_46E755EF603D3D1AF1F6">
		<Style>
			<IconStyle>
				<Icon>
					<href>https://earth.google.com/earth/document/icon?color=388e3c<![CDATA[&]]>id=2058<![CDATA[&]]>scale=4</href>
				</Icon>
				<hotSpot x="64" y="128" xunits="pixels" yunits="insetPixels"></hotSpot>
			</IconStyle>
			<LabelStyle>
			</LabelStyle>
			<LineStyle>
				<color>ff2dc0fb</color>
				<width>4</width>
			</LineStyle>
			<PolyStyle>
				<color>40ffffff</color>
			</PolyStyle>
			<BalloonStyle>
			</BalloonStyle>
		</Style>
	</gx:CascadingStyle><gx:CascadingStyle kml:id="__managed_style_5EDEC4217C3D3D1AF1F4">
		<Style>
			<IconStyle>
				<scale>1.2</scale>
				<Icon>
					<href>https://earth.google.com/earth/document/icon?color=ab47bc<![CDATA[&]]>id=2000<![CDATA[&]]>scale=4</href>
				</Icon>
				<hotSpot x="64" y="128" xunits="pixels" yunits="insetPixels"></hotSpot>
			</IconStyle>
			<LabelStyle>
			</LabelStyle>
			<LineStyle>
				<color>ff2dc0fb</color>
				<width>6</width>
			</LineStyle>
			<PolyStyle>
				<color>40ffffff</color>
			</PolyStyle>
			<BalloonStyle>
			</BalloonStyle>
		</Style>
	</gx:CascadingStyle><gx:CascadingStyle kml:id="__managed_style_524D2E7CBF3D3D1AF203">
		<styleUrl>https://earth.google.com/balloon_components/base/1.1.0.0/card_template.kml#main</styleUrl>
		<Style>
			<IconStyle>
				<scale>1.2</scale>
				<Icon>
					<href>https://earth.google.com/earth/document/icon?color=d32f2f<![CDATA[&]]>id=2002<![CDATA[&]]>scale=4</href>
				</Icon>
				<hotSpot x="64" y="128" xunits="pixels" yunits="insetPixels"></hotSpot>
			</IconStyle>
			<LabelStyle>
			</LabelStyle>
			<LineStyle>
				<color>ff2dc0fb</color>
				<width>6</width>
			</LineStyle>
			<PolyStyle>
				<color>40ffffff</color>
			</PolyStyle>
			<BalloonStyle>
			</BalloonStyle>
		</Style>
	</gx:CascadingStyle><gx:CascadingStyle kml:id="__managed_style_404B1D88D23D3D1AF1F4">
		<Style>
			<IconStyle>
				<Icon>
					<href>https://earth.google.com/earth/document/icon?color=ab47bc<![CDATA[&]]>id=2000<![CDATA[&]]>scale=4</href>
				</Icon>
				<hotSpot x="64" y="128" xunits="pixels" yunits="insetPixels"></hotSpot>
			</IconStyle>
			<LabelStyle>
			</LabelStyle>
			<LineStyle>
				<color>ff2dc0fb</color>
				<width>4</width>
			</LineStyle>
			<PolyStyle>
				<color>40ffffff</color>
			</PolyStyle>
			<BalloonStyle>
			</BalloonStyle>
		</Style>
	</gx:CascadingStyle><gx:CascadingStyle kml:id="__managed_style_3A724576F83D3D1AF1E8">
		<Style>
			<IconStyle>
				<scale>1.8</scale>
				<Icon>
					<href>https://earth.google.com/earth/document/icon?color=1976d2<![CDATA[&]]>id=2211<![CDATA[&]]>scale=4</href>
				</Icon>
				<hotSpot x="64" y="128" xunits="pixels" yunits="insetPixels"></hotSpot>
			</IconStyle>
			<LabelStyle>
				<color>fff5a542</color>
			</LabelStyle>
			<LineStyle>
				<color>ff2dc0fb</color>
				<width>6</width>
			</LineStyle>
			<PolyStyle>
				<color>40ffffff</color>
			</PolyStyle>
			<BalloonStyle>
				<gx:displayMode>card</gx:displayMode>
			</BalloonStyle>
		</Style>
	</gx:CascadingStyle><gx:CascadingStyle kml:id="__managed_style_5CE79808953D3D1AF1F9">
		<Style>
			<IconStyle>
				<scale>1.5</scale>
				<Icon>
					<href>https://earth.google.com/earth/document/icon?color=f57c00<![CDATA[&]]>id=2202<![CDATA[&]]>scale=4</href>
				</Icon>
				<hotSpot x="64" y="128" xunits="pixels" yunits="insetPixels"></hotSpot>
			</IconStyle>
			<LabelStyle>
			</LabelStyle>
			<LineStyle>
				<color>ff2dc0fb</color>
				<width>4</width>
			</LineStyle>
			<PolyStyle>
				<color>40ffffff</color>
			</PolyStyle>
			<BalloonStyle>
			</BalloonStyle>
		</Style>
	</gx:CascadingStyle><gx:CascadingStyle kml:id="__managed_style_1588DFA7BD3D3D1AF1EC">
		<Style>
			<IconStyle>
				<Icon>
					<href>https://earth.google.com/earth/document/icon?color=388e3c<![CDATA[&]]>id=2096<![CDATA[&]]>scale=4</href>
				</Icon>
				<hotSpot x="64" y="128" xunits="pixels" yunits="insetPixels"></hotSpot>
			</IconStyle>
			<LabelStyle>
			</LabelStyle>
			<LineStyle>
				<color>ff2dc0fb</color>
				<width>4</width>
			</LineStyle>
			<PolyStyle>
				<color>40ffffff</color>
			</PolyStyle>
			<BalloonStyle>
			</BalloonStyle>
		</Style>
	</gx:CascadingStyle><gx:CascadingStyle kml:id="__managed_style_26AAD78B753D3D1AF1F4">
		<styleUrl>https://earth.google.com/balloon_components/base/1.1.0.0/card_template.kml#main</styleUrl>
		<Style>
			<IconStyle>
				<scale>1.2</scale>
				<Icon>
					<href>https://earth.google.com/earth/document/icon?color=388e3c<![CDATA[&]]>id=2058<![CDATA[&]]>scale=4</href>
				</Icon>
				<hotSpot x="64" y="128" xunits="pixels" yunits="insetPixels"></hotSpot>
			</IconStyle>
			<LabelStyle>
			</LabelStyle>
			<LineStyle>
				<color>ff2dc0fb</color>
				<width>6</width>
			</LineStyle>
			<PolyStyle>
				<color>40ffffff</color>
			</PolyStyle>
			<BalloonStyle>
			</BalloonStyle>
		</Style>
	</gx:CascadingStyle><gx:CascadingStyle kml:id="__managed_style_338D7D22B73D3D1AF1FC">
		<styleUrl>https://earth.google.com/balloon_components/base/1.1.0.0/card_template.kml#main</styleUrl>
		<Style>
			<IconStyle>
				<scale>1.2</scale>
				<Icon>
					<href>https://earth.google.com/earth/document/icon?color=66bb6a<![CDATA[&]]>id=2002<![CDATA[&]]>scale=4</href>
				</Icon>
				<hotSpot x="64" y="128" xunits="pixels" yunits="insetPixels"></hotSpot>
			</IconStyle>
			<LabelStyle>
			</LabelStyle>
			<LineStyle>
				<color>ff2dc0fb</color>
				<width>6</width>
			</LineStyle>
			<PolyStyle>
				<color>40ffffff</color>
			</PolyStyle>
			<BalloonStyle>
			</BalloonStyle>
		</Style>
	</gx:CascadingStyle><gx:CascadingStyle kml:id="__managed_style_1D2FAA04AF3D3D1AF1F4">
		<styleUrl>https://earth.google.com/balloon_components/base/1.1.0.0/card_template.kml#main</styleUrl>
		<Style>
			<IconStyle>
				<Icon>
					<href>https://earth.google.com/earth/document/icon?color=388e3c<![CDATA[&]]>id=2058<![CDATA[&]]>scale=4</href>
				</Icon>
				<hotSpot x="64" y="128" xunits="pixels" yunits="insetPixels"></hotSpot>
			</IconStyle>
			<LabelStyle>
			</LabelStyle>
			<LineStyle>
				<color>ff2dc0fb</color>
				<width>4</width>
			</LineStyle>
			<PolyStyle>
				<color>40ffffff</color>
			</PolyStyle>
			<BalloonStyle>
			</BalloonStyle>
		</Style>
	</gx:CascadingStyle><gx:CascadingStyle kml:id="__managed_style_0EA4C9A8383D3D1AF1F8">
		<Style>
			<IconStyle>
				<scale>1.2</scale>
				<Icon>
					<href>https://earth.google.com/earth/document/icon?color=66bb6a<![CDATA[&]]>id=2058<![CDATA[&]]>scale=4</href>
				</Icon>
				<hotSpot x="64" y="128" xunits="pixels" yunits="insetPixels"></hotSpot>
			</IconStyle>
			<LabelStyle>
			</LabelStyle>
			<LineStyle>
				<color>ff2dc0fb</color>
				<width>6</width>
			</LineStyle>
			<PolyStyle>
				<color>40ffffff</color>
			</PolyStyle>
			<BalloonStyle>
			</BalloonStyle>
		</Style>
	</gx:CascadingStyle><gx:CascadingStyle kml:id="__managed_style_811D365BBE3D3D1AF224">
		<Style>
			<IconStyle>
				<scale>1.2</scale>
				<Icon>
					<href>https://earth.google.com/earth/document/icon?color=1976d2<![CDATA[&]]>id=2000<![CDATA[&]]>scale=4</href>
				</Icon>
				<hotSpot x="64" y="128" xunits="pixels" yunits="insetPixels"></hotSpot>
			</IconStyle>
			<LabelStyle>
			</LabelStyle>
			<LineStyle>
				<color>ff5053ef</color>
				<width>18</width>
			</LineStyle>
			<PolyStyle>
				<color>40ffffff</color>
			</PolyStyle>
			<BalloonStyle>
			</BalloonStyle>
		</Style>
	</gx:CascadingStyle><gx:CascadingStyle kml:id="__managed_style_269FA21B693D3D1AF224">
		<Style>
			<IconStyle>
				<scale>1.2</scale>
				<Icon>
					<href>https://earth.google.com/earth/document/icon?color=1976d2<![CDATA[&]]>id=2000<![CDATA[&]]>scale=4</href>
				</Icon>
				<hotSpot x="64" y="128" xunits="pixels" yunits="insetPixels"></hotSpot>
			</IconStyle>
			<LabelStyle>
			</LabelStyle>
			<LineStyle>
				<color>ff2f2fd3</color>
				<width>36</width>
			</LineStyle>
			<PolyStyle>
				<color>40ffffff</color>
			</PolyStyle>
			<BalloonStyle>
			</BalloonStyle>
		</Style>
	</gx:CascadingStyle><gx:CascadingStyle kml:id="__managed_style_13428079703D3D1AF1F3">
		<Style>
			<IconStyle>
				<scale>1.5</scale>
				<Icon>
					<href>https://earth.google.com/earth/document/icon?color=00796b<![CDATA[&]]>id=2002<![CDATA[&]]>scale=4</href>
				</Icon>
				<hotSpot x="64" y="128" xunits="pixels" yunits="insetPixels"></hotSpot>
			</IconStyle>
			<LabelStyle>
			</LabelStyle>
			<LineStyle>
				<color>ff2dc0fb</color>
				<width>4</width>
			</LineStyle>
			<PolyStyle>
				<color>40ffffff</color>
			</PolyStyle>
			<BalloonStyle>
			</BalloonStyle>
		</Style>
	</gx:CascadingStyle><gx:CascadingStyle kml:id="__managed_style_9B8464135A3D3D1AF1F1">
		<Style>
			<IconStyle>
				<scale>1.8</scale>
				<Icon>
					<href>https://earth.google.com/earth/document/icon?color=388e3c<![CDATA[&]]>id=2002<![CDATA[&]]>scale=4</href>
				</Icon>
				<hotSpot x="64" y="128" xunits="pixels" yunits="insetPixels"></hotSpot>
			</IconStyle>
			<LabelStyle>
			</LabelStyle>
			<LineStyle>
				<color>ff2dc0fb</color>
				<width>6</width>
			</LineStyle>
			<PolyStyle>
				<color>40ffffff</color>
			</PolyStyle>
			<BalloonStyle>
			</BalloonStyle>
		</Style>
	</gx:CascadingStyle><gx:CascadingStyle kml:id="__managed_style_82B50881CA3D3D1AF1F1">
		<Style>
			<IconStyle>
				<scale>1.5</scale>
				<Icon>
					<href>https://earth.google.com/earth/document/icon?color=388e3c<![CDATA[&]]>id=2002<![CDATA[&]]>scale=4</href>
				</Icon>
				<hotSpot x="64" y="128" xunits="pixels" yunits="insetPixels"></hotSpot>
			</IconStyle>
			<LabelStyle>
			</LabelStyle>
			<LineStyle>
				<color>ff2dc0fb</color>
				<width>4</width>
			</LineStyle>
			<PolyStyle>
				<color>40ffffff</color>
			</PolyStyle>
			<BalloonStyle>
			</BalloonStyle>
		</Style>
	</gx:CascadingStyle><gx:CascadingStyle kml:id="__managed_style_2C545287743D3D1AF228">
		<Style>
			<IconStyle>
				<scale>1.2</scale>
				<Icon>
					<href>https://earth.google.com/earth/document/icon?color=1976d2<![CDATA[&]]>id=2000<![CDATA[&]]>scale=4</href>
				</Icon>
				<hotSpot x="64" y="128" xunits="pixels" yunits="insetPixels"></hotSpot>
			</IconStyle>
			<LabelStyle>
			</LabelStyle>
			<LineStyle>
				<color>ffc06b5c</color>
				<width>6</width>
			</LineStyle>
			<PolyStyle>
				<color>40ffffff</color>
			</PolyStyle>
			<BalloonStyle>
			</BalloonStyle>
		</Style>
	</gx:CascadingStyle><gx:CascadingStyle kml:id="__managed_style_2A5C1983D23D3D1AF21E">
		<Style>
			<IconStyle>
				<scale>1.8</scale>
				<Icon>
					<href>https://earth.google.com/earth/document/icon?color=d32f2f<![CDATA[&]]>id=2124<![CDATA[&]]>scale=4</href>
				</Icon>
				<hotSpot x="64" y="128" xunits="pixels" yunits="insetPixels"></hotSpot>
			</IconStyle>
			<LabelStyle>
				<color>ff2f2fd3</color>
			</LabelStyle>
			<LineStyle>
				<color>ff2dc0fb</color>
				<width>6</width>
			</LineStyle>
			<PolyStyle>
				<color>40ffffff</color>
			</PolyStyle>
			<BalloonStyle>
				<displayMode>hide</displayMode>
			</BalloonStyle>
		</Style>
	</gx:CascadingStyle><gx:CascadingStyle kml:id="__managed_style_BD2A77A5603D3D1AF224">
		<Style>
			<IconStyle>
				<scale>1.2</scale>
				<Icon>
					<href>https://earth.google.com/earth/document/icon?color=1976d2<![CDATA[&]]>id=2000<![CDATA[&]]>scale=4</href>
				</Icon>
				<hotSpot x="64" y="128" xunits="pixels" yunits="insetPixels"></hotSpot>
			</IconStyle>
			<LabelStyle>
			</LabelStyle>
			<LineStyle>
				<color>ff2dc0fb</color>
				<width>6</width>
			</LineStyle>
			<PolyStyle>
				<color>402f2fd3</color>
			</PolyStyle>
			<BalloonStyle>
			</BalloonStyle>
		</Style>
	</gx:CascadingStyle><gx:CascadingStyle kml:id="__managed_style_3F5530E5B13D3D1AF1F1">
		<Style>
			<IconStyle>
				<scale>1.2</scale>
				<Icon>
					<href>https://earth.google.com/earth/document/icon?color=1976d2<![CDATA[&]]>id=2000<![CDATA[&]]>scale=4</href>
				</Icon>
				<hotSpot x="64" y="128" xunits="pixels" yunits="insetPixels"></hotSpot>
			</IconStyle>
			<LabelStyle>
			</LabelStyle>
			<LineStyle>
				<color>ff2f2fd3</color>
				<width>6</width>
			</LineStyle>
			<PolyStyle>
				<color>40ffffff</color>
			</PolyStyle>
			<BalloonStyle>
			</BalloonStyle>
		</Style>
	</gx:CascadingStyle><gx:CascadingStyle kml:id="__managed_style_25B2116DA33D3D1AF22C">
		<Style>
			<IconStyle>
				<scale>0.9</scale>
				<Icon>
					<href>https://earth.google.com/earth/document/icon?color=fbc02d<![CDATA[&]]>id=2000<![CDATA[&]]>scale=4</href>
				</Icon>
				<hotSpot x="64" y="128" xunits="pixels" yunits="insetPixels"></hotSpot>
			</IconStyle>
			<LabelStyle>
			</LabelStyle>
			<LineStyle>
				<color>ff2dc0fb</color>
				<width>6</width>
			</LineStyle>
			<PolyStyle>
				<color>40ffffff</color>
			</PolyStyle>
			<BalloonStyle>
				<text><![CDATA[<!DOCTYPE html>]]>
<![CDATA[<html>]]>
<![CDATA[  <head></head>]]>
<![CDATA[  <body></body>]]>
<![CDATA[</html>]]></text>
			</BalloonStyle>
		</Style>
	</gx:CascadingStyle><gx:CascadingStyle kml:id="__managed_style_4A2A8B6D6B3D3D1AF224">
		<Style>
			<IconStyle>
				<Icon>
					<href>https://earth.google.com/earth/document/icon?color=1976d2<![CDATA[&]]>id=2000<![CDATA[&]]>scale=4</href>
				</Icon>
				<hotSpot x="64" y="128" xunits="pixels" yunits="insetPixels"></hotSpot>
			</IconStyle>
			<LabelStyle>
			</LabelStyle>
			<LineStyle>
				<color>ff5053ef</color>
				<width>16</width>
			</LineStyle>
			<PolyStyle>
				<color>40ffffff</color>
			</PolyStyle>
			<BalloonStyle>
			</BalloonStyle>
		</Style>
	</gx:CascadingStyle><gx:CascadingStyle kml:id="__managed_style_AB7F794FB83D3D1AF228">
		<Style>
			<IconStyle>
				<Icon>
					<href>https://earth.google.com/earth/document/icon?color=1976d2<![CDATA[&]]>id=2000<![CDATA[&]]>scale=4</href>
				</Icon>
				<hotSpot x="64" y="128" xunits="pixels" yunits="insetPixels"></hotSpot>
			</IconStyle>
			<LabelStyle>
			</LabelStyle>
			<LineStyle>
				<color>ff2dc0fb</color>
				<width>4</width>
			</LineStyle>
			<PolyStyle>
				<color>00ffffff</color>
			</PolyStyle>
			<BalloonStyle>
			</BalloonStyle>
		</Style>
	</gx:CascadingStyle><gx:CascadingStyle kml:id="__managed_style_1D99A3B2A83D3D1AF22C">
		<Style>
			<IconStyle>
				<scale>0.75</scale>
				<Icon>
					<href>https://earth.google.com/earth/document/icon?color=fbc02d<![CDATA[&]]>id=2000<![CDATA[&]]>scale=4</href>
				</Icon>
				<hotSpot x="64" y="128" xunits="pixels" yunits="insetPixels"></hotSpot>
			</IconStyle>
			<LabelStyle>
			</LabelStyle>
			<LineStyle>
				<color>ff2dc0fb</color>
				<width>4</width>
			</LineStyle>
			<PolyStyle>
				<color>40ffffff</color>
			</PolyStyle>
			<BalloonStyle>
				<text><![CDATA[<!DOCTYPE html>]]>
<![CDATA[<html>]]>
<![CDATA[  <head></head>]]>
<![CDATA[  <body></body>]]>
<![CDATA[</html>]]></text>
			</BalloonStyle>
		</Style>
	</gx:CascadingStyle><gx:CascadingStyle kml:id="__managed_style_2AE680DF793D3D1AF1FC">
		<styleUrl>https://earth.google.com/balloon_components/base/1.1.0.0/card_template.kml#main</styleUrl>
		<Style>
			<IconStyle>
				<Icon>
					<href>https://earth.google.com/earth/document/icon?color=66bb6a<![CDATA[&]]>id=2002<![CDATA[&]]>scale=4</href>
				</Icon>
				<hotSpot x="64" y="128" xunits="pixels" yunits="insetPixels"></hotSpot>
			</IconStyle>
			<LabelStyle>
			</LabelStyle>
			<LineStyle>
				<color>ff2dc0fb</color>
				<width>4</width>
			</LineStyle>
			<PolyStyle>
				<color>40ffffff</color>
			</PolyStyle>
			<BalloonStyle>
			</BalloonStyle>
		</Style>
	</gx:CascadingStyle><gx:CascadingStyle kml:id="__managed_style_7003BE5F793D3D1AF228">
		<Style>
			<IconStyle>
				<Icon>
					<href>https://earth.google.com/earth/document/icon?color=1976d2<![CDATA[&]]>id=2000<![CDATA[&]]>scale=4</href>
				</Icon>
				<hotSpot x="64" y="128" xunits="pixels" yunits="insetPixels"></hotSpot>
			</IconStyle>
			<LabelStyle>
			</LabelStyle>
			<LineStyle>
				<color>ffa21f7b</color>
				<width>4</width>
			</LineStyle>
			<PolyStyle>
				<color>40ffffff</color>
			</PolyStyle>
			<BalloonStyle>
			</BalloonStyle>
		</Style>
	</gx:CascadingStyle><gx:CascadingStyle kml:id="__managed_style_2EEA98BA333D3D1AF1F3">
		<Style>
			<IconStyle>
				<scale>1.8</scale>
				<Icon>
					<href>https://earth.google.com/earth/document/icon?color=00796b<![CDATA[&]]>id=2002<![CDATA[&]]>scale=4</href>
				</Icon>
				<hotSpot x="64" y="128" xunits="pixels" yunits="insetPixels"></hotSpot>
			</IconStyle>
			<LabelStyle>
			</LabelStyle>
			<LineStyle>
				<color>ff2dc0fb</color>
				<width>6</width>
			</LineStyle>
			<PolyStyle>
				<color>40ffffff</color>
			</PolyStyle>
			<BalloonStyle>
			</BalloonStyle>
		</Style>
	</gx:CascadingStyle><gx:CascadingStyle kml:id="__managed_style_0B3DE864553D3D1AF21F">
		<Style>
			<IconStyle>
				<scale>1.2</scale>
				<Icon>
					<href>https://earth.google.com/earth/document/icon?color=000000<![CDATA[&]]>id=2002<![CDATA[&]]>scale=4</href>
				</Icon>
				<hotSpot x="64" y="128" xunits="pixels" yunits="insetPixels"></hotSpot>
			</IconStyle>
			<LabelStyle>
			</LabelStyle>
			<LineStyle>
				<color>ff2dc0fb</color>
				<width>6</width>
			</LineStyle>
			<PolyStyle>
				<color>40ffffff</color>
			</PolyStyle>
			<BalloonStyle>
			</BalloonStyle>
		</Style>
	</gx:CascadingStyle><gx:CascadingStyle kml:id="__managed_style_27BB4788FB3D3D1AF1F0">
		<styleUrl>https://earth.google.com/balloon_components/base/1.1.0.0/card_template.kml#main</styleUrl>
		<Style>
			<IconStyle>
				<scale>2.4</scale>
				<Icon>
					<href>https://earth.google.com/earth/document/icon?color=fbc02d<![CDATA[&]]>id=2000<![CDATA[&]]>scale=4</href>
				</Icon>
				<hotSpot x="64" y="128" xunits="pixels" yunits="insetPixels"></hotSpot>
			</IconStyle>
			<LabelStyle>
				<scale>2</scale>
			</LabelStyle>
			<LineStyle>
				<color>ff2dc0fb</color>
				<width>6</width>
			</LineStyle>
			<PolyStyle>
				<color>40ffffff</color>
			</PolyStyle>
			<BalloonStyle>
			</BalloonStyle>
		</Style>
	</gx:CascadingStyle><gx:CascadingStyle kml:id="__managed_style_28624D1A353D3D1AF1FB">
		<Style>
			<IconStyle>
				<scale>1.2</scale>
				<Icon>
					<href>https://earth.google.com/earth/document/icon?color=f57c00<![CDATA[&]]>id=2202<![CDATA[&]]>scale=4</href>
				</Icon>
				<hotSpot x="64" y="128" xunits="pixels" yunits="insetPixels"></hotSpot>
			</IconStyle>
			<LabelStyle>
			</LabelStyle>
			<LineStyle>
				<color>ff2dc0fb</color>
				<width>6</width>
			</LineStyle>
			<PolyStyle>
				<color>40ffffff</color>
			</PolyStyle>
			<BalloonStyle>
			</BalloonStyle>
		</Style>
	</gx:CascadingStyle><gx:CascadingStyle kml:id="__managed_style_5DCA7090A43D3D1AF1F6">
		<Style>
			<IconStyle>
				<scale>1.2</scale>
				<Icon>
					<href>https://earth.google.com/earth/document/icon?color=388e3c<![CDATA[&]]>id=2058<![CDATA[&]]>scale=4</href>
				</Icon>
				<hotSpot x="64" y="128" xunits="pixels" yunits="insetPixels"></hotSpot>
			</IconStyle>
			<LabelStyle>
			</LabelStyle>
			<LineStyle>
				<color>ff2dc0fb</color>
				<width>6</width>
			</LineStyle>
			<PolyStyle>
				<color>40ffffff</color>
			</PolyStyle>
			<BalloonStyle>
			</BalloonStyle>
		</Style>
	</gx:CascadingStyle><gx:CascadingStyle kml:id="__managed_style_4558471DBB3D3D1AF1E4">
		<Style>
			<IconStyle>
				<scale>1.5</scale>
				<Icon>
					<href>https://earth.google.com/earth/document/icon?color=26a69a<![CDATA[&]]>id=2157<![CDATA[&]]>scale=4</href>
				</Icon>
				<hotSpot x="64" y="128" xunits="pixels" yunits="insetPixels"></hotSpot>
			</IconStyle>
			<LabelStyle>
				<color>ff9aa626</color>
			</LabelStyle>
			<LineStyle>
				<color>ff2dc0fb</color>
				<width>4</width>
			</LineStyle>
			<PolyStyle>
				<color>40ffffff</color>
			</PolyStyle>
			<BalloonStyle>
			</BalloonStyle>
		</Style>
	</gx:CascadingStyle><gx:CascadingStyle kml:id="__managed_style_50D8FC080A3D3D1AF21E">
		<Style>
			<IconStyle>
				<scale>1.8</scale>
				<Icon>
					<href>https://earth.google.com/earth/document/icon?color=00796b<![CDATA[&]]>id=2261<![CDATA[&]]>scale=4</href>
				</Icon>
				<hotSpot x="64" y="128" xunits="pixels" yunits="insetPixels"></hotSpot>
			</IconStyle>
			<LabelStyle>
				<color>ff6b7900</color>
			</LabelStyle>
			<LineStyle>
				<color>ff2dc0fb</color>
				<width>6</width>
			</LineStyle>
			<PolyStyle>
				<color>40ffffff</color>
			</PolyStyle>
			<BalloonStyle>
				<displayMode>hide</displayMode>
			</BalloonStyle>
		</Style>
	</gx:CascadingStyle><gx:CascadingStyle kml:id="__managed_style_AA6B55DC943D3D1AF224">
		<Style>
			<IconStyle>
				<Icon>
					<href>https://earth.google.com/earth/document/icon?color=1976d2<![CDATA[&]]>id=2000<![CDATA[&]]>scale=4</href>
				</Icon>
				<hotSpot x="64" y="128" xunits="pixels" yunits="insetPixels"></hotSpot>
			</IconStyle>
			<LabelStyle>
			</LabelStyle>
			<LineStyle>
				<color>ff2dc0fb</color>
				<width>4</width>
			</LineStyle>
			<PolyStyle>
				<color>402f2fd3</color>
			</PolyStyle>
			<BalloonStyle>
			</BalloonStyle>
		</Style>
	</gx:CascadingStyle><gx:CascadingStyle kml:id="__managed_style_5A5EFD7AC73D3D1AF208">
		<styleUrl>https://earth.google.com/balloon_components/base/1.1.0.0/card_template.kml#main</styleUrl>
		<Style>
			<IconStyle>
				<scale>1.8</scale>
				<Icon>
					<href>https://earth.google.com/earth/document/icon?color=ef5350<![CDATA[&]]>id=2002<![CDATA[&]]>scale=4</href>
				</Icon>
				<hotSpot x="64" y="128" xunits="pixels" yunits="insetPixels"></hotSpot>
			</IconStyle>
			<LabelStyle>
			</LabelStyle>
			<LineStyle>
				<color>ff2dc0fb</color>
				<width>6</width>
			</LineStyle>
			<PolyStyle>
				<color>40ffffff</color>
			</PolyStyle>
			<BalloonStyle>
			</BalloonStyle>
		</Style>
	</gx:CascadingStyle><gx:CascadingStyle kml:id="__managed_style_9D8A61D7653D3D1AF1FC">
		<styleUrl>https://earth.google.com/balloon_components/base/1.1.0.0/card_template.kml#main</styleUrl>
		<Style>
			<IconStyle>
				<scale>1.2</scale>
				<Icon>
					<href>https://earth.google.com/earth/document/icon?color=26a69a<![CDATA[&]]>id=2002<![CDATA[&]]>scale=4</href>
				</Icon>
				<hotSpot x="64" y="128" xunits="pixels" yunits="insetPixels"></hotSpot>
			</IconStyle>
			<LabelStyle>
			</LabelStyle>
			<LineStyle>
				<color>ff2dc0fb</color>
				<width>6</width>
			</LineStyle>
			<PolyStyle>
				<color>40ffffff</color>
			</PolyStyle>
			<BalloonStyle>
			</BalloonStyle>
		</Style>
	</gx:CascadingStyle><gx:CascadingStyle kml:id="__managed_style_5D96AE65A23D3D1AF221">
		<Style>
			<IconStyle>
				<scale>1.2</scale>
				<Icon>
					<href>https://earth.google.com/earth/document/icon?color=1976d2<![CDATA[&]]>id=2000<![CDATA[&]]>scale=4</href>
				</Icon>
				<hotSpot x="64" y="128" xunits="pixels" yunits="insetPixels"></hotSpot>
			</IconStyle>
			<LabelStyle>
			</LabelStyle>
			<LineStyle>
				<color>ff2f2fd3</color>
				<width>12</width>
			</LineStyle>
			<PolyStyle>
				<color>40ffffff</color>
			</PolyStyle>
			<BalloonStyle>
			</BalloonStyle>
		</Style>
	</gx:CascadingStyle><gx:CascadingStyle kml:id="__managed_style_520D7E4D2F3D3D1AF21C">
		<Style>
			<IconStyle>
				<scale>1.2</scale>
				<Icon>
					<href>https://earth.google.com/earth/document/icon?color=d32f2f<![CDATA[&]]>id=2124<![CDATA[&]]>scale=4</href>
				</Icon>
				<hotSpot x="64" y="128" xunits="pixels" yunits="insetPixels"></hotSpot>
			</IconStyle>
			<LabelStyle>
				<color>ff5053ef</color>
			</LabelStyle>
			<LineStyle>
				<color>ff2dc0fb</color>
				<width>6</width>
			</LineStyle>
			<PolyStyle>
				<color>40ffffff</color>
			</PolyStyle>
			<BalloonStyle>
				<displayMode>hide</displayMode>
			</BalloonStyle>
		</Style>
	</gx:CascadingStyle><gx:CascadingStyle kml:id="__managed_style_2840632BE83D3D1AF226">
		<Style>
			<IconStyle>
				<scale>1.2</scale>
				<Icon>
					<href>https://earth.google.com/earth/document/icon?color=1976d2<![CDATA[&]]>id=2000<![CDATA[&]]>scale=4</href>
				</Icon>
				<hotSpot x="64" y="128" xunits="pixels" yunits="insetPixels"></hotSpot>
			</IconStyle>
			<LabelStyle>
			</LabelStyle>
			<LineStyle>
				<color>ffc6f5c5</color>
				<width>6</width>
			</LineStyle>
			<PolyStyle>
				<color>40ffffff</color>
			</PolyStyle>
			<BalloonStyle>
			</BalloonStyle>
		</Style>
	</gx:CascadingStyle><gx:CascadingStyle kml:id="__managed_style_BE05591ED73D3D1AF1EC">
		<Style>
			<IconStyle>
				<scale>1.8</scale>
				<Icon>
					<href>https://earth.google.com/earth/document/icon?color=fbc02d<![CDATA[&]]>id=2000<![CDATA[&]]>scale=4</href>
				</Icon>
				<hotSpot x="64" y="128" xunits="pixels" yunits="insetPixels"></hotSpot>
			</IconStyle>
			<LabelStyle>
			</LabelStyle>
			<LineStyle>
				<color>ff2dc0fb</color>
				<width>6</width>
			</LineStyle>
			<PolyStyle>
				<color>40ffffff</color>
			</PolyStyle>
			<BalloonStyle>
			</BalloonStyle>
		</Style>
	</gx:CascadingStyle><gx:CascadingStyle kml:id="__managed_style_A86438717D3D3D1AF1EC">
		<Style>
			<IconStyle>
				<scale>1.5</scale>
				<Icon>
					<href>https://earth.google.com/earth/document/icon?color=fbc02d<![CDATA[&]]>id=2000<![CDATA[&]]>scale=4</href>
				</Icon>
				<hotSpot x="64" y="128" xunits="pixels" yunits="insetPixels"></hotSpot>
			</IconStyle>
			<LabelStyle>
			</LabelStyle>
			<LineStyle>
				<color>ff2dc0fb</color>
				<width>4</width>
			</LineStyle>
			<PolyStyle>
				<color>40ffffff</color>
			</PolyStyle>
			<BalloonStyle>
			</BalloonStyle>
		</Style>
	</gx:CascadingStyle><gx:CascadingStyle kml:id="__managed_style_6799E042C03D3D1AF1F1">
		<Style>
			<IconStyle>
				<scale>1.2</scale>
				<Icon>
					<href>https://earth.google.com/earth/document/icon?color=388e3c<![CDATA[&]]>id=2000<![CDATA[&]]>scale=4</href>
				</Icon>
				<hotSpot x="64" y="128" xunits="pixels" yunits="insetPixels"></hotSpot>
			</IconStyle>
			<LabelStyle>
			</LabelStyle>
			<LineStyle>
				<color>ff2dc0fb</color>
				<width>6</width>
			</LineStyle>
			<PolyStyle>
				<color>40ffffff</color>
			</PolyStyle>
			<BalloonStyle>
			</BalloonStyle>
		</Style>
	</gx:CascadingStyle><gx:CascadingStyle kml:id="__managed_style_E13F155E213D3D1AF228">
		<Style>
			<IconStyle>
				<scale>1.2</scale>
				<Icon>
					<href>https://earth.google.com/earth/document/icon?color=1976d2<![CDATA[&]]>id=2000<![CDATA[&]]>scale=4</href>
				</Icon>
				<hotSpot x="64" y="128" xunits="pixels" yunits="insetPixels"></hotSpot>
			</IconStyle>
			<LabelStyle>
			</LabelStyle>
			<LineStyle>
				<color>ff6b7900</color>
				<width>6</width>
			</LineStyle>
			<PolyStyle>
				<color>40ffffff</color>
			</PolyStyle>
			<BalloonStyle>
			</BalloonStyle>
		</Style>
	</gx:CascadingStyle><gx:CascadingStyle kml:id="__managed_style_55B7128D493D3D1AF1E7">
		<Style>
			<IconStyle>
				<scale>1.8</scale>
				<Icon>
					<href>https://earth.google.com/earth/document/icon?color=00796b<![CDATA[&]]>id=2261<![CDATA[&]]>scale=4</href>
				</Icon>
				<hotSpot x="64" y="128" xunits="pixels" yunits="insetPixels"></hotSpot>
			</IconStyle>
			<LabelStyle>
				<color>ff6b7900</color>
			</LabelStyle>
			<LineStyle>
				<color>ff2dc0fb</color>
				<width>6</width>
			</LineStyle>
			<PolyStyle>
				<color>40ffffff</color>
			</PolyStyle>
			<BalloonStyle>
				<gx:displayMode>card</gx:displayMode>
			</BalloonStyle>
		</Style>
	</gx:CascadingStyle><gx:CascadingStyle kml:id="__managed_style_2068339B8C3D3D1AF21F">
		<Style>
			<IconStyle>
				<scale>1.5</scale>
				<Icon>
					<href>https://earth.google.com/earth/document/icon?color=ab47bc<![CDATA[&]]>id=2108<![CDATA[&]]>scale=4</href>
				</Icon>
				<hotSpot x="64" y="128" xunits="pixels" yunits="insetPixels"></hotSpot>
			</IconStyle>
			<LabelStyle>
			</LabelStyle>
			<LineStyle>
				<color>ff2dc0fb</color>
				<width>4</width>
			</LineStyle>
			<PolyStyle>
				<color>40ffffff</color>
			</PolyStyle>
			<BalloonStyle>
			</BalloonStyle>
		</Style>
	</gx:CascadingStyle><gx:CascadingStyle kml:id="__managed_style_51415A94213D3D1AF21F">
		<Style>
			<IconStyle>
				<scale>1.5</scale>
				<Icon>
					<href>https://earth.google.com/earth/document/icon?color=ef5350<![CDATA[&]]>id=2211<![CDATA[&]]>scale=4</href>
				</Icon>
				<hotSpot x="64" y="128" xunits="pixels" yunits="insetPixels"></hotSpot>
			</IconStyle>
			<LabelStyle>
			</LabelStyle>
			<LineStyle>
				<color>ff2dc0fb</color>
				<width>4</width>
			</LineStyle>
			<PolyStyle>
				<color>40ffffff</color>
			</PolyStyle>
			<BalloonStyle>
			</BalloonStyle>
		</Style>
	</gx:CascadingStyle><gx:CascadingStyle kml:id="__managed_style_567EF827393D3D1AF1FF">
		<Style>
			<IconStyle>
				<Icon>
					<href>https://earth.google.com/earth/document/icon?color=1976d2<![CDATA[&]]>id=2000<![CDATA[&]]>scale=4</href>
				</Icon>
				<hotSpot x="64" y="128" xunits="pixels" yunits="insetPixels"></hotSpot>
			</IconStyle>
			<LabelStyle>
			</LabelStyle>
			<LineStyle>
				<color>ffd27619</color>
				<width>4</width>
			</LineStyle>
			<PolyStyle>
				<color>40ffffff</color>
			</PolyStyle>
			<BalloonStyle>
			</BalloonStyle>
		</Style>
	</gx:CascadingStyle><gx:CascadingStyle kml:id="__managed_style_73B0C2883F3D3D1AF1E6">
		<Style>
			<IconStyle>
				<scale>1.5</scale>
				<Icon>
					<href>https://earth.google.com/earth/document/icon?color=d32f2f<![CDATA[&]]>id=2124<![CDATA[&]]>scale=4</href>
				</Icon>
				<hotSpot x="64" y="128" xunits="pixels" yunits="insetPixels"></hotSpot>
			</IconStyle>
			<LabelStyle>
				<color>ff5053ef</color>
			</LabelStyle>
			<LineStyle>
				<color>ff2dc0fb</color>
				<width>4</width>
			</LineStyle>
			<PolyStyle>
				<color>40ffffff</color>
			</PolyStyle>
			<BalloonStyle>
				<displayMode>hide</displayMode>
			</BalloonStyle>
		</Style>
	</gx:CascadingStyle><gx:CascadingStyle kml:id="__managed_style_5711C1AE523D3D1AF1EC">
		<Style>
			<IconStyle>
				<scale>1.2</scale>
				<Icon>
					<href>https://earth.google.com/earth/document/icon?color=fbc02d<![CDATA[&]]>id=2000<![CDATA[&]]>scale=4</href>
				</Icon>
				<hotSpot x="64" y="128" xunits="pixels" yunits="insetPixels"></hotSpot>
			</IconStyle>
			<LabelStyle>
			</LabelStyle>
			<LineStyle>
				<color>ff2dc0fb</color>
				<width>6</width>
			</LineStyle>
			<PolyStyle>
				<color>40ffffff</color>
			</PolyStyle>
			<BalloonStyle>
			</BalloonStyle>
		</Style>
	</gx:CascadingStyle><gx:CascadingStyle kml:id="__managed_style_89F08A77E43D3D1AF1E4">
		<Style>
			<IconStyle>
				<scale>1.8</scale>
				<Icon>
					<href>https://earth.google.com/earth/document/icon?color=388e3c<![CDATA[&]]>id=2096<![CDATA[&]]>scale=4</href>
				</Icon>
				<hotSpot x="64" y="128" xunits="pixels" yunits="insetPixels"></hotSpot>
			</IconStyle>
			<LabelStyle>
				<color>fff5a542</color>
			</LabelStyle>
			<LineStyle>
				<color>ff2dc0fb</color>
				<width>6</width>
			</LineStyle>
			<PolyStyle>
				<color>40ffffff</color>
			</PolyStyle>
			<BalloonStyle>
			</BalloonStyle>
		</Style>
	</gx:CascadingStyle><gx:CascadingStyle kml:id="__managed_style_4B09BEF19D3D3D1AF1EC">
		<Style>
			<IconStyle>
				<Icon>
					<href>https://earth.google.com/earth/document/icon?color=fbc02d<![CDATA[&]]>id=2000<![CDATA[&]]>scale=4</href>
				</Icon>
				<hotSpot x="64" y="128" xunits="pixels" yunits="insetPixels"></hotSpot>
			</IconStyle>
			<LabelStyle>
			</LabelStyle>
			<LineStyle>
				<color>ff2dc0fb</color>
				<width>4</width>
			</LineStyle>
			<PolyStyle>
				<color>40ffffff</color>
			</PolyStyle>
			<BalloonStyle>
			</BalloonStyle>
		</Style>
	</gx:CascadingStyle><gx:CascadingStyle kml:id="__managed_style_2057C8E83A3D3D1AF1EB">
		<Style>
			<IconStyle>
				<scale>1.2</scale>
				<Icon>
					<href>https://earth.google.com/earth/document/icon?color=1976d2<![CDATA[&]]>id=2000<![CDATA[&]]>scale=4</href>
				</Icon>
				<hotSpot x="64" y="128" xunits="pixels" yunits="insetPixels"></hotSpot>
			</IconStyle>
			<LabelStyle>
			</LabelStyle>
			<LineStyle>
				<color>ff26a7ff</color>
				<width>6</width>
			</LineStyle>
			<PolyStyle>
				<color>40ffffff</color>
			</PolyStyle>
			<BalloonStyle>
			</BalloonStyle>
		</Style>
	</gx:CascadingStyle><gx:CascadingStyle kml:id="__managed_style_1D0D8D82E63D3D1AF1EB">
		<Style>
			<IconStyle>
				<Icon>
					<href>https://earth.google.com/earth/document/icon?color=1976d2<![CDATA[&]]>id=2000<![CDATA[&]]>scale=4</href>
				</Icon>
				<hotSpot x="64" y="128" xunits="pixels" yunits="insetPixels"></hotSpot>
			</IconStyle>
			<LabelStyle>
			</LabelStyle>
			<LineStyle>
				<color>ff26a7ff</color>
				<width>4</width>
			</LineStyle>
			<PolyStyle>
				<color>40ffffff</color>
			</PolyStyle>
			<BalloonStyle>
			</BalloonStyle>
		</Style>
	</gx:CascadingStyle><gx:CascadingStyle kml:id="__managed_style_0552FE47753D3D1AF1FC">
		<styleUrl>https://earth.google.com/balloon_components/base/1.1.0.0/card_template.kml#main</styleUrl>
		<Style>
			<IconStyle>
				<scale>1.2</scale>
				<Icon>
					<href>https://earth.google.com/earth/document/icon?color=f57c00<![CDATA[&]]>id=2000<![CDATA[&]]>scale=4</href>
				</Icon>
				<hotSpot x="64" y="128" xunits="pixels" yunits="insetPixels"></hotSpot>
			</IconStyle>
			<LabelStyle>
			</LabelStyle>
			<LineStyle>
				<color>ff2dc0fb</color>
				<width>6</width>
			</LineStyle>
			<PolyStyle>
				<color>40ffffff</color>
			</PolyStyle>
			<BalloonStyle>
			</BalloonStyle>
		</Style>
	</gx:CascadingStyle><gx:CascadingStyle kml:id="__managed_style_5959EB3CFB3D3D1AF1E9">
		<Style>
			<IconStyle>
				<scale>1.5</scale>
				<Icon>
					<href>https://earth.google.com/earth/document/icon?color=7b1fa2<![CDATA[&]]>id=2108<![CDATA[&]]>scale=4</href>
				</Icon>
				<hotSpot x="64" y="128" xunits="pixels" yunits="insetPixels"></hotSpot>
			</IconStyle>
			<LabelStyle>
			</LabelStyle>
			<LineStyle>
				<color>ff2dc0fb</color>
				<width>4</width>
			</LineStyle>
			<PolyStyle>
				<color>40ffffff</color>
			</PolyStyle>
			<BalloonStyle>
			</BalloonStyle>
		</Style>
	</gx:CascadingStyle><gx:CascadingStyle kml:id="__managed_style_286D3F3D2D3D3D1AF1EC">
		<Style>
			<IconStyle>
				<scale>1.2</scale>
				<Icon>
					<href>https://earth.google.com/earth/document/icon?color=388e3c<![CDATA[&]]>id=2096<![CDATA[&]]>scale=4</href>
				</Icon>
				<hotSpot x="64" y="128" xunits="pixels" yunits="insetPixels"></hotSpot>
			</IconStyle>
			<LabelStyle>
			</LabelStyle>
			<LineStyle>
				<color>ff2dc0fb</color>
				<width>6</width>
			</LineStyle>
			<PolyStyle>
				<color>40ffffff</color>
			</PolyStyle>
			<BalloonStyle>
			</BalloonStyle>
		</Style>
	</gx:CascadingStyle><gx:CascadingStyle kml:id="__managed_style_583D651A823D3D1AF224">
		<Style>
			<IconStyle>
				<scale>1.2</scale>
				<Icon>
					<href>https://earth.google.com/earth/document/icon?color=1976d2<![CDATA[&]]>id=2000<![CDATA[&]]>scale=4</href>
				</Icon>
				<hotSpot x="64" y="128" xunits="pixels" yunits="insetPixels"></hotSpot>
			</IconStyle>
			<LabelStyle>
			</LabelStyle>
			<LineStyle>
				<color>ff5053ef</color>
				<width>24</width>
			</LineStyle>
			<PolyStyle>
				<color>40ffffff</color>
			</PolyStyle>
			<BalloonStyle>
			</BalloonStyle>
		</Style>
	</gx:CascadingStyle><gx:CascadingStyle kml:id="__managed_style_3E5704F7363D3D1AF1E9">
		<styleUrl>https://earth.google.com/balloon_components/base/1.1.0.0/card_template.kml#main</styleUrl>
		<Style>
			<IconStyle>
				<scale>1.8</scale>
				<Icon>
					<href>https://earth.google.com/earth/document/icon?color=7b1fa2<![CDATA[&]]>id=2108<![CDATA[&]]>scale=4</href>
				</Icon>
				<hotSpot x="64" y="128" xunits="pixels" yunits="insetPixels"></hotSpot>
			</IconStyle>
			<LabelStyle>
			</LabelStyle>
			<LineStyle>
				<color>ff2dc0fb</color>
				<width>6</width>
			</LineStyle>
			<PolyStyle>
				<color>40ffffff</color>
			</PolyStyle>
			<BalloonStyle>
			</BalloonStyle>
		</Style>
	</gx:CascadingStyle><gx:CascadingStyle kml:id="__managed_style_888BC5D8DC3D3D1AF1FB">
		<styleUrl>https://earth.google.com/balloon_components/base/1.1.0.0/card_template.kml#main</styleUrl>
		<Style>
			<IconStyle>
				<scale>1.8</scale>
				<Icon>
					<href>https://earth.google.com/earth/document/icon?color=303f9f<![CDATA[&]]>id=2002<![CDATA[&]]>scale=4</href>
				</Icon>
				<hotSpot x="64" y="128" xunits="pixels" yunits="insetPixels"></hotSpot>
			</IconStyle>
			<LabelStyle>
			</LabelStyle>
			<LineStyle>
				<color>ff2dc0fb</color>
				<width>6</width>
			</LineStyle>
			<PolyStyle>
				<color>40ffffff</color>
			</PolyStyle>
			<BalloonStyle>
			</BalloonStyle>
		</Style>
	</gx:CascadingStyle><gx:CascadingStyle kml:id="__managed_style_8FBACF0F443D3D1AF1E6">
		<Style>
			<IconStyle>
				<scale>1.8</scale>
				<Icon>
					<href>https://earth.google.com/earth/document/icon?color=d32f2f<![CDATA[&]]>id=2124<![CDATA[&]]>scale=4</href>
				</Icon>
				<hotSpot x="64" y="128" xunits="pixels" yunits="insetPixels"></hotSpot>
			</IconStyle>
			<LabelStyle>
				<color>ff5053ef</color>
			</LabelStyle>
			<LineStyle>
				<color>ff2dc0fb</color>
				<width>6</width>
			</LineStyle>
			<PolyStyle>
				<color>40ffffff</color>
			</PolyStyle>
			<BalloonStyle>
				<displayMode>hide</displayMode>
			</BalloonStyle>
		</Style>
	</gx:CascadingStyle><gx:CascadingStyle kml:id="__managed_style_0638E3BC853D3D1AF1E9">
		<styleUrl>https://earth.google.com/balloon_components/base/1.1.0.0/card_template.kml#main</styleUrl>
		<Style>
			<IconStyle>
				<scale>1.8</scale>
				<Icon>
					<href>https://earth.google.com/earth/document/icon?color=ab47bc<![CDATA[&]]>id=2108<![CDATA[&]]>scale=4</href>
				</Icon>
				<hotSpot x="64" y="128" xunits="pixels" yunits="insetPixels"></hotSpot>
			</IconStyle>
			<LabelStyle>
			</LabelStyle>
			<LineStyle>
				<color>ff2dc0fb</color>
				<width>6</width>
			</LineStyle>
			<PolyStyle>
				<color>40ffffff</color>
			</PolyStyle>
			<BalloonStyle>
			</BalloonStyle>
		</Style>
	</gx:CascadingStyle><gx:CascadingStyle kml:id="__managed_style_7CBB58DEE03D3D1AF224">
		<Style>
			<IconStyle>
				<Icon>
					<href>https://earth.google.com/earth/document/icon?color=1976d2<![CDATA[&]]>id=2000<![CDATA[&]]>scale=4</href>
				</Icon>
				<hotSpot x="64" y="128" xunits="pixels" yunits="insetPixels"></hotSpot>
			</IconStyle>
			<LabelStyle>
			</LabelStyle>
			<LineStyle>
				<color>ff5053ef</color>
				<width>12</width>
			</LineStyle>
			<PolyStyle>
				<color>40ffffff</color>
			</PolyStyle>
			<BalloonStyle>
			</BalloonStyle>
		</Style>
	</gx:CascadingStyle><gx:CascadingStyle kml:id="__managed_style_15B6740CB03D3D1AF223">
		<Style>
			<IconStyle>
				<Icon>
					<href>https://earth.google.com/earth/document/icon?color=1976d2<![CDATA[&]]>id=2000<![CDATA[&]]>scale=4</href>
				</Icon>
				<hotSpot x="64" y="128" xunits="pixels" yunits="insetPixels"></hotSpot>
			</IconStyle>
			<LabelStyle>
			</LabelStyle>
			<LineStyle>
				<color>ff6abb66</color>
				<width>8</width>
			</LineStyle>
			<PolyStyle>
				<color>40ffffff</color>
			</PolyStyle>
			<BalloonStyle>
			</BalloonStyle>
		</Style>
	</gx:CascadingStyle><gx:CascadingStyle kml:id="__managed_style_57645B13283D3D1AF1E4">
		<Style>
			<IconStyle>
				<scale>1.8</scale>
				<Icon>
					<href>https://earth.google.com/earth/document/icon?color=26a69a<![CDATA[&]]>id=2157<![CDATA[&]]>scale=4</href>
				</Icon>
				<hotSpot x="64" y="128" xunits="pixels" yunits="insetPixels"></hotSpot>
			</IconStyle>
			<LabelStyle>
				<color>ff9aa626</color>
			</LabelStyle>
			<LineStyle>
				<color>ff2dc0fb</color>
				<width>6</width>
			</LineStyle>
			<PolyStyle>
				<color>40ffffff</color>
			</PolyStyle>
			<BalloonStyle>
			</BalloonStyle>
		</Style>
	</gx:CascadingStyle><gx:CascadingStyle kml:id="__managed_style_76671A361A3D3D1AF21E">
		<Style>
			<IconStyle>
				<Icon>
					<href>https://earth.google.com/earth/document/icon?color=000000<![CDATA[&]]>id=2002<![CDATA[&]]>scale=4</href>
				</Icon>
				<hotSpot x="64" y="128" xunits="pixels" yunits="insetPixels"></hotSpot>
			</IconStyle>
			<LabelStyle>
			</LabelStyle>
			<LineStyle>
				<color>ff2dc0fb</color>
				<width>4</width>
			</LineStyle>
			<PolyStyle>
				<color>40ffffff</color>
			</PolyStyle>
			<BalloonStyle>
			</BalloonStyle>
		</Style>
	</gx:CascadingStyle><gx:CascadingStyle kml:id="__managed_style_49919EE1813D3D1AF1E7">
		<Style>
			<IconStyle>
				<scale>1.5</scale>
				<Icon>
					<href>https://earth.google.com/earth/document/icon?color=00796b<![CDATA[&]]>id=2261<![CDATA[&]]>scale=4</href>
				</Icon>
				<hotSpot x="64" y="128" xunits="pixels" yunits="insetPixels"></hotSpot>
			</IconStyle>
			<LabelStyle>
				<color>ff6b7900</color>
			</LabelStyle>
			<LineStyle>
				<color>ff2dc0fb</color>
				<width>4</width>
			</LineStyle>
			<PolyStyle>
				<color>40ffffff</color>
			</PolyStyle>
			<BalloonStyle>
				<gx:displayMode>card</gx:displayMode>
			</BalloonStyle>
		</Style>
	</gx:CascadingStyle><gx:CascadingStyle kml:id="__managed_style_1A0007A4793D3D1AF1F0">
		<styleUrl>https://earth.google.com/balloon_components/base/1.1.0.0/card_template.kml#main</styleUrl>
		<Style>
			<IconStyle>
				<scale>2</scale>
				<Icon>
					<href>https://earth.google.com/earth/document/icon?color=fbc02d<![CDATA[&]]>id=2000<![CDATA[&]]>scale=4</href>
				</Icon>
				<hotSpot x="64" y="128" xunits="pixels" yunits="insetPixels"></hotSpot>
			</IconStyle>
			<LabelStyle>
				<scale>2</scale>
			</LabelStyle>
			<LineStyle>
				<color>ff2dc0fb</color>
				<width>4</width>
			</LineStyle>
			<PolyStyle>
				<color>40ffffff</color>
			</PolyStyle>
			<BalloonStyle>
			</BalloonStyle>
		</Style>
	</gx:CascadingStyle><gx:CascadingStyle kml:id="__managed_style_5937B2931F3D3D1AF204">
		<styleUrl>https://earth.google.com/balloon_components/base/1.1.0.0/card_template.kml#main</styleUrl>
		<Style>
			<IconStyle>
				<scale>1.2</scale>
				<Icon>
					<href>https://earth.google.com/earth/document/icon?color=303f9f<![CDATA[&]]>id=2002<![CDATA[&]]>scale=4</href>
				</Icon>
				<hotSpot x="64" y="128" xunits="pixels" yunits="insetPixels"></hotSpot>
			</IconStyle>
			<LabelStyle>
			</LabelStyle>
			<LineStyle>
				<color>ff2dc0fb</color>
				<width>6</width>
			</LineStyle>
			<PolyStyle>
				<color>40ffffff</color>
			</PolyStyle>
			<BalloonStyle>
			</BalloonStyle>
		</Style>
	</gx:CascadingStyle><gx:CascadingStyle kml:id="__managed_style_6FE0DEFADC3D3D1AF1E8">
		<styleUrl>https://earth.google.com/balloon_components/base/1.1.0.0/none_template.kml#main</styleUrl>
		<Style>
			<IconStyle>
				<scale>1.2</scale>
				<Icon>
					<href>https://earth.google.com/earth/document/icon?color=1976d2<![CDATA[&]]>id=2000<![CDATA[&]]>scale=4</href>
				</Icon>
				<hotSpot x="64" y="128" xunits="pixels" yunits="insetPixels"></hotSpot>
			</IconStyle>
			<LabelStyle>
			</LabelStyle>
			<LineStyle>
				<color>ff2dc0fb</color>
				<width>6</width>
			</LineStyle>
			<PolyStyle>
				<color>402f2fd3</color>
			</PolyStyle>
			<BalloonStyle>
				<displayMode>hide</displayMode>
			</BalloonStyle>
		</Style>
	</gx:CascadingStyle><gx:CascadingStyle kml:id="__managed_style_2392C17D893D3D1AF1E9">
		<styleUrl>https://earth.google.com/balloon_components/base/1.1.0.0/card_template.kml#main</styleUrl>
		<Style>
			<IconStyle>
				<scale>1.5</scale>
				<Icon>
					<href>https://earth.google.com/earth/document/icon?color=7b1fa2<![CDATA[&]]>id=2108<![CDATA[&]]>scale=4</href>
				</Icon>
				<hotSpot x="64" y="128" xunits="pixels" yunits="insetPixels"></hotSpot>
			</IconStyle>
			<LabelStyle>
			</LabelStyle>
			<LineStyle>
				<color>ff2dc0fb</color>
				<width>4</width>
			</LineStyle>
			<PolyStyle>
				<color>40ffffff</color>
			</PolyStyle>
			<BalloonStyle>
			</BalloonStyle>
		</Style>
	</gx:CascadingStyle><gx:CascadingStyle kml:id="__managed_style_59FE0170553D3D1AF1F0">
		<Style>
			<IconStyle>
				<scale>1.2</scale>
				<Icon>
					<href>https://earth.google.com/earth/document/icon?color=d32f2f<![CDATA[&]]>id=2000<![CDATA[&]]>scale=4</href>
				</Icon>
				<hotSpot x="64" y="128" xunits="pixels" yunits="insetPixels"></hotSpot>
			</IconStyle>
			<LabelStyle>
			</LabelStyle>
			<LineStyle>
				<color>ff2dc0fb</color>
				<width>6</width>
			</LineStyle>
			<PolyStyle>
				<color>40ffffff</color>
			</PolyStyle>
			<BalloonStyle>
			</BalloonStyle>
		</Style>
	</gx:CascadingStyle><gx:CascadingStyle kml:id="__managed_style_0B94FE806C3D3D1AF201">
		<styleUrl>https://earth.google.com/balloon_components/base/1.1.0.0/card_template.kml#main</styleUrl>
		<Style>
			<IconStyle>
				<scale>1.2</scale>
				<Icon>
					<href>https://earth.google.com/earth/document/icon?color=00796b<![CDATA[&]]>id=2002<![CDATA[&]]>scale=4</href>
				</Icon>
				<hotSpot x="64" y="128" xunits="pixels" yunits="insetPixels"></hotSpot>
			</IconStyle>
			<LabelStyle>
			</LabelStyle>
			<LineStyle>
				<color>ff2dc0fb</color>
				<width>6</width>
			</LineStyle>
			<PolyStyle>
				<color>40ffffff</color>
			</PolyStyle>
			<BalloonStyle>
			</BalloonStyle>
		</Style>
	</gx:CascadingStyle><gx:CascadingStyle kml:id="__managed_style_6EB4086B2C3D3D1AF1E9">
		<Style>
			<IconStyle>
				<scale>1.8</scale>
				<Icon>
					<href>https://earth.google.com/earth/document/icon?color=7b1fa2<![CDATA[&]]>id=2108<![CDATA[&]]>scale=4</href>
				</Icon>
				<hotSpot x="64" y="128" xunits="pixels" yunits="insetPixels"></hotSpot>
			</IconStyle>
			<LabelStyle>
			</LabelStyle>
			<LineStyle>
				<color>ff2dc0fb</color>
				<width>6</width>
			</LineStyle>
			<PolyStyle>
				<color>40ffffff</color>
			</PolyStyle>
			<BalloonStyle>
			</BalloonStyle>
		</Style>
	</gx:CascadingStyle><gx:CascadingStyle kml:id="__managed_style_ECAB03A5D23D3D1AF1E8">
		<styleUrl>https://earth.google.com/balloon_components/base/1.1.0.0/card_template.kml#main</styleUrl>
		<Style>
			<IconStyle>
				<scale>1.5</scale>
				<Icon>
					<href>https://earth.google.com/earth/document/icon?color=ab47bc<![CDATA[&]]>id=2108<![CDATA[&]]>scale=4</href>
				</Icon>
				<hotSpot x="64" y="128" xunits="pixels" yunits="insetPixels"></hotSpot>
			</IconStyle>
			<LabelStyle>
			</LabelStyle>
			<LineStyle>
				<color>ff2dc0fb</color>
				<width>4</width>
			</LineStyle>
			<PolyStyle>
				<color>40ffffff</color>
			</PolyStyle>
			<BalloonStyle>
			</BalloonStyle>
		</Style>
	</gx:CascadingStyle><gx:CascadingStyle kml:id="__managed_style_42DC6B7E153D3D1AF203">
		<styleUrl>https://earth.google.com/balloon_components/base/1.1.0.0/card_template.kml#main</styleUrl>
		<Style>
			<IconStyle>
				<Icon>
					<href>https://earth.google.com/earth/document/icon?color=d32f2f<![CDATA[&]]>id=2002<![CDATA[&]]>scale=4</href>
				</Icon>
				<hotSpot x="64" y="128" xunits="pixels" yunits="insetPixels"></hotSpot>
			</IconStyle>
			<LabelStyle>
			</LabelStyle>
			<LineStyle>
				<color>ff2dc0fb</color>
				<width>4</width>
			</LineStyle>
			<PolyStyle>
				<color>40ffffff</color>
			</PolyStyle>
			<BalloonStyle>
			</BalloonStyle>
		</Style>
	</gx:CascadingStyle><gx:CascadingStyle kml:id="__managed_style_119834537E3D3D1AF224">
		<Style>
			<IconStyle>
				<Icon>
					<href>https://earth.google.com/earth/document/icon?color=1976d2<![CDATA[&]]>id=2000<![CDATA[&]]>scale=4</href>
				</Icon>
				<hotSpot x="64" y="128" xunits="pixels" yunits="insetPixels"></hotSpot>
			</IconStyle>
			<LabelStyle>
			</LabelStyle>
			<LineStyle>
				<color>ff2f2fd3</color>
				<width>24</width>
			</LineStyle>
			<PolyStyle>
				<color>40ffffff</color>
			</PolyStyle>
			<BalloonStyle>
			</BalloonStyle>
		</Style>
	</gx:CascadingStyle><gx:CascadingStyle kml:id="__managed_style_3EDABA9C743D3D1AF220">
		<Style>
			<IconStyle>
				<scale>1.8</scale>
				<Icon>
					<href>https://earth.google.com/earth/document/icon?color=ef5350<![CDATA[&]]>id=2202<![CDATA[&]]>scale=4</href>
				</Icon>
				<hotSpot x="64" y="128" xunits="pixels" yunits="insetPixels"></hotSpot>
			</IconStyle>
			<LabelStyle>
			</LabelStyle>
			<LineStyle>
				<color>ff2dc0fb</color>
				<width>6</width>
			</LineStyle>
			<PolyStyle>
				<color>40ffffff</color>
			</PolyStyle>
			<BalloonStyle>
			</BalloonStyle>
		</Style>
	</gx:CascadingStyle><gx:CascadingStyle kml:id="__managed_style_1EB4F55C723D3D1AF21E">
		<Style>
			<IconStyle>
				<scale>1.5</scale>
				<Icon>
					<href>https://earth.google.com/earth/document/icon?color=d32f2f<![CDATA[&]]>id=2124<![CDATA[&]]>scale=4</href>
				</Icon>
				<hotSpot x="64" y="128" xunits="pixels" yunits="insetPixels"></hotSpot>
			</IconStyle>
			<LabelStyle>
				<color>ff2f2fd3</color>
			</LabelStyle>
			<LineStyle>
				<color>ff2dc0fb</color>
				<width>4</width>
			</LineStyle>
			<PolyStyle>
				<color>40ffffff</color>
			</PolyStyle>
			<BalloonStyle>
				<displayMode>hide</displayMode>
			</BalloonStyle>
		</Style>
	</gx:CascadingStyle><gx:CascadingStyle kml:id="__managed_style_0444B3A2B63D3D1AF1E8">
		<Style>
			<IconStyle>
				<scale>1.8</scale>
				<Icon>
					<href>https://earth.google.com/earth/document/icon?color=1976d2<![CDATA[&]]>id=2211<![CDATA[&]]>scale=4</href>
				</Icon>
				<hotSpot x="64" y="128" xunits="pixels" yunits="insetPixels"></hotSpot>
			</IconStyle>
			<LabelStyle>
				<color>fff5a542</color>
			</LabelStyle>
			<LineStyle>
				<color>ff2dc0fb</color>
				<width>6</width>
			</LineStyle>
			<PolyStyle>
				<color>40ffffff</color>
			</PolyStyle>
			<BalloonStyle>
				<displayMode>hide</displayMode>
			</BalloonStyle>
		</Style>
	</gx:CascadingStyle><gx:CascadingStyle kml:id="__managed_style_33A45AFF613D3D1AF1EE">
		<Style>
			<IconStyle>
				<scale>1.2</scale>
				<Icon>
					<href>https://earth.google.com/earth/document/icon?color=1976d2<![CDATA[&]]>id=2396<![CDATA[&]]>scale=4</href>
				</Icon>
				<hotSpot x="64" y="128" xunits="pixels" yunits="insetPixels"></hotSpot>
			</IconStyle>
			<LabelStyle>
			</LabelStyle>
			<LineStyle>
				<color>ff2dc0fb</color>
				<width>6</width>
			</LineStyle>
			<PolyStyle>
				<color>40ffffff</color>
			</PolyStyle>
			<BalloonStyle>
			</BalloonStyle>
		</Style>
	</gx:CascadingStyle><gx:CascadingStyle kml:id="__managed_style_81CEE7041C3D3D1AF1F9">
		<Style>
			<IconStyle>
				<Icon>
					<href>https://earth.google.com/earth/document/icon?color=1976d2<![CDATA[&]]>id=2000<![CDATA[&]]>scale=4</href>
				</Icon>
				<hotSpot x="64" y="128" xunits="pixels" yunits="insetPixels"></hotSpot>
			</IconStyle>
			<LabelStyle>
			</LabelStyle>
			<LineStyle>
				<color>ffbc47ab</color>
				<width>4</width>
			</LineStyle>
			<PolyStyle>
				<color>40ffffff</color>
			</PolyStyle>
			<BalloonStyle>
			</BalloonStyle>
		</Style>
	</gx:CascadingStyle><gx:CascadingStyle kml:id="__managed_style_4BF496005E3D3D1AF21E">
		<Style>
			<IconStyle>
				<scale>1.5</scale>
				<Icon>
					<href>https://earth.google.com/earth/document/icon?color=00796b<![CDATA[&]]>id=2261<![CDATA[&]]>scale=4</href>
				</Icon>
				<hotSpot x="64" y="128" xunits="pixels" yunits="insetPixels"></hotSpot>
			</IconStyle>
			<LabelStyle>
				<color>ff6b7900</color>
			</LabelStyle>
			<LineStyle>
				<color>ff2dc0fb</color>
				<width>4</width>
			</LineStyle>
			<PolyStyle>
				<color>40ffffff</color>
			</PolyStyle>
			<BalloonStyle>
				<displayMode>hide</displayMode>
			</BalloonStyle>
		</Style>
	</gx:CascadingStyle><gx:CascadingStyle kml:id="__managed_style_A6C101063B3D3D1AF1E7">
		<Style>
			<IconStyle>
				<scale>1.5</scale>
				<Icon>
					<href>https://earth.google.com/earth/document/icon?color=1976d2<![CDATA[&]]>id=2211<![CDATA[&]]>scale=4</href>
				</Icon>
				<hotSpot x="64" y="128" xunits="pixels" yunits="insetPixels"></hotSpot>
			</IconStyle>
			<LabelStyle>
				<color>fff5a542</color>
			</LabelStyle>
			<LineStyle>
				<color>ff2dc0fb</color>
				<width>4</width>
			</LineStyle>
			<PolyStyle>
				<color>40ffffff</color>
			</PolyStyle>
			<BalloonStyle>
				<displayMode>hide</displayMode>
			</BalloonStyle>
		</Style>
	</gx:CascadingStyle><gx:CascadingStyle kml:id="__managed_style_23A7003E293D3D1AF1E4">
		<styleUrl>https://earth.google.com/balloon_components/base/1.1.0.0/card_template.kml#main</styleUrl>
		<Style>
			<IconStyle>
				<scale>1.8</scale>
				<Icon>
					<href>https://earth.google.com/earth/document/icon?color=d32f2f<![CDATA[&]]>id=2259<![CDATA[&]]>scale=4</href>
				</Icon>
				<hotSpot x="64" y="128" xunits="pixels" yunits="insetPixels"></hotSpot>
			</IconStyle>
			<LabelStyle>
				<color>ff2dc0fb</color>
			</LabelStyle>
			<LineStyle>
				<color>ff2dc0fb</color>
				<width>6</width>
			</LineStyle>
			<PolyStyle>
				<color>40ffffff</color>
			</PolyStyle>
			<BalloonStyle>
			</BalloonStyle>
		</Style>
	</gx:CascadingStyle><gx:CascadingStyle kml:id="__managed_style_4CA3E72E573D3D1AF21C">
		<Style>
			<IconStyle>
				<Icon>
					<href>https://earth.google.com/earth/document/icon?color=d32f2f<![CDATA[&]]>id=2124<![CDATA[&]]>scale=4</href>
				</Icon>
				<hotSpot x="64" y="128" xunits="pixels" yunits="insetPixels"></hotSpot>
			</IconStyle>
			<LabelStyle>
				<color>ff5053ef</color>
			</LabelStyle>
			<LineStyle>
				<color>ff2dc0fb</color>
				<width>4</width>
			</LineStyle>
			<PolyStyle>
				<color>40ffffff</color>
			</PolyStyle>
			<BalloonStyle>
				<displayMode>hide</displayMode>
			</BalloonStyle>
		</Style>
	</gx:CascadingStyle><gx:CascadingStyle kml:id="__managed_style_7737BC1D163D3D1AF1F6">
		<Style>
			<IconStyle>
				<Icon>
					<href>https://earth.google.com/earth/document/icon?color=00796b<![CDATA[&]]>id=2058<![CDATA[&]]>scale=4</href>
				</Icon>
				<hotSpot x="64" y="128" xunits="pixels" yunits="insetPixels"></hotSpot>
			</IconStyle>
			<LabelStyle>
			</LabelStyle>
			<LineStyle>
				<color>ff2dc0fb</color>
				<width>4</width>
			</LineStyle>
			<PolyStyle>
				<color>40ffffff</color>
			</PolyStyle>
			<BalloonStyle>
			</BalloonStyle>
		</Style>
	</gx:CascadingStyle><gx:CascadingStyle kml:id="__managed_style_260BB5E02A3D3D1AF1E3">
		<Style>
			<IconStyle>
				<scale>1.2</scale>
				<Icon>
					<href>https://earth.google.com/earth/document/icon?color=1976d2<![CDATA[&]]>id=2000<![CDATA[&]]>scale=4</href>
				</Icon>
				<hotSpot x="64" y="128" xunits="pixels" yunits="insetPixels"></hotSpot>
			</IconStyle>
			<LabelStyle>
			</LabelStyle>
			<LineStyle>
				<color>ff2dc0fb</color>
				<width>6</width>
			</LineStyle>
			<PolyStyle>
				<color>40ffffff</color>
			</PolyStyle>
			<BalloonStyle>
			</BalloonStyle>
		</Style>
	</gx:CascadingStyle><gx:CascadingStyle kml:id="__managed_style_28BE9402BC3D3D1AF1F1">
		<Style>
			<IconStyle>
				<Icon>
					<href>https://earth.google.com/earth/document/icon?color=1976d2<![CDATA[&]]>id=2000<![CDATA[&]]>scale=4</href>
				</Icon>
				<hotSpot x="64" y="128" xunits="pixels" yunits="insetPixels"></hotSpot>
			</IconStyle>
			<LabelStyle>
			</LabelStyle>
			<LineStyle>
				<color>ff2f2fd3</color>
				<width>4</width>
			</LineStyle>
			<PolyStyle>
				<color>40ffffff</color>
			</PolyStyle>
			<BalloonStyle>
			</BalloonStyle>
		</Style>
	</gx:CascadingStyle><gx:CascadingStyle kml:id="__managed_style_2ECABD178B3D3D1AF223">
		<Style>
			<IconStyle>
				<scale>1.2</scale>
				<Icon>
					<href>https://earth.google.com/earth/document/icon?color=1976d2<![CDATA[&]]>id=2000<![CDATA[&]]>scale=4</href>
				</Icon>
				<hotSpot x="64" y="128" xunits="pixels" yunits="insetPixels"></hotSpot>
			</IconStyle>
			<LabelStyle>
			</LabelStyle>
			<LineStyle>
				<color>ff6abb66</color>
				<width>12</width>
			</LineStyle>
			<PolyStyle>
				<color>40ffffff</color>
			</PolyStyle>
			<BalloonStyle>
			</BalloonStyle>
		</Style>
	</gx:CascadingStyle><gx:CascadingStyle kml:id="__managed_style_139E76D3D73D3D1AF1E4">
		<styleUrl>https://earth.google.com/balloon_components/base/1.1.0.0/card_template.kml#main</styleUrl>
		<Style>
			<IconStyle>
				<scale>1.5</scale>
				<Icon>
					<href>https://earth.google.com/earth/document/icon?color=d32f2f<![CDATA[&]]>id=2259<![CDATA[&]]>scale=4</href>
				</Icon>
				<hotSpot x="64" y="128" xunits="pixels" yunits="insetPixels"></hotSpot>
			</IconStyle>
			<LabelStyle>
				<color>ff2dc0fb</color>
			</LabelStyle>
			<LineStyle>
				<color>ff2dc0fb</color>
				<width>4</width>
			</LineStyle>
			<PolyStyle>
				<color>40ffffff</color>
			</PolyStyle>
			<BalloonStyle>
			</BalloonStyle>
		</Style>
	</gx:CascadingStyle><gx:CascadingStyle kml:id="__managed_style_109C7C0DF23D3D1AF1E3">
		<Style>
			<IconStyle>
				<Icon>
					<href>https://earth.google.com/earth/document/icon?color=1976d2<![CDATA[&]]>id=2000<![CDATA[&]]>scale=4</href>
				</Icon>
				<hotSpot x="64" y="128" xunits="pixels" yunits="insetPixels"></hotSpot>
			</IconStyle>
			<LabelStyle>
			</LabelStyle>
			<LineStyle>
				<color>ff2dc0fb</color>
				<width>4</width>
			</LineStyle>
			<PolyStyle>
				<color>40ffffff</color>
			</PolyStyle>
			<BalloonStyle>
			</BalloonStyle>
		</Style>
	</gx:CascadingStyle><gx:CascadingStyle kml:id="__managed_style_5932FBAAF23D3D1AF1F1">
		<Style>
			<IconStyle>
				<Icon>
					<href>https://earth.google.com/earth/document/icon?color=388e3c<![CDATA[&]]>id=2000<![CDATA[&]]>scale=4</href>
				</Icon>
				<hotSpot x="64" y="128" xunits="pixels" yunits="insetPixels"></hotSpot>
			</IconStyle>
			<LabelStyle>
			</LabelStyle>
			<LineStyle>
				<color>ff2dc0fb</color>
				<width>4</width>
			</LineStyle>
			<PolyStyle>
				<color>40ffffff</color>
			</PolyStyle>
			<BalloonStyle>
			</BalloonStyle>
		</Style>
	</gx:CascadingStyle><gx:CascadingStyle kml:id="__managed_style_149C1D35BC73D3D1AF1F4">
		<Style>
			<IconStyle>
				<scale>1.2</scale>
				<Icon>
					<href>https://earth.google.com/earth/document/icon?color=ffa726<![CDATA[&]]>id=2058<![CDATA[&]]>scale=4</href>
				</Icon>
				<hotSpot x="64" y="128" xunits="pixels" yunits="insetPixels"></hotSpot>
			</IconStyle>
			<LabelStyle>
			</LabelStyle>
			<LineStyle>
				<color>ff2dc0fb</color>
				<width>6</width>
			</LineStyle>
			<PolyStyle>
				<color>40ffffff</color>
			</PolyStyle>
			<BalloonStyle>
			</BalloonStyle>
		</Style>
	</gx:CascadingStyle><gx:CascadingStyle kml:id="__managed_style_BF59FE2B903D3D1AF1F8">
		<Style>
			<IconStyle>
				<Icon>
					<href>https://earth.google.com/earth/document/icon?color=1976d2<![CDATA[&]]>id=2156<![CDATA[&]]>scale=4</href>
				</Icon>
				<hotSpot x="64" y="128" xunits="pixels" yunits="insetPixels"></hotSpot>
			</IconStyle>
			<LabelStyle>
			</LabelStyle>
			<LineStyle>
				<color>ff2dc0fb</color>
				<width>4</width>
			</LineStyle>
			<PolyStyle>
				<color>40ffffff</color>
			</PolyStyle>
			<BalloonStyle>
			</BalloonStyle>
		</Style>
	</gx:CascadingStyle><gx:CascadingStyle kml:id="__managed_style_70855C65233D3D1AF204">
		<styleUrl>https://earth.google.com/balloon_components/base/1.1.0.0/card_template.kml#main</styleUrl>
		<Style>
			<IconStyle>
				<Icon>
					<href>https://earth.google.com/earth/document/icon?color=7b1fa2<![CDATA[&]]>id=2002<![CDATA[&]]>scale=4</href>
				</Icon>
				<hotSpot x="64" y="128" xunits="pixels" yunits="insetPixels"></hotSpot>
			</IconStyle>
			<LabelStyle>
			</LabelStyle>
			<LineStyle>
				<color>ff2dc0fb</color>
				<width>4</width>
			</LineStyle>
			<PolyStyle>
				<color>40ffffff</color>
			</PolyStyle>
			<BalloonStyle>
			</BalloonStyle>
		</Style>
	</gx:CascadingStyle><gx:CascadingStyle kml:id="__managed_style_13BED364533D3D1AF1E1">
		<styleUrl>https://earth.google.com/balloon_components/base/1.1.0.0/card_template.kml#main</styleUrl>
		<Style>
			<IconStyle>
				<Icon>
					<href>https://earth.google.com/earth/document/icon?color=1976d2<![CDATA[&]]>id=2000<![CDATA[&]]>scale=4</href>
				</Icon>
				<hotSpot x="64" y="128" xunits="pixels" yunits="insetPixels"></hotSpot>
			</IconStyle>
			<LabelStyle>
			</LabelStyle>
			<LineStyle>
				<color>ff2dc0fb</color>
				<width>4</width>
			</LineStyle>
			<PolyStyle>
				<color>40ffffff</color>
			</PolyStyle>
			<BalloonStyle>
			</BalloonStyle>
		</Style>
	</gx:CascadingStyle><gx:CascadingStyle kml:id="__managed_style_D344D3013B3D3D1AF1EC">
		<Style>
			<IconStyle>
				<scale>1.5</scale>
				<Icon>
					<href>https://earth.google.com/earth/document/icon?color=fbc02d<![CDATA[&]]>id=2000<![CDATA[&]]>scale=4</href>
				</Icon>
				<hotSpot x="64" y="128" xunits="pixels" yunits="insetPixels"></hotSpot>
			</IconStyle>
			<LabelStyle>
				<scale>2</scale>
			</LabelStyle>
			<LineStyle>
				<color>ff2dc0fb</color>
				<width>4</width>
			</LineStyle>
			<PolyStyle>
				<color>40ffffff</color>
			</PolyStyle>
			<BalloonStyle>
			</BalloonStyle>
		</Style>
	</gx:CascadingStyle><gx:CascadingStyle kml:id="__managed_style_2259EB4BC03D3D1AF221">
		<Style>
			<IconStyle>
				<scale>1.2</scale>
				<Icon>
					<href>https://earth.google.com/earth/document/icon?color=1976d2<![CDATA[&]]>id=2000<![CDATA[&]]>scale=4</href>
				</Icon>
				<hotSpot x="64" y="128" xunits="pixels" yunits="insetPixels"></hotSpot>
			</IconStyle>
			<LabelStyle>
			</LabelStyle>
			<LineStyle>
				<color>ff2dc0fb</color>
				<width>12</width>
			</LineStyle>
			<PolyStyle>
				<color>40ffffff</color>
			</PolyStyle>
			<BalloonStyle>
			</BalloonStyle>
		</Style>
	</gx:CascadingStyle><gx:CascadingStyle kml:id="__managed_style_8C621E99EF3D3D1AF204">
		<styleUrl>https://earth.google.com/balloon_components/base/1.1.0.0/card_template.kml#main</styleUrl>
		<Style>
			<IconStyle>
				<scale>1.2</scale>
				<Icon>
					<href>https://earth.google.com/earth/document/icon?color=7b1fa2<![CDATA[&]]>id=2002<![CDATA[&]]>scale=4</href>
				</Icon>
				<hotSpot x="64" y="128" xunits="pixels" yunits="insetPixels"></hotSpot>
			</IconStyle>
			<LabelStyle>
			</LabelStyle>
			<LineStyle>
				<color>ff2dc0fb</color>
				<width>6</width>
			</LineStyle>
			<PolyStyle>
				<color>40ffffff</color>
			</PolyStyle>
			<BalloonStyle>
			</BalloonStyle>
		</Style>
	</gx:CascadingStyle><gx:CascadingStyle kml:id="__managed_style_140D963F7E3D3D1AF221">
		<Style>
			<IconStyle>
				<Icon>
					<href>https://earth.google.com/earth/document/icon?color=1976d2<![CDATA[&]]>id=2000<![CDATA[&]]>scale=4</href>
				</Icon>
				<hotSpot x="64" y="128" xunits="pixels" yunits="insetPixels"></hotSpot>
			</IconStyle>
			<LabelStyle>
			</LabelStyle>
			<LineStyle>
				<color>ff2dc0fb</color>
				<width>8</width>
			</LineStyle>
			<PolyStyle>
				<color>40ffffff</color>
			</PolyStyle>
			<BalloonStyle>
			</BalloonStyle>
		</Style>
	</gx:CascadingStyle><gx:CascadingStyle kml:id="__managed_style_593B32220D3D3D1AF207">
		<styleUrl>https://earth.google.com/balloon_components/base/1.1.0.0/card_template.kml#main</styleUrl>
		<Style>
			<IconStyle>
				<Icon>
					<href>https://earth.google.com/earth/document/icon?color=1976d2<![CDATA[&]]>id=2000<![CDATA[&]]>scale=4</href>
				</Icon>
				<hotSpot x="64" y="128" xunits="pixels" yunits="insetPixels"></hotSpot>
			</IconStyle>
			<LabelStyle>
			</LabelStyle>
			<LineStyle>
				<color>ff3c8e38</color>
				<width>4</width>
			</LineStyle>
			<PolyStyle>
				<color>40ffffff</color>
			</PolyStyle>
			<BalloonStyle>
			</BalloonStyle>
		</Style>
	</gx:CascadingStyle><gx:CascadingStyle kml:id="__managed_style_7A4856A4F33D3D1AF1E4">
		<Style>
			<IconStyle>
				<scale>1.5</scale>
				<Icon>
					<href>https://earth.google.com/earth/document/icon?color=388e3c<![CDATA[&]]>id=2096<![CDATA[&]]>scale=4</href>
				</Icon>
				<hotSpot x="64" y="128" xunits="pixels" yunits="insetPixels"></hotSpot>
			</IconStyle>
			<LabelStyle>
				<color>fff5a542</color>
			</LabelStyle>
			<LineStyle>
				<color>ff2dc0fb</color>
				<width>4</width>
			</LineStyle>
			<PolyStyle>
				<color>40ffffff</color>
			</PolyStyle>
			<BalloonStyle>
			</BalloonStyle>
		</Style>
	</gx:CascadingStyle>
	<Schema name="__managed_schema" id="__managed_schema">
		<SimpleField type="int" name="0956E0217C33153AB085"><displayName>Precisión (m)</displayName>
</SimpleField>
	</Schema>
	<StyleMap id="__managed_style_01E4A1DFFE3D3D1AF203">
		<Pair>
			<key>normal</key>
			<styleUrl>#__managed_style_12074165DE3D3D1AF203</styleUrl>
		</Pair>
		<Pair>
			<key>highlight</key>
			<styleUrl>#__managed_style_2127531D453D3D1AF203</styleUrl>
		</Pair>
	</StyleMap>
	<StyleMap id="__managed_style_0260229E0E3D3D1AF1EB">
		<Pair>
			<key>normal</key>
			<styleUrl>#failed80</styleUrl>
		</Pair>
		<Pair>
			<key>highlight</key>
			<styleUrl>#failed3110</styleUrl>
		</Pair>
	</StyleMap>
	<StyleMap id="__managed_style_0260229E0E3D3D1AF1EB0">
		<Pair>
			<key>normal</key>
			<styleUrl>#failed66</styleUrl>
		</Pair>
		<Pair>
			<key>highlight</key>
			<styleUrl>#failed65</styleUrl>
		</Pair>
	</StyleMap>
	<StyleMap id="__managed_style_028264E0603D3D1AF226">
		<Pair>
			<key>normal</key>
			<styleUrl>#__managed_style_155FE1DF253D3D1AF226</styleUrl>
		</Pair>
		<Pair>
			<key>highlight</key>
			<styleUrl>#__managed_style_2840632BE83D3D1AF226</styleUrl>
		</Pair>
	</StyleMap>
	<StyleMap id="__managed_style_02E2BCAC973D3D1AF1EC">
		<Pair>
			<key>normal</key>
			<styleUrl>#__managed_style_1588DFA7BD3D3D1AF1EC</styleUrl>
		</Pair>
		<Pair>
			<key>highlight</key>
			<styleUrl>#__managed_style_286D3F3D2D3D3D1AF1EC</styleUrl>
		</Pair>
	</StyleMap>
	<StyleMap id="__managed_style_040940384F3D3D1AF21E">
		<Pair>
			<key>normal</key>
			<styleUrl>#failed62</styleUrl>
		</Pair>
		<Pair>
			<key>highlight</key>
			<styleUrl>#failed61</styleUrl>
		</Pair>
	</StyleMap>
	<StyleMap id="__managed_style_042529A32B3D3D1AF227">
		<Pair>
			<key>normal</key>
			<styleUrl>#__managed_style_1EF8D4714C3D3D1AF227</styleUrl>
		</Pair>
		<Pair>
			<key>highlight</key>
			<styleUrl>#__managed_style_2051D6C9243D3D1AF227</styleUrl>
		</Pair>
	</StyleMap>
	<StyleMap id="__managed_style_04AF00A56E3D3D1AF204">
		<Pair>
			<key>normal</key>
			<styleUrl>#__managed_style_1D97C81B553D3D1AF204</styleUrl>
		</Pair>
		<Pair>
			<key>highlight</key>
			<styleUrl>#__managed_style_280479BB193D3D1AF204</styleUrl>
		</Pair>
	</StyleMap>
	<StyleMap id="__managed_style_0553D7F8D33D3D1AF22B">
		<Pair>
			<key>normal</key>
			<styleUrl>#__managed_style_13F0490D653D3D1AF22B</styleUrl>
		</Pair>
		<Pair>
			<key>highlight</key>
			<styleUrl>#__managed_style_22354515923D3D1AF22B</styleUrl>
		</Pair>
	</StyleMap>
	<StyleMap id="__managed_style_07E5D21C963D3D1AF206">
		<Pair>
			<key>normal</key>
			<styleUrl>#__managed_style_1D491A28BC3D3D1AF206</styleUrl>
		</Pair>
		<Pair>
			<key>highlight</key>
			<styleUrl>#__managed_style_2F9D3AB9103D3D1AF206</styleUrl>
		</Pair>
	</StyleMap>
	<StyleMap id="__managed_style_08C3A00A423D3D1AF1E3">
		<Pair>
			<key>normal</key>
			<styleUrl>#failed68</styleUrl>
		</Pair>
		<Pair>
			<key>highlight</key>
			<styleUrl>#failed67</styleUrl>
		</Pair>
	</StyleMap>
	<StyleMap id="__managed_style_08C3A00A423D3D1AF1E30">
		<Pair>
			<key>normal</key>
			<styleUrl>#failed1</styleUrl>
		</Pair>
		<Pair>
			<key>highlight</key>
			<styleUrl>#failed0</styleUrl>
		</Pair>
	</StyleMap>
	<StyleMap id="__managed_style_08C3A00A423D3D1AF1E300">
		<Pair>
			<key>normal</key>
			<styleUrl>#failed59</styleUrl>
		</Pair>
		<Pair>
			<key>highlight</key>
			<styleUrl>#failed20</styleUrl>
		</Pair>
	</StyleMap>
	<StyleMap id="__managed_style_08C3A00A423D3D1AF1E301">
		<Pair>
			<key>normal</key>
			<styleUrl>#failed25</styleUrl>
		</Pair>
		<Pair>
			<key>highlight</key>
			<styleUrl>#failed15</styleUrl>
		</Pair>
	</StyleMap>
	<StyleMap id="__managed_style_08C3A00A423D3D1AF1E302">
		<Pair>
			<key>normal</key>
			<styleUrl>#__managed_style_109C7C0DF23D3D1AF1E3</styleUrl>
		</Pair>
		<Pair>
			<key>highlight</key>
			<styleUrl>#__managed_style_260BB5E02A3D3D1AF1E3</styleUrl>
		</Pair>
	</StyleMap>
	<StyleMap id="__managed_style_096CE0C23A3D3D1AF1E1">
		<Pair>
			<key>normal</key>
			<styleUrl>#__managed_style_13BED364533D3D1AF1E1</styleUrl>
		</Pair>
		<Pair>
			<key>highlight</key>
			<styleUrl>#__managed_style_2E06E2FFC63D3D1AF1E1</styleUrl>
		</Pair>
	</StyleMap>
	<StyleMap id="__managed_style_09C25839183D3D1AF224">
		<Pair>
			<key>normal</key>
			<styleUrl>#failed32</styleUrl>
		</Pair>
		<Pair>
			<key>highlight</key>
			<styleUrl>#failed63</styleUrl>
		</Pair>
	</StyleMap>
	<StyleMap id="__managed_style_09C4A1A92B3D3D1AF1F3">
		<Pair>
			<key>normal</key>
			<styleUrl>#failed71</styleUrl>
		</Pair>
		<Pair>
			<key>highlight</key>
			<styleUrl>#failed50</styleUrl>
		</Pair>
	</StyleMap>
	<StyleMap id="__managed_style_0A485733163D3D1AF223">
		<Pair>
			<key>normal</key>
			<styleUrl>#failed90</styleUrl>
		</Pair>
		<Pair>
			<key>highlight</key>
			<styleUrl>#failed01</styleUrl>
		</Pair>
	</StyleMap>
	<StyleMap id="__managed_style_0AA66C28733D3D1AF1FB">
		<Pair>
			<key>normal</key>
			<styleUrl>#failed00</styleUrl>
		</Pair>
		<Pair>
			<key>highlight</key>
			<styleUrl>#failed</styleUrl>
		</Pair>
	</StyleMap>
	<StyleMap id="__managed_style_0AA66C28733D3D1AF1FB0">
		<Pair>
			<key>normal</key>
			<styleUrl>#failed72</styleUrl>
		</Pair>
		<Pair>
			<key>highlight</key>
			<styleUrl>#failed33</styleUrl>
		</Pair>
	</StyleMap>
	<StyleMap id="__managed_style_0EA64D58BB3D3D1AF221">
		<Pair>
			<key>normal</key>
			<styleUrl>#failed100</styleUrl>
		</Pair>
		<Pair>
			<key>highlight</key>
			<styleUrl>#failed420</styleUrl>
		</Pair>
	</StyleMap>
	<StyleMap id="__managed_style_0F797CC2323D3D1AF228">
		<Pair>
			<key>normal</key>
			<styleUrl>#__managed_style_16875C92913D3D1AF228</styleUrl>
		</Pair>
		<Pair>
			<key>highlight</key>
			<styleUrl>#__managed_style_2C545287743D3D1AF228</styleUrl>
		</Pair>
	</StyleMap>
	<StyleMap id="__managed_style_0FABFE49B53D3D1AF1E4">
		<Pair>
			<key>normal</key>
			<styleUrl>#failed60</styleUrl>
		</Pair>
		<Pair>
			<key>highlight</key>
			<styleUrl>#failed800</styleUrl>
		</Pair>
	</StyleMap>
	<StyleMap id="__managed_style_10E036319C83D3D1AF1F8">
		<Pair>
			<key>normal</key>
			<styleUrl>#failed001</styleUrl>
		</Pair>
		<Pair>
			<key>highlight</key>
			<styleUrl>#failed91</styleUrl>
		</Pair>
	</StyleMap>
	<StyleMap id="__managed_style_10E036319C83D3D1AF1F80">
		<Pair>
			<key>normal</key>
			<styleUrl>#failed700</styleUrl>
		</Pair>
		<Pair>
			<key>highlight</key>
			<styleUrl>#failed10</styleUrl>
		</Pair>
	</StyleMap>
	<StyleMap id="__managed_style_10E036319C83D3D1AF1F81">
		<Pair>
			<key>normal</key>
			<styleUrl>#failed410</styleUrl>
		</Pair>
		<Pair>
			<key>highlight</key>
			<styleUrl>#failed47</styleUrl>
		</Pair>
	</StyleMap>
	<StyleMap id="__managed_style_10E036319C83D3D1AF1F82">
		<Pair>
			<key>normal</key>
			<styleUrl>#failed590</styleUrl>
		</Pair>
		<Pair>
			<key>highlight</key>
			<styleUrl>#failed36</styleUrl>
		</Pair>
	</StyleMap>
	<StyleMap id="__managed_style_13ED5A130E3D3D1AF1FC">
		<Pair>
			<key>normal</key>
			<styleUrl>#__managed_style_2AE680DF793D3D1AF1FC</styleUrl>
		</Pair>
		<Pair>
			<key>highlight</key>
			<styleUrl>#__managed_style_338D7D22B73D3D1AF1FC</styleUrl>
		</Pair>
	</StyleMap>
	<StyleMap id="__managed_style_143301E6623D3D1AF220">
		<Pair>
			<key>normal</key>
			<styleUrl>#failed220</styleUrl>
		</Pair>
		<Pair>
			<key>highlight</key>
			<styleUrl>#failed13</styleUrl>
		</Pair>
	</StyleMap>
	<StyleMap id="__managed_style_148EC7D8943D3D1AF201">
		<Pair>
			<key>normal</key>
			<styleUrl>#__managed_style_2D10A0B6843D3D1AF201</styleUrl>
		</Pair>
		<Pair>
			<key>highlight</key>
			<styleUrl>#__managed_style_3475C44C993D3D1AF201</styleUrl>
		</Pair>
	</StyleMap>
	<StyleMap id="__managed_style_1548BABC183D3D1AF1FF">
		<Pair>
			<key>normal</key>
			<styleUrl>#__managed_style_25350F02993D3D1AF1FF</styleUrl>
		</Pair>
		<Pair>
			<key>highlight</key>
			<styleUrl>#__managed_style_377F6B196E3D3D1AF1FF</styleUrl>
		</Pair>
	</StyleMap>
	<StyleMap id="__managed_style_17E523489C3D3D1AF1F1">
		<Pair>
			<key>normal</key>
			<styleUrl>#__managed_style_28BE9402BC3D3D1AF1F1</styleUrl>
		</Pair>
		<Pair>
			<key>highlight</key>
			<styleUrl>#__managed_style_3F5530E5B13D3D1AF1F1</styleUrl>
		</Pair>
	</StyleMap>
	<StyleMap id="__managed_style_17E523489C3D3D1AF1F10">
		<Pair>
			<key>normal</key>
			<styleUrl>#failed22</styleUrl>
		</Pair>
		<Pair>
			<key>highlight</key>
			<styleUrl>#failed69</styleUrl>
		</Pair>
	</StyleMap>
	<StyleMap id="__managed_style_19306F0C2D3D3D1AF200">
		<Pair>
			<key>normal</key>
			<styleUrl>#__managed_style_2A1F5999F43D3D1AF200</styleUrl>
		</Pair>
		<Pair>
			<key>highlight</key>
			<styleUrl>#__managed_style_3E9FBB6E153D3D1AF200</styleUrl>
		</Pair>
	</StyleMap>
	<StyleMap id="__managed_style_1981959A1C3D3D1AF1E90">
		<Pair>
			<key>normal</key>
			<styleUrl>#failed26</styleUrl>
		</Pair>
		<Pair>
			<key>highlight</key>
			<styleUrl>#failed37</styleUrl>
		</Pair>
	</StyleMap>
	<StyleMap id="__managed_style_3017F83A0E3D3D1AF208">
		<Pair>
			<key>normal</key>
			<styleUrl>#__managed_style_4319DD9FC93D3D1AF208</styleUrl>
		</Pair>
		<Pair>
			<key>highlight</key>
			<styleUrl>#__managed_style_5A5EFD7AC73D3D1AF208</styleUrl>
		</Pair>
	</StyleMap>
	<StyleMap id="__managed_style_301C8CB4F33D3D1AF221">
		<Pair>
			<key>normal</key>
			<styleUrl>#failed7000</styleUrl>
		</Pair>
		<Pair>
			<key>highlight</key>
			<styleUrl>#failed000</styleUrl>
		</Pair>
	</StyleMap>
	<StyleMap id="__managed_style_315FCD83BB3D3D1AF21E">
		<Pair>
			<key>normal</key>
			<styleUrl>#failed54</styleUrl>
		</Pair>
		<Pair>
			<key>highlight</key>
			<styleUrl>#failed49</styleUrl>
		</Pair>
	</StyleMap>
	<StyleMap id="__managed_style_35F0CEC9603D3D1AF21C">
		<Pair>
			<key>normal</key>
			<styleUrl>#failed56</styleUrl>
		</Pair>
		<Pair>
			<key>highlight</key>
			<styleUrl>#failed29</styleUrl>
		</Pair>
	</StyleMap>
	<StyleMap id="__managed_style_3671F3F4983D3D1AF1E4">
		<Pair>
			<key>normal</key>
			<styleUrl>#failed1110</styleUrl>
		</Pair>
		<Pair>
			<key>highlight</key>
			<styleUrl>#failed500</styleUrl>
		</Pair>
	</StyleMap>
	<StyleMap id="__managed_style_377B109B4B3D3D1AF228">
		<Pair>
			<key>normal</key>
			<styleUrl>#__managed_style_4C8C5174CF3D3D1AF228</styleUrl>
		</Pair>
		<Pair>
			<key>highlight</key>
			<styleUrl>#__managed_style_59E9F661AE3D3D1AF228</styleUrl>
		</Pair>
	</StyleMap>
	<StyleMap id="__managed_style_379D109A4C3D3D1AF203">
		<Pair>
			<key>normal</key>
			<styleUrl>#__managed_style_42DC6B7E153D3D1AF203</styleUrl>
		</Pair>
		<Pair>
			<key>highlight</key>
			<styleUrl>#__managed_style_524D2E7CBF3D3D1AF203</styleUrl>
		</Pair>
	</StyleMap>
	<StyleMap id="__managed_style_38EBB314873D3D1AF1F6">
		<Pair>
			<key>normal</key>
			<styleUrl>#failed27</styleUrl>
		</Pair>
		<Pair>
			<key>highlight</key>
			<styleUrl>#failed82</styleUrl>
		</Pair>
	</StyleMap>
	<StyleMap id="__managed_style_3A05D356B03D3D1AF1F00">
		<Pair>
			<key>normal</key>
			<styleUrl>#failed19</styleUrl>
		</Pair>
		<Pair>
			<key>highlight</key>
			<styleUrl>#failed53</styleUrl>
		</Pair>
	</StyleMap>
	<StyleMap id="__managed_style_3AF29F713F3D3D1AF204">
		<Pair>
			<key>normal</key>
			<styleUrl>#__managed_style_4E101BEB1D3D3D1AF204</styleUrl>
		</Pair>
		<Pair>
			<key>highlight</key>
			<styleUrl>#__managed_style_5937B2931F3D3D1AF204</styleUrl>
		</Pair>
	</StyleMap>
	<StyleMap id="__managed_style_3D4A21614A3D3D1AF224">
		<Pair>
			<key>normal</key>
			<styleUrl>#failed02</styleUrl>
		</Pair>
		<Pair>
			<key>highlight</key>
			<styleUrl>#failed4</styleUrl>
		</Pair>
	</StyleMap>
	<StyleMap id="__managed_style_3E7733BAB23D3D1AF227">
		<Pair>
			<key>normal</key>
			<styleUrl>#__managed_style_4D2BA1A5E43D3D1AF227</styleUrl>
		</Pair>
		<Pair>
			<key>highlight</key>
			<styleUrl>#__managed_style_531C9569A43D3D1AF227</styleUrl>
		</Pair>
	</StyleMap>
	<StyleMap id="__managed_style_3E836412F93D3D1AF1E7">
		<Pair>
			<key>normal</key>
			<styleUrl>#failed270</styleUrl>
		</Pair>
		<Pair>
			<key>highlight</key>
			<styleUrl>#failed18</styleUrl>
		</Pair>
	</StyleMap>
	<StyleMap id="__managed_style_3E836412F93D3D1AF1E70">
		<Pair>
			<key>normal</key>
			<styleUrl>#failed44</styleUrl>
		</Pair>
		<Pair>
			<key>highlight</key>
			<styleUrl>#failed43</styleUrl>
		</Pair>
	</StyleMap>
	<StyleMap id="__managed_style_3F4D5D267C3D3D1AF1FB">
		<Pair>
			<key>normal</key>
			<styleUrl>#failed16</styleUrl>
		</Pair>
		<Pair>
			<key>highlight</key>
			<styleUrl>#failed8</styleUrl>
		</Pair>
	</StyleMap>
	<StyleMap id="__managed_style_3F4D5D267C3D3D1AF1FB0">
		<Pair>
			<key>normal</key>
			<styleUrl>#failed7</styleUrl>
		</Pair>
		<Pair>
			<key>highlight</key>
			<styleUrl>#failed24</styleUrl>
		</Pair>
	</StyleMap>
	<StyleMap id="__managed_style_45AF2E83B63D3D1AF207">
		<Pair>
			<key>normal</key>
			<styleUrl>#__managed_style_593B32220D3D3D1AF207</styleUrl>
		</Pair>
		<Pair>
			<key>highlight</key>
			<styleUrl>#__managed_style_67966F02BE3D3D1AF207</styleUrl>
		</Pair>
	</StyleMap>
	<StyleMap id="__managed_style_45C573F8AD3D3D1AF1FF">
		<Pair>
			<key>normal</key>
			<styleUrl>#__managed_style_567EF827393D3D1AF1FF</styleUrl>
		</Pair>
		<Pair>
			<key>highlight</key>
			<styleUrl>#__managed_style_60C045FADD3D3D1AF1FF</styleUrl>
		</Pair>
	</StyleMap>
	<StyleMap id="__managed_style_490D7427F83D3D1AF1F9">
		<Pair>
			<key>normal</key>
			<styleUrl>#failed31</styleUrl>
		</Pair>
		<Pair>
			<key>highlight</key>
			<styleUrl>#failed14</styleUrl>
		</Pair>
	</StyleMap>
	<StyleMap id="__managed_style_490D7427F83D3D1AF1F90">
		<Pair>
			<key>normal</key>
			<styleUrl>#failed70</styleUrl>
		</Pair>
		<Pair>
			<key>highlight</key>
			<styleUrl>#failed202</styleUrl>
		</Pair>
	</StyleMap>
	<StyleMap id="__managed_style_49FDB04CAA3D3D1AF200">
		<Pair>
			<key>normal</key>
			<styleUrl>#__managed_style_5B0BBA9A4B3D3D1AF200</styleUrl>
		</Pair>
		<Pair>
			<key>highlight</key>
			<styleUrl>#__managed_style_68A94C57B63D3D1AF200</styleUrl>
		</Pair>
	</StyleMap>
	<StyleMap id="__managed_style_4A151F7A6F3D3D1AF1FC">
		<Pair>
			<key>normal</key>
			<styleUrl>#__managed_style_55EEE6A1153D3D1AF1FC</styleUrl>
		</Pair>
		<Pair>
			<key>highlight</key>
			<styleUrl>#__managed_style_6C17FCE1543D3D1AF1FC</styleUrl>
		</Pair>
	</StyleMap>
	<StyleMap id="__managed_style_4B4EF00DC93D3D1AF1E8">
		<Pair>
			<key>normal</key>
			<styleUrl>#failed48</styleUrl>
		</Pair>
		<Pair>
			<key>highlight</key>
			<styleUrl>#failed331</styleUrl>
		</Pair>
	</StyleMap>
	<StyleMap id="__managed_style_60F066DB3C3D3D1AF22C">
		<Pair>
			<key>normal</key>
			<styleUrl>#failed38</styleUrl>
		</Pair>
		<Pair>
			<key>highlight</key>
			<styleUrl>#failed39</styleUrl>
		</Pair>
	</StyleMap>
	<StyleMap id="__managed_style_662AAC70183D3D1AF228">
		<Pair>
			<key>normal</key>
			<styleUrl>#__managed_style_7003BE5F793D3D1AF228</styleUrl>
		</Pair>
		<Pair>
			<key>highlight</key>
			<styleUrl>#__managed_style_8E4EF7D6EF3D3D1AF228</styleUrl>
		</Pair>
	</StyleMap>
	<StyleMap id="__managed_style_6734B4C7BC3D3D1AF224">
		<Pair>
			<key>normal</key>
			<styleUrl>#failed64</styleUrl>
		</Pair>
		<Pair>
			<key>highlight</key>
			<styleUrl>#failed9</styleUrl>
		</Pair>
	</StyleMap>
	<StyleMap id="__managed_style_683EF5D2873D3D1AF1E6">
		<Pair>
			<key>normal</key>
			<styleUrl>#failed41</styleUrl>
		</Pair>
		<Pair>
			<key>highlight</key>
			<styleUrl>#failed250</styleUrl>
		</Pair>
	</StyleMap>
	<StyleMap id="__managed_style_683EF5D2873D3D1AF1E60">
		<Pair>
			<key>normal</key>
			<styleUrl>#failed58</styleUrl>
		</Pair>
		<Pair>
			<key>highlight</key>
			<styleUrl>#failed45</styleUrl>
		</Pair>
	</StyleMap>
	<StyleMap id="__managed_style_683EF5D2873D3D1AF1E600">
		<Pair>
			<key>normal</key>
			<styleUrl>#failed40</styleUrl>
		</Pair>
		<Pair>
			<key>highlight</key>
			<styleUrl>#failed110</styleUrl>
		</Pair>
	</StyleMap>
	<StyleMap id="__managed_style_683EF5D2873D3D1AF1E61">
		<Pair>
			<key>normal</key>
			<styleUrl>#failed290</styleUrl>
		</Pair>
		<Pair>
			<key>highlight</key>
			<styleUrl>#failed51</styleUrl>
		</Pair>
	</StyleMap>
	<StyleMap id="__managed_style_683EF5D2873D3D1AF1E62">
		<Pair>
			<key>normal</key>
			<styleUrl>#failed201</styleUrl>
		</Pair>
		<Pair>
			<key>highlight</key>
			<styleUrl>#failed160</styleUrl>
		</Pair>
	</StyleMap>
	<StyleMap id="__managed_style_683EF5D2873D3D1AF1E63">
		<Pair>
			<key>normal</key>
			<styleUrl>#failed23</styleUrl>
		</Pair>
		<Pair>
			<key>highlight</key>
			<styleUrl>#failed34</styleUrl>
		</Pair>
	</StyleMap>
	<StyleMap id="__managed_style_683EF5D2873D3D1AF1E64">
		<Pair>
			<key>normal</key>
			<styleUrl>#failed111</styleUrl>
		</Pair>
		<Pair>
			<key>highlight</key>
			<styleUrl>#failed330</styleUrl>
		</Pair>
	</StyleMap>
	<StyleMap id="__managed_style_683EF5D2873D3D1AF1E65">
		<Pair>
			<key>normal</key>
			<styleUrl>#failed311</styleUrl>
		</Pair>
		<Pair>
			<key>highlight</key>
			<styleUrl>#failed6</styleUrl>
		</Pair>
	</StyleMap>
	<StyleMap id="__managed_style_683EF5D2873D3D1AF1E66">
		<Pair>
			<key>normal</key>
			<styleUrl>#failed30</styleUrl>
		</Pair>
		<Pair>
			<key>highlight</key>
			<styleUrl>#failed320</styleUrl>
		</Pair>
	</StyleMap>
	<StyleMap id="__managed_style_6857E749B23D3D1AF204">
		<Pair>
			<key>normal</key>
			<styleUrl>#__managed_style_70855C65233D3D1AF204</styleUrl>
		</Pair>
		<Pair>
			<key>highlight</key>
			<styleUrl>#__managed_style_8C621E99EF3D3D1AF204</styleUrl>
		</Pair>
	</StyleMap>
	<StyleMap id="__managed_style_69130AB1333D3D1AF1E4">
		<Pair>
			<key>normal</key>
			<styleUrl>#failed210</styleUrl>
		</Pair>
		<Pair>
			<key>highlight</key>
			<styleUrl>#failed310</styleUrl>
		</Pair>
	</StyleMap>
	<StyleMap id="__managed_style_6CC437F3E43D3D1AF1FB">
		<Pair>
			<key>normal</key>
			<styleUrl>#__managed_style_7A4058F1C23D3D1AF1FB</styleUrl>
		</Pair>
		<Pair>
			<key>highlight</key>
			<styleUrl>#__managed_style_888BC5D8DC3D3D1AF1FB</styleUrl>
		</Pair>
	</StyleMap>
	<StyleMap id="__managed_style_79FAB931333D3D1AF200">
		<Pair>
			<key>normal</key>
			<styleUrl>#__managed_style_89E95D58CD3D3D1AF200</styleUrl>
		</Pair>
		<Pair>
			<key>highlight</key>
			<styleUrl>#__managed_style_0B94FE806C3D3D1AF201</styleUrl>
		</Pair>
	</StyleMap>
	<StyleMap id="__managed_style_7AC11CEE833D3D1AF1FF">
		<Pair>
			<key>normal</key>
			<styleUrl>#__managed_style_80011171593D3D1AF1FF</styleUrl>
		</Pair>
		<Pair>
			<key>highlight</key>
			<styleUrl>#__managed_style_076A2B87E13D3D1AF200</styleUrl>
		</Pair>
	</StyleMap>
	<StyleMap id="__managed_style_7AE0D890763D3D1AF1FC">
		<Pair>
			<key>normal</key>
			<styleUrl>#__managed_style_8E7441D77C3D3D1AF1FC</styleUrl>
		</Pair>
		<Pair>
			<key>highlight</key>
			<styleUrl>#__managed_style_9D8A61D7653D3D1AF1FC</styleUrl>
		</Pair>
	</StyleMap>
	<StyleMap id="__managed_style_7AF888516F3D3D1AF1F9">
		<Pair>
			<key>normal</key>
			<styleUrl>#__managed_style_81CEE7041C3D3D1AF1F9</styleUrl>
		</Pair>
		<Pair>
			<key>highlight</key>
			<styleUrl>#__managed_style_91B12DC07D3D3D1AF1F9</styleUrl>
		</Pair>
	</StyleMap>
	<StyleMap id="__managed_style_7AF888516F3D3D1AF1F90">
		<Pair>
			<key>normal</key>
			<styleUrl>#failed12</styleUrl>
		</Pair>
		<Pair>
			<key>highlight</key>
			<styleUrl>#failed11</styleUrl>
		</Pair>
	</StyleMap>
	<StyleMap id="__managed_style_7AF888516F3D3D1AF1F91">
		<Pair>
			<key>normal</key>
			<styleUrl>#failed5</styleUrl>
		</Pair>
		<Pair>
			<key>highlight</key>
			<styleUrl>#failed3</styleUrl>
		</Pair>
	</StyleMap>
	<StyleMap id="__managed_style_7AF888516F3D3D1AF1F92">
		<Pair>
			<key>normal</key>
			<styleUrl>#failed42</styleUrl>
		</Pair>
		<Pair>
			<key>highlight</key>
			<styleUrl>#failed2</styleUrl>
		</Pair>
	</StyleMap>
	<StyleMap id="__managed_style_9261DC05C93D3D1AF1FB">
		<Pair>
			<key>normal</key>
			<styleUrl>#__managed_style_AD1A0B25453D3D1AF1FB</styleUrl>
		</Pair>
		<Pair>
			<key>highlight</key>
			<styleUrl>#__managed_style_B4EB0653CA3D3D1AF1FB</styleUrl>
		</Pair>
	</StyleMap>
	<StyleMap id="__managed_style_9288FC1E963D3D1AF224">
		<Pair>
			<key>normal</key>
			<styleUrl>#failed57</styleUrl>
		</Pair>
		<Pair>
			<key>highlight</key>
			<styleUrl>#failed52</styleUrl>
		</Pair>
	</StyleMap>
	<StyleMap id="__managed_style_9C81FC2EE93D3D1AF228">
		<Pair>
			<key>normal</key>
			<styleUrl>#__managed_style_AB7F794FB83D3D1AF228</styleUrl>
		</Pair>
		<Pair>
			<key>highlight</key>
			<styleUrl>#__managed_style_BD8D917A613D3D1AF228</styleUrl>
		</Pair>
	</StyleMap>
	<StyleMap id="__managed_style_A9080526A63D3D1AF1FC">
		<Pair>
			<key>normal</key>
			<styleUrl>#__managed_style_B793A4AA293D3D1AF1FC</styleUrl>
		</Pair>
		<Pair>
			<key>highlight</key>
			<styleUrl>#__managed_style_C72081F1453D3D1AF1FC</styleUrl>
		</Pair>
	</StyleMap>
	<StyleMap id="__managed_style_AF317DCB593D3D1AF1F8">
		<Pair>
			<key>normal</key>
			<styleUrl>#failed21</styleUrl>
		</Pair>
		<Pair>
			<key>highlight</key>
			<styleUrl>#failed240</styleUrl>
		</Pair>
	</StyleMap>
	<StyleMap id="__managed_style_AF317DCB593D3D1AF1F80">
		<Pair>
			<key>normal</key>
			<styleUrl>#failed17</styleUrl>
		</Pair>
		<Pair>
			<key>highlight</key>
			<styleUrl>#failed112</styleUrl>
		</Pair>
	</StyleMap>
	<StyleMap id="__managed_style_C8C3259D5D3D3D1AF1FB">
		<Pair>
			<key>normal</key>
			<styleUrl>#__managed_style_D43D8773EC3D3D1AF1FB</styleUrl>
		</Pair>
		<Pair>
			<key>highlight</key>
			<styleUrl>#__managed_style_0552FE47753D3D1AF1FC</styleUrl>
		</Pair>
	</StyleMap>
	<StyleMap id="__managed_style_C97E79FA363D3D1AF204">
		<Pair>
			<key>normal</key>
			<styleUrl>#__managed_style_D436E33C703D3D1AF204</styleUrl>
		</Pair>
		<Pair>
			<key>highlight</key>
			<styleUrl>#__managed_style_E4D1256A5D3D3D1AF204</styleUrl>
		</Pair>
	</StyleMap>
	<StyleMap id="__managed_style_CBEF71B23C3D3D1AF228">
		<Pair>
			<key>normal</key>
			<styleUrl>#__managed_style_D2539189D83D3D1AF228</styleUrl>
		</Pair>
		<Pair>
			<key>highlight</key>
			<styleUrl>#__managed_style_E13F155E213D3D1AF228</styleUrl>
		</Pair>
	</StyleMap>
	<StyleMap id="__managed_style_D419F6067C3D3D1AF1F8">
		<Pair>
			<key>normal</key>
			<styleUrl>#failed120</styleUrl>
		</Pair>
		<Pair>
			<key>highlight</key>
			<styleUrl>#failed46</styleUrl>
		</Pair>
	</StyleMap>
	<StyleMap id="__managed_style_D419F6067C3D3D1AF1F80">
		<Pair>
			<key>normal</key>
			<styleUrl>#failed140</styleUrl>
		</Pair>
		<Pair>
			<key>highlight</key>
			<styleUrl>#failed200</styleUrl>
		</Pair>
	</StyleMap>
	<StyleMap id="__managed_style_D419F6067C3D3D1AF1F81">
		<Pair>
			<key>normal</key>
			<styleUrl>#failed28</styleUrl>
		</Pair>
		<Pair>
			<key>highlight</key>
			<styleUrl>#failed150</styleUrl>
		</Pair>
	</StyleMap>
	<StyleMap id="__managed_style_D419F6067C3D3D1AF1F82">
		<Pair>
			<key>normal</key>
			<styleUrl>#failed81</styleUrl>
		</Pair>
		<Pair>
			<key>highlight</key>
			<styleUrl>#failed35</styleUrl>
		</Pair>
	</StyleMap>
	<StyleMap id="__managed_style_D419F6067C3D3D1AF1F83">
		<Pair>
			<key>normal</key>
			<styleUrl>#failed55</styleUrl>
		</Pair>
		<Pair>
			<key>highlight</key>
			<styleUrl>#failed550</styleUrl>
		</Pair>
	</StyleMap>
	<StyleMap id="__managed_style_DF59BE15593D3D1AF1FC">
		<Pair>
			<key>normal</key>
			<styleUrl>#__managed_style_EEFEA7F1B83D3D1AF1FC</styleUrl>
		</Pair>
		<Pair>
			<key>highlight</key>
			<styleUrl>#__managed_style_F5E83C3D813D3D1AF1FC</styleUrl>
		</Pair>
	</StyleMap>
	<Style id="failed">
		<IconStyle>
			<scale>1.5</scale>
			<Icon>
				<href>Pictures/se_aletica_2.jpg</href>
			</Icon>
			<hotSpot x="0.5" y="0.5" xunits="fraction" yunits="fraction"/>
		</IconStyle>
	</Style>
	<Style id="failed0">
		<LineStyle>
			<color>ff0000ff</color>
			<width>3</width>
		</LineStyle>
	</Style>
	<Style id="failed00">
		<IconStyle>
			<scale>1.5</scale>
			<Icon>
				<href>Pictures/se_aletica_2.jpg</href>
			</Icon>
			<hotSpot x="0.5" y="0.5" xunits="fraction" yunits="fraction"/>
		</IconStyle>
	</Style>
	<Style id="failed000">
		<LineStyle>
			<color>ff00ffff</color>
			<width>6.6</width>
		</LineStyle>
	</Style>
	<Style id="failed001">
		<IconStyle>
			<scale>1.5</scale>
			<Icon>
				<href>Pictures/se_aletica_2.jpg</href>
			</Icon>
			<hotSpot x="0.5" y="0.5" xunits="fraction" yunits="fraction"/>
		</IconStyle>
	</Style>
	<Style id="failed01">
		<LineStyle>
			<color>ffffff55</color>
			<width>6</width>
		</LineStyle>
	</Style>
	<Style id="failed02">
		<LineStyle>
			<color>ff0055ff</color>
			<width>2</width>
		</LineStyle>
	</Style>
	<Style id="failed1">
		<LineStyle>
			<color>ff0000ff</color>
			<width>3</width>
		</LineStyle>
	</Style>
	<Style id="failed10">
		<IconStyle>
			<scale>1.5</scale>
			<Icon>
				<href>Pictures/se_aletica_2.jpg</href>
			</Icon>
			<hotSpot x="0.5" y="0.5" xunits="fraction" yunits="fraction"/>
		</IconStyle>
	</Style>
	<Style id="failed100">
		<LineStyle>
			<color>ff00ffff</color>
			<width>6.6</width>
		</LineStyle>
	</Style>
	<Style id="failed11">
		<LineStyle>
			<color>ff0000ff</color>
			<width>3</width>
		</LineStyle>
	</Style>
	<Style id="failed110">
		<IconStyle>
			<Icon>
				<href>Pictures/cuerpo_Colina_39126175.png</href>
			</Icon>
			<hotSpot x="0.5" y="0.5" xunits="fraction" yunits="fraction"/>
		</IconStyle>
	</Style>
	<Style id="failed111">
		<IconStyle>
			<Icon>
				<href>Pictures/cuerpo_Santiago_328721879.jpg</href>
			</Icon>
			<hotSpot x="0.5" y="0.5" xunits="fraction" yunits="fraction"/>
		</IconStyle>
	</Style>
	<Style id="failed1110">
		<IconStyle>
			<scale>1.2</scale>
			<Icon>
				<href>http://maps.google.com/mapfiles/kml/shapes/heliport.png</href>
			</Icon>
			<hotSpot x="0.5" y="0" xunits="fraction" yunits="fraction"/>
		</IconStyle>
	</Style>
	<Style id="failed112">
		<IconStyle>
			<Icon>
				<href>Pictures/automated-external-defibrillator-heart-symbol-free-vector.jpg</href>
			</Icon>
			<hotSpot x="0.5" y="0.5" xunits="fraction" yunits="fraction"/>
		</IconStyle>
	</Style>
	<Style id="failed12">
		<LineStyle>
			<color>ff0000ff</color>
			<width>3</width>
		</LineStyle>
	</Style>
	<Style id="failed120">
		<PolyStyle>
			<color>8000dfdf</color>
		</PolyStyle>
	</Style>
	<Style id="failed13">
		<IconStyle>
			<scale>1.5</scale>
			<Icon>
				<href>Pictures/se_aletica_2.jpg</href>
			</Icon>
			<hotSpot x="0.5" y="0.5" xunits="fraction" yunits="fraction"/>
		</IconStyle>
	</Style>
	<Style id="failed14">
		<IconStyle>
			<scale>1.5</scale>
			<Icon>
				<href>Pictures/se_aletica_2.jpg</href>
			</Icon>
			<hotSpot x="0.5" y="0.5" xunits="fraction" yunits="fraction"/>
		</IconStyle>
	</Style>
	<Style id="failed140">
		<PolyStyle>
			<color>8000dfdf</color>
		</PolyStyle>
	</Style>
	<Style id="failed15">
		<LineStyle>
			<color>ff0000ff</color>
			<width>3</width>
		</LineStyle>
	</Style>
	<Style id="failed150">
		<PolyStyle>
			<color>8000dfdf</color>
		</PolyStyle>
	</Style>
	<Style id="failed16">
		<LineStyle>
			<color>ff0000ff</color>
			<width>3</width>
		</LineStyle>
	</Style>
	<Style id="failed160">
		<IconStyle>
			<Icon>
				<href>Pictures/cuerpo_Santiago_328721879.jpg</href>
			</Icon>
			<hotSpot x="0.5" y="0.5" xunits="fraction" yunits="fraction"/>
		</IconStyle>
	</Style>
	<Style id="failed17">
		<IconStyle>
			<Icon>
				<href>Pictures/automated-external-defibrillator-heart-symbol-free-vector.jpg</href>
			</Icon>
			<hotSpot x="0.5" y="0.5" xunits="fraction" yunits="fraction"/>
		</IconStyle>
	</Style>
	<Style id="failed18">
		<IconStyle>
			<Icon>
				<href>Pictures/Roundel_of_Carabineros_de_Chile.svg.png</href>
			</Icon>
			<hotSpot x="0.5" y="0.5" xunits="fraction" yunits="fraction"/>
		</IconStyle>
	</Style>
	<Style id="failed19">
		<IconStyle>
			<Icon>
				<href>Pictures/automated-external-defibrillator-heart-symbol-free-vector.jpg</href>
			</Icon>
			<hotSpot x="0.5" y="0.5" xunits="fraction" yunits="fraction"/>
		</IconStyle>
	</Style>
	<Style id="failed2">
		<LineStyle>
			<color>ff0000ff</color>
			<width>3</width>
		</LineStyle>
	</Style>
	<Style id="failed20">
		<LineStyle>
			<color>ff0000ff</color>
			<width>3</width>
		</LineStyle>
	</Style>
	<Style id="failed200">
		<PolyStyle>
			<color>8000dfdf</color>
		</PolyStyle>
	</Style>
	<Style id="failed201">
		<IconStyle>
			<Icon>
				<href>Pictures/cuerpo_Santiago_328721879.jpg</href>
			</Icon>
			<hotSpot x="0.5" y="0.5" xunits="fraction" yunits="fraction"/>
		</IconStyle>
	</Style>
	<Style id="failed202">
		<IconStyle>
			<scale>1.5</scale>
			<Icon>
				<href>Pictures/se_aletica_2.jpg</href>
			</Icon>
			<hotSpot x="0.5" y="0.5" xunits="fraction" yunits="fraction"/>
		</IconStyle>
	</Style>
	<Style id="failed21">
		<IconStyle>
			<Icon>
				<href>Pictures/automated-external-defibrillator-heart-symbol-free-vector.jpg</href>
			</Icon>
			<hotSpot x="0.5" y="0.5" xunits="fraction" yunits="fraction"/>
		</IconStyle>
	</Style>
	<Style id="failed210">
		<IconStyle>
			<Icon>
				<href>Pictures/achssalud_logo.jpg</href>
			</Icon>
			<hotSpot x="0.5" y="0.5" xunits="fraction" yunits="fraction"/>
		</IconStyle>
	</Style>
	<Style id="failed22">
		<LineStyle>
			<color>ff2bff2e</color>
			<width>5</width>
		</LineStyle>
	</Style>
	<Style id="failed220">
		<IconStyle>
			<scale>1.5</scale>
			<Icon>
				<href>Pictures/se_aletica_2.jpg</href>
			</Icon>
			<hotSpot x="0.5" y="0.5" xunits="fraction" yunits="fraction"/>
		</IconStyle>
	</Style>
	<Style id="failed23">
		<IconStyle>
			<Icon>
				<href>Pictures/cuerpo_Santiago_328721879.jpg</href>
			</Icon>
			<hotSpot x="0.5" y="0.5" xunits="fraction" yunits="fraction"/>
		</IconStyle>
	</Style>
	<Style id="failed24">
		<LineStyle>
			<color>ff0000ff</color>
			<width>3</width>
		</LineStyle>
	</Style>
	<Style id="failed240">
		<IconStyle>
			<Icon>
				<href>Pictures/automated-external-defibrillator-heart-symbol-free-vector.jpg</href>
			</Icon>
			<hotSpot x="0.5" y="0.5" xunits="fraction" yunits="fraction"/>
		</IconStyle>
	</Style>
	<Style id="failed25">
		<LineStyle>
			<color>ff0000ff</color>
			<width>3</width>
		</LineStyle>
	</Style>
	<Style id="failed250">
		<IconStyle>
			<Icon>
				<href>Pictures/cuerpo_Santiago_328721879.jpg</href>
			</Icon>
			<hotSpot x="0.5" y="0.5" xunits="fraction" yunits="fraction"/>
		</IconStyle>
	</Style>
	<Style id="failed26">
		<IconStyle>
			<scale>1.8</scale>
			<Icon>
				<href>http://maps.google.com/mapfiles/kml/shapes/lodging.png</href>
			</Icon>
			<hotSpot x="0.5" y="0" xunits="fraction" yunits="fraction"/>
		</IconStyle>
	</Style>
	<Style id="failed27">
		<IconStyle>
			<scale>1.2</scale>
			<Icon>
				<href>http://maps.google.com/mapfiles/kml/shapes/camera.png</href>
			</Icon>
			<hotSpot x="0.5" y="0" xunits="fraction" yunits="fraction"/>
		</IconStyle>
	</Style>
	<Style id="failed270">
		<IconStyle>
			<Icon>
				<href>Pictures/Roundel_of_Carabineros_de_Chile.svg.png</href>
			</Icon>
			<hotSpot x="0.5" y="0.5" xunits="fraction" yunits="fraction"/>
		</IconStyle>
	</Style>
	<Style id="failed28">
		<PolyStyle>
			<color>8000dfdf</color>
		</PolyStyle>
	</Style>
	<Style id="failed29">
		<IconStyle>
			<Icon>
				<href>Pictures/cuerpo_Santiago_328721879.jpg</href>
			</Icon>
			<hotSpot x="0.5" y="0.5" xunits="fraction" yunits="fraction"/>
		</IconStyle>
	</Style>
	<Style id="failed290">
		<IconStyle>
			<Icon>
				<href>Pictures/cuerpo_Santiago_328721879.jpg</href>
			</Icon>
			<hotSpot x="0.5" y="0.5" xunits="fraction" yunits="fraction"/>
		</IconStyle>
	</Style>
	<Style id="failed3">
		<LineStyle>
			<color>ff0000ff</color>
			<width>3</width>
		</LineStyle>
	</Style>
	<Style id="failed30">
		<IconStyle>
			<Icon>
				<href>Pictures/cuerpo_Colina_39126175.png</href>
			</Icon>
			<hotSpot x="0.5" y="0.5" xunits="fraction" yunits="fraction"/>
		</IconStyle>
	</Style>
	<Style id="failed31">
		<IconStyle>
			<scale>1.5</scale>
			<Icon>
				<href>Pictures/se_aletica_2.jpg</href>
			</Icon>
			<hotSpot x="0.5" y="0.5" xunits="fraction" yunits="fraction"/>
		</IconStyle>
	</Style>
	<Style id="failed310">
		<IconStyle>
			<Icon>
				<href>Pictures/achssalud_logo.jpg</href>
			</Icon>
			<hotSpot x="0.5" y="0.5" xunits="fraction" yunits="fraction"/>
		</IconStyle>
	</Style>
	<Style id="failed311">
		<IconStyle>
			<Icon>
				<href>Pictures/cuerpo_Santiago_328721879.jpg</href>
			</Icon>
			<hotSpot x="0.5" y="0.5" xunits="fraction" yunits="fraction"/>
		</IconStyle>
	</Style>
	<Style id="failed3110">
		<PolyStyle>
			<color>8000ffff</color>
		</PolyStyle>
	</Style>
	<Style id="failed32">
		<LineStyle>
			<color>ffff55aa</color>
			<width>2</width>
		</LineStyle>
	</Style>
	<Style id="failed320">
		<IconStyle>
			<Icon>
				<href>Pictures/cuerpo_Colina_39126175.png</href>
			</Icon>
			<hotSpot x="0.5" y="0.5" xunits="fraction" yunits="fraction"/>
		</IconStyle>
	</Style>
	<Style id="failed33">
		<IconStyle>
			<scale>1.5</scale>
			<Icon>
				<href>Pictures/se_aletica_2.jpg</href>
			</Icon>
			<hotSpot x="0.5" y="0.5" xunits="fraction" yunits="fraction"/>
		</IconStyle>
	</Style>
	<Style id="failed330">
		<IconStyle>
			<Icon>
				<href>Pictures/cuerpo_Santiago_328721879.jpg</href>
			</Icon>
			<hotSpot x="0.5" y="0.5" xunits="fraction" yunits="fraction"/>
		</IconStyle>
	</Style>
	<Style id="failed331">
		<LineStyle>
			<width>2</width>
		</LineStyle>
		<PolyStyle>
			<color>8000aa00</color>
		</PolyStyle>
	</Style>
	<Style id="failed34">
		<IconStyle>
			<Icon>
				<href>Pictures/cuerpo_Santiago_328721879.jpg</href>
			</Icon>
			<hotSpot x="0.5" y="0.5" xunits="fraction" yunits="fraction"/>
		</IconStyle>
	</Style>
	<Style id="failed35">
		<PolyStyle>
			<color>8000dfdf</color>
		</PolyStyle>
	</Style>
	<Style id="failed36">
		<IconStyle>
			<scale>1.5</scale>
			<Icon>
				<href>Pictures/se_aletica_2.jpg</href>
			</Icon>
			<hotSpot x="0.5" y="0.5" xunits="fraction" yunits="fraction"/>
		</IconStyle>
	</Style>
	<Style id="failed37">
		<IconStyle>
			<scale>1.8</scale>
			<Icon>
				<href>http://maps.google.com/mapfiles/kml/shapes/lodging.png</href>
			</Icon>
			<hotSpot x="0.5" y="0" xunits="fraction" yunits="fraction"/>
		</IconStyle>
	</Style>
	<Style id="failed38">
		<LineStyle>
			<color>ff0000ff</color>
			<width>3.6</width>
		</LineStyle>
	</Style>
	<Style id="failed39">
		<LineStyle>
			<color>ff0000ff</color>
			<width>3.6</width>
		</LineStyle>
	</Style>
	<Style id="failed4">
		<LineStyle>
			<color>ff0055ff</color>
			<width>2</width>
		</LineStyle>
	</Style>
	<Style id="failed40">
		<IconStyle>
			<Icon>
				<href>Pictures/cuerpo_Colina_39126175.png</href>
			</Icon>
			<hotSpot x="0.5" y="0.5" xunits="fraction" yunits="fraction"/>
		</IconStyle>
	</Style>
	<Style id="failed41">
		<IconStyle>
			<Icon>
				<href>Pictures/cuerpo_Santiago_328721879.jpg</href>
			</Icon>
			<hotSpot x="0.5" y="0.5" xunits="fraction" yunits="fraction"/>
		</IconStyle>
	</Style>
	<Style id="failed410">
		<IconStyle>
			<scale>1.5</scale>
			<Icon>
				<href>Pictures/se_aletica_2.jpg</href>
			</Icon>
			<hotSpot x="0.5" y="0.5" xunits="fraction" yunits="fraction"/>
		</IconStyle>
	</Style>
	<Style id="failed42">
		<LineStyle>
			<color>ff0000ff</color>
			<width>3</width>
		</LineStyle>
	</Style>
	<Style id="failed420">
		<LineStyle>
			<color>ff00ffff</color>
			<width>6.6</width>
		</LineStyle>
	</Style>
	<Style id="failed43">
		<IconStyle>
			<Icon>
				<href>Pictures/Roundel_of_Carabineros_de_Chile.svg.png</href>
			</Icon>
			<hotSpot x="0.5" y="0.5" xunits="fraction" yunits="fraction"/>
		</IconStyle>
	</Style>
	<Style id="failed44">
		<IconStyle>
			<Icon>
				<href>Pictures/Roundel_of_Carabineros_de_Chile.svg.png</href>
			</Icon>
			<hotSpot x="0.5" y="0.5" xunits="fraction" yunits="fraction"/>
		</IconStyle>
	</Style>
	<Style id="failed45">
		<IconStyle>
			<Icon>
				<href>Pictures/cuerpo_Santiago_328721879.jpg</href>
			</Icon>
			<hotSpot x="0.5" y="0.5" xunits="fraction" yunits="fraction"/>
		</IconStyle>
	</Style>
	<Style id="failed46">
		<PolyStyle>
			<color>8000dfdf</color>
		</PolyStyle>
	</Style>
	<Style id="failed47">
		<IconStyle>
			<scale>1.5</scale>
			<Icon>
				<href>Pictures/se_aletica_2.jpg</href>
			</Icon>
			<hotSpot x="0.5" y="0.5" xunits="fraction" yunits="fraction"/>
		</IconStyle>
	</Style>
	<Style id="failed48">
		<LineStyle>
			<width>2</width>
		</LineStyle>
		<PolyStyle>
			<color>8000aa00</color>
		</PolyStyle>
	</Style>
	<Style id="failed49">
		<IconStyle>
			<Icon>
				<href>Pictures/Roundel_of_Carabineros_de_Chile.svg.png</href>
			</Icon>
			<hotSpot x="0.5" y="0.5" xunits="fraction" yunits="fraction"/>
		</IconStyle>
	</Style>
	<Style id="failed5">
		<LineStyle>
			<color>ff0000ff</color>
			<width>3</width>
		</LineStyle>
	</Style>
	<Style id="failed50">
		<IconStyle>
			<scale>1.3</scale>
			<Icon>
				<href>http://maps.google.com/mapfiles/kml/pushpin/ltblu-pushpin.png</href>
			</Icon>
			<hotSpot x="20" y="2" xunits="pixels" yunits="pixels"/>
		</IconStyle>
	</Style>
	<Style id="failed500">
		<IconStyle>
			<scale>1.4</scale>
			<Icon>
				<href>http://maps.google.com/mapfiles/kml/shapes/heliport.png</href>
			</Icon>
			<hotSpot x="0.5" y="0" xunits="fraction" yunits="fraction"/>
		</IconStyle>
	</Style>
	<Style id="failed51">
		<IconStyle>
			<Icon>
				<href>Pictures/cuerpo_Santiago_328721879.jpg</href>
			</Icon>
			<hotSpot x="0.5" y="0.5" xunits="fraction" yunits="fraction"/>
		</IconStyle>
	</Style>
	<Style id="failed52">
		<LineStyle>
			<width>2</width>
		</LineStyle>
		<PolyStyle>
			<color>8000aa00</color>
		</PolyStyle>
	</Style>
	<Style id="failed53">
		<IconStyle>
			<Icon>
				<href>Pictures/automated-external-defibrillator-heart-symbol-free-vector.jpg</href>
			</Icon>
			<hotSpot x="0.5" y="0.5" xunits="fraction" yunits="fraction"/>
		</IconStyle>
	</Style>
	<Style id="failed54">
		<IconStyle>
			<Icon>
				<href>Pictures/Roundel_of_Carabineros_de_Chile.svg.png</href>
			</Icon>
			<hotSpot x="0.5" y="0.5" xunits="fraction" yunits="fraction"/>
		</IconStyle>
	</Style>
	<Style id="failed55">
		<PolyStyle>
			<color>8000dfdf</color>
		</PolyStyle>
	</Style>
	<Style id="failed550">
		<PolyStyle>
			<color>8000dfdf</color>
		</PolyStyle>
	</Style>
	<Style id="failed56">
		<IconStyle>
			<Icon>
				<href>Pictures/cuerpo_Santiago_328721879.jpg</href>
			</Icon>
			<hotSpot x="0.5" y="0.5" xunits="fraction" yunits="fraction"/>
		</IconStyle>
	</Style>
	<Style id="failed57">
		<LineStyle>
			<width>2</width>
		</LineStyle>
		<PolyStyle>
			<color>8000aa00</color>
		</PolyStyle>
	</Style>
	<Style id="failed58">
		<IconStyle>
			<Icon>
				<href>Pictures/cuerpo_Santiago_328721879.jpg</href>
			</Icon>
			<hotSpot x="0.5" y="0.5" xunits="fraction" yunits="fraction"/>
		</IconStyle>
	</Style>
	<Style id="failed59">
		<LineStyle>
			<color>ff0000ff</color>
			<width>3</width>
		</LineStyle>
	</Style>
	<Style id="failed590">
		<IconStyle>
			<scale>1.5</scale>
			<Icon>
				<href>Pictures/se_aletica_2.jpg</href>
			</Icon>
			<hotSpot x="0.5" y="0.5" xunits="fraction" yunits="fraction"/>
		</IconStyle>
	</Style>
	<Style id="failed6">
		<IconStyle>
			<Icon>
				<href>Pictures/cuerpo_Santiago_328721879.jpg</href>
			</Icon>
			<hotSpot x="0.5" y="0.5" xunits="fraction" yunits="fraction"/>
		</IconStyle>
	</Style>
	<Style id="failed60">
		<IconStyle>
			<Icon>
				<href>Pictures/Wvl9gSSp_400x400.jpg</href>
			</Icon>
			<hotSpot x="0.5" y="0.5" xunits="fraction" yunits="fraction"/>
		</IconStyle>
	</Style>
	<Style id="failed61">
		<IconStyle>
			<Icon>
				<href>Pictures/cuerpo_Santiago_328721879.jpg</href>
			</Icon>
			<hotSpot x="0.5" y="0.5" xunits="fraction" yunits="fraction"/>
		</IconStyle>
	</Style>
	<Style id="failed62">
		<IconStyle>
			<Icon>
				<href>Pictures/cuerpo_Santiago_328721879.jpg</href>
			</Icon>
			<hotSpot x="0.5" y="0.5" xunits="fraction" yunits="fraction"/>
		</IconStyle>
	</Style>
	<Style id="failed63">
		<LineStyle>
			<color>ffff55aa</color>
			<width>2</width>
		</LineStyle>
	</Style>
	<Style id="failed64">
		<LineStyle>
			<color>ff00ffff</color>
			<width>2</width>
		</LineStyle>
	</Style>
	<Style id="failed65">
		<PolyStyle>
			<color>8000ffff</color>
		</PolyStyle>
	</Style>
	<Style id="failed66">
		<PolyStyle>
			<color>8000ffff</color>
		</PolyStyle>
	</Style>
	<Style id="failed67">
	</Style>
	<Style id="failed68">
	</Style>
	<Style id="failed69">
		<LineStyle>
			<color>ff2bff2e</color>
			<width>5</width>
		</LineStyle>
	</Style>
	<Style id="failed7">
		<LineStyle>
			<color>ff0000ff</color>
			<width>3</width>
		</LineStyle>
	</Style>
	<Style id="failed70">
		<IconStyle>
			<scale>1.5</scale>
			<Icon>
				<href>Pictures/se_aletica_2.jpg</href>
			</Icon>
			<hotSpot x="0.5" y="0.5" xunits="fraction" yunits="fraction"/>
		</IconStyle>
	</Style>
	<Style id="failed700">
		<IconStyle>
			<scale>1.5</scale>
			<Icon>
				<href>Pictures/se_aletica_2.jpg</href>
			</Icon>
			<hotSpot x="0.5" y="0.5" xunits="fraction" yunits="fraction"/>
		</IconStyle>
	</Style>
	<Style id="failed7000">
		<LineStyle>
			<color>ff00ffff</color>
			<width>6.6</width>
		</LineStyle>
	</Style>
	<Style id="failed71">
		<IconStyle>
			<scale>1.1</scale>
			<Icon>
				<href>http://maps.google.com/mapfiles/kml/pushpin/ltblu-pushpin.png</href>
			</Icon>
			<hotSpot x="20" y="2" xunits="pixels" yunits="pixels"/>
		</IconStyle>
	</Style>
	<Style id="failed72">
		<IconStyle>
			<scale>1.5</scale>
			<Icon>
				<href>Pictures/se_aletica_2.jpg</href>
			</Icon>
			<hotSpot x="0.5" y="0.5" xunits="fraction" yunits="fraction"/>
		</IconStyle>
	</Style>
	<Style id="failed8">
		<LineStyle>
			<color>ff0000ff</color>
			<width>3</width>
		</LineStyle>
	</Style>
	<Style id="failed80">
		<PolyStyle>
			<color>8000ffff</color>
		</PolyStyle>
	</Style>
	<Style id="failed800">
		<IconStyle>
			<Icon>
				<href>Pictures/Wvl9gSSp_400x400.jpg</href>
			</Icon>
			<hotSpot x="0.5" y="0.5" xunits="fraction" yunits="fraction"/>
		</IconStyle>
	</Style>
	<Style id="failed81">
		<PolyStyle>
			<color>8000dfdf</color>
		</PolyStyle>
	</Style>
	<Style id="failed82">
		<IconStyle>
			<scale>1.4</scale>
			<Icon>
				<href>http://maps.google.com/mapfiles/kml/shapes/camera.png</href>
			</Icon>
			<hotSpot x="0.5" y="0" xunits="fraction" yunits="fraction"/>
		</IconStyle>
	</Style>
	<Style id="failed9">
		<LineStyle>
			<color>ff00ffff</color>
			<width>2</width>
		</LineStyle>
	</Style>
	<Style id="failed90">
		<LineStyle>
			<color>ffffff55</color>
			<width>6</width>
		</LineStyle>
	</Style>
	<Style id="failed91">
		<IconStyle>
			<scale>1.5</scale>
			<Icon>
				<href>Pictures/se_aletica_2.jpg</href>
			</Icon>
			<hotSpot x="0.5" y="0.5" xunits="fraction" yunits="fraction"/>
		</IconStyle>
	</Style>
	<StyleMap id="m_ylw-pushpin">
		<Pair>
			<key>normal</key>
			<styleUrl>#s_ylw-pushpin</styleUrl>
		</Pair>
		<Pair>
			<key>highlight</key>
			<styleUrl>#s_ylw-pushpin_hl</styleUrl>
		</Pair>
	</StyleMap>
	<StyleMap id="msn_camera">
		<Pair>
			<key>normal</key>
			<styleUrl>#sn_camera1</styleUrl>
		</Pair>
		<Pair>
			<key>highlight</key>
			<styleUrl>#sh_camera1</styleUrl>
		</Pair>
	</StyleMap>
	<StyleMap id="msn_camera0">
		<Pair>
			<key>normal</key>
			<styleUrl>#sn_camera</styleUrl>
		</Pair>
		<Pair>
			<key>highlight</key>
			<styleUrl>#sh_camera</styleUrl>
		</Pair>
	</StyleMap>
	<StyleMap id="msn_camera00">
		<Pair>
			<key>normal</key>
			<styleUrl>#sn_camera0</styleUrl>
		</Pair>
		<Pair>
			<key>highlight</key>
			<styleUrl>#sh_camera0</styleUrl>
		</Pair>
	</StyleMap>
	<StyleMap id="msn_donut">
		<Pair>
			<key>normal</key>
			<styleUrl>#sn_donut</styleUrl>
		</Pair>
		<Pair>
			<key>highlight</key>
			<styleUrl>#sh_donut</styleUrl>
		</Pair>
	</StyleMap>
	<StyleMap id="msn_earthquake">
		<Pair>
			<key>normal</key>
			<styleUrl>#sn_earthquake</styleUrl>
		</Pair>
		<Pair>
			<key>highlight</key>
			<styleUrl>#sh_earthquake</styleUrl>
		</Pair>
	</StyleMap>
	<StyleMap id="msn_earthquake0">
		<Pair>
			<key>normal</key>
			<styleUrl>#sn_earthquake0</styleUrl>
		</Pair>
		<Pair>
			<key>highlight</key>
			<styleUrl>#sh_earthquake0</styleUrl>
		</Pair>
	</StyleMap>
	<StyleMap id="msn_forbidden">
		<Pair>
			<key>normal</key>
			<styleUrl>#sn_forbidden</styleUrl>
		</Pair>
		<Pair>
			<key>highlight</key>
			<styleUrl>#sh_forbidden</styleUrl>
		</Pair>
	</StyleMap>
	<StyleMap id="msn_grn-pushpin">
		<Pair>
			<key>normal</key>
			<styleUrl>#sn_grn-pushpin</styleUrl>
		</Pair>
		<Pair>
			<key>highlight</key>
			<styleUrl>#sh_grn-pushpin</styleUrl>
		</Pair>
	</StyleMap>
	<StyleMap id="msn_hospitals">
		<Pair>
			<key>normal</key>
			<styleUrl>#sn_hospitals</styleUrl>
		</Pair>
		<Pair>
			<key>highlight</key>
			<styleUrl>#sh_hospitals</styleUrl>
		</Pair>
	</StyleMap>
	<StyleMap id="msn_ltblu-pushpin">
		<Pair>
			<key>normal</key>
			<styleUrl>#sn_ltblu-pushpin</styleUrl>
		</Pair>
		<Pair>
			<key>highlight</key>
			<styleUrl>#sh_ltblu-pushpin</styleUrl>
		</Pair>
	</StyleMap>
	<StyleMap id="msn_ltblu-pushpin0">
		<Pair>
			<key>normal</key>
			<styleUrl>#sn_ltblu-pushpin0</styleUrl>
		</Pair>
		<Pair>
			<key>highlight</key>
			<styleUrl>#sh_ltblu-pushpin0</styleUrl>
		</Pair>
	</StyleMap>
	<StyleMap id="msn_ltblu-pushpin1">
		<Pair>
			<key>normal</key>
			<styleUrl>#sn_ltblu-pushpin1</styleUrl>
		</Pair>
		<Pair>
			<key>highlight</key>
			<styleUrl>#sh_ltblu-pushpin1</styleUrl>
		</Pair>
	</StyleMap>
	<StyleMap id="msn_movies">
		<Pair>
			<key>normal</key>
			<styleUrl>#sn_movies</styleUrl>
		</Pair>
		<Pair>
			<key>highlight</key>
			<styleUrl>#sh_movies</styleUrl>
		</Pair>
	</StyleMap>
	<StyleMap id="msn_phone">
		<Pair>
			<key>normal</key>
			<styleUrl>#sn_phone</styleUrl>
		</Pair>
		<Pair>
			<key>highlight</key>
			<styleUrl>#sh_phone</styleUrl>
		</Pair>
	</StyleMap>
	<StyleMap id="msn_purple-pushpin">
		<Pair>
			<key>normal</key>
			<styleUrl>#sn_purple-pushpin</styleUrl>
		</Pair>
		<Pair>
			<key>highlight</key>
			<styleUrl>#sh_purple-pushpin</styleUrl>
		</Pair>
	</StyleMap>
	<StyleMap id="msn_red-pushpin">
		<Pair>
			<key>normal</key>
			<styleUrl>#sn_red-pushpin0</styleUrl>
		</Pair>
		<Pair>
			<key>highlight</key>
			<styleUrl>#sh_red-pushpin1</styleUrl>
		</Pair>
	</StyleMap>
	<StyleMap id="msn_red-pushpin0">
		<Pair>
			<key>normal</key>
			<styleUrl>#sn_red-pushpin00</styleUrl>
		</Pair>
		<Pair>
			<key>highlight</key>
			<styleUrl>#sh_red-pushpin00</styleUrl>
		</Pair>
	</StyleMap>
	<StyleMap id="msn_red-pushpin00">
		<Pair>
			<key>normal</key>
			<styleUrl>#sn_red-pushpin1</styleUrl>
		</Pair>
		<Pair>
			<key>highlight</key>
			<styleUrl>#sh_red-pushpin10</styleUrl>
		</Pair>
	</StyleMap>
	<StyleMap id="msn_red-pushpin10">
		<Pair>
			<key>normal</key>
			<styleUrl>#sn_red-pushpin3</styleUrl>
		</Pair>
		<Pair>
			<key>highlight</key>
			<styleUrl>#sh_red-pushpin0</styleUrl>
		</Pair>
	</StyleMap>
	<StyleMap id="msn_red-pushpin2">
		<Pair>
			<key>normal</key>
			<styleUrl>#sn_red-pushpin4</styleUrl>
		</Pair>
		<Pair>
			<key>highlight</key>
			<styleUrl>#sh_red-pushpin5</styleUrl>
		</Pair>
	</StyleMap>
	<StyleMap id="msn_red-pushpin3">
		<Pair>
			<key>normal</key>
			<styleUrl>#sn_red-pushpin2</styleUrl>
		</Pair>
		<Pair>
			<key>highlight</key>
			<styleUrl>#sh_red-pushpin2</styleUrl>
		</Pair>
	</StyleMap>
	<StyleMap id="msn_red-pushpin4">
		<Pair>
			<key>normal</key>
			<styleUrl>#sn_red-pushpin5</styleUrl>
		</Pair>
		<Pair>
			<key>highlight</key>
			<styleUrl>#sh_red-pushpin4</styleUrl>
		</Pair>
	</StyleMap>
	<StyleMap id="msn_red-pushpin6">
		<Pair>
			<key>normal</key>
			<styleUrl>#sn_red-pushpin</styleUrl>
		</Pair>
		<Pair>
			<key>highlight</key>
			<styleUrl>#sh_red-pushpin01</styleUrl>
		</Pair>
	</StyleMap>
	<StyleMap id="msn_subway">
		<Pair>
			<key>normal</key>
			<styleUrl>#sn_subway</styleUrl>
		</Pair>
		<Pair>
			<key>highlight</key>
			<styleUrl>#sh_subway</styleUrl>
		</Pair>
	</StyleMap>
	<StyleMap id="msn_wht-pushpin">
		<Pair>
			<key>normal</key>
			<styleUrl>#sn_wht-pushpin</styleUrl>
		</Pair>
		<Pair>
			<key>highlight</key>
			<styleUrl>#sh_wht-pushpin</styleUrl>
		</Pair>
	</StyleMap>
	<StyleMap id="msn_ylw-pushpin">
		<Pair>
			<key>normal</key>
			<styleUrl>#sn_ylw-pushpin</styleUrl>
		</Pair>
		<Pair>
			<key>highlight</key>
			<styleUrl>#sh_ylw-pushpin</styleUrl>
		</Pair>
	</StyleMap>
	<Style id="s_ylw-pushpin">
		<IconStyle>
			<scale>1.1</scale>
			<Icon>
				<href>http://maps.google.com/mapfiles/kml/pushpin/red-pushpin.png</href>
			</Icon>
			<hotSpot x="20" y="2" xunits="pixels" yunits="pixels"/>
		</IconStyle>
	</Style>
	<Style id="s_ylw-pushpin_hl">
		<IconStyle>
			<scale>1.3</scale>
			<Icon>
				<href>http://maps.google.com/mapfiles/kml/pushpin/red-pushpin.png</href>
			</Icon>
			<hotSpot x="20" y="2" xunits="pixels" yunits="pixels"/>
		</IconStyle>
	</Style>
	<Style id="sh_camera">
		<IconStyle>
			<scale>1.4</scale>
			<Icon>
				<href>http://maps.google.com/mapfiles/kml/shapes/camera.png</href>
			</Icon>
			<hotSpot x="0.5" y="0" xunits="fraction" yunits="fraction"/>
		</IconStyle>
	</Style>
	<Style id="sh_camera0">
		<IconStyle>
			<scale>1.4</scale>
			<Icon>
				<href>http://maps.google.com/mapfiles/kml/shapes/camera.png</href>
			</Icon>
			<hotSpot x="0.5" y="0" xunits="fraction" yunits="fraction"/>
		</IconStyle>
	</Style>
	<Style id="sh_camera1">
		<IconStyle>
			<scale>1.4</scale>
			<Icon>
				<href>http://maps.google.com/mapfiles/kml/shapes/camera.png</href>
			</Icon>
			<hotSpot x="0.5" y="0" xunits="fraction" yunits="fraction"/>
		</IconStyle>
	</Style>
	<Style id="sh_donut">
		<IconStyle>
			<scale>1.4</scale>
			<Icon>
				<href>http://maps.google.com/mapfiles/kml/shapes/donut.png</href>
			</Icon>
		</IconStyle>
	</Style>
	<Style id="sh_earthquake">
		<IconStyle>
			<scale>1.4</scale>
			<Icon>
				<href>http://maps.google.com/mapfiles/kml/shapes/earthquake.png</href>
			</Icon>
			<hotSpot x="0.5" y="0" xunits="fraction" yunits="fraction"/>
		</IconStyle>
	</Style>
	<Style id="sh_earthquake0">
		<IconStyle>
			<scale>1.4</scale>
			<Icon>
				<href>http://maps.google.com/mapfiles/kml/shapes/earthquake.png</href>
			</Icon>
			<hotSpot x="0.5" y="0" xunits="fraction" yunits="fraction"/>
		</IconStyle>
	</Style>
	<Style id="sh_forbidden">
		<IconStyle>
			<color>ff0000ff</color>
			<scale>1.4</scale>
			<Icon>
				<href>http://maps.google.com/mapfiles/kml/shapes/forbidden.png</href>
			</Icon>
		</IconStyle>
	</Style>
	<Style id="sh_grn-pushpin">
		<IconStyle>
			<scale>1.3</scale>
			<Icon>
				<href>http://maps.google.com/mapfiles/kml/pushpin/grn-pushpin.png</href>
			</Icon>
			<hotSpot x="20" y="2" xunits="pixels" yunits="pixels"/>
		</IconStyle>
	</Style>
	<Style id="sh_hospitals">
		<IconStyle>
			<scale>1.4</scale>
			<Icon>
				<href>http://maps.google.com/mapfiles/kml/shapes/hospitals.png</href>
			</Icon>
			<hotSpot x="0.5" y="0" xunits="fraction" yunits="fraction"/>
		</IconStyle>
	</Style>
	<Style id="sh_ltblu-pushpin">
		<IconStyle>
			<scale>1.3</scale>
			<Icon>
				<href>http://maps.google.com/mapfiles/kml/pushpin/ltblu-pushpin.png</href>
			</Icon>
			<hotSpot x="20" y="2" xunits="pixels" yunits="pixels"/>
		</IconStyle>
	</Style>
	<Style id="sh_ltblu-pushpin0">
		<IconStyle>
			<scale>1.3</scale>
			<Icon>
				<href>http://maps.google.com/mapfiles/kml/pushpin/ltblu-pushpin.png</href>
			</Icon>
			<hotSpot x="20" y="2" xunits="pixels" yunits="pixels"/>
		</IconStyle>
	</Style>
	<Style id="sh_ltblu-pushpin1">
		<IconStyle>
			<scale>1.3</scale>
			<Icon>
				<href>http://maps.google.com/mapfiles/kml/pushpin/ltblu-pushpin.png</href>
			</Icon>
			<hotSpot x="20" y="2" xunits="pixels" yunits="pixels"/>
		</IconStyle>
	</Style>
	<Style id="sh_movies">
		<IconStyle>
			<scale>1.4</scale>
			<Icon>
				<href>http://maps.google.com/mapfiles/kml/shapes/movies.png</href>
			</Icon>
			<hotSpot x="0.5" y="0" xunits="fraction" yunits="fraction"/>
		</IconStyle>
	</Style>
	<Style id="sh_phone">
		<IconStyle>
			<scale>1.4</scale>
			<Icon>
				<href>http://maps.google.com/mapfiles/kml/shapes/phone.png</href>
			</Icon>
			<hotSpot x="0.5" y="0" xunits="fraction" yunits="fraction"/>
		</IconStyle>
	</Style>
	<Style id="sh_purple-pushpin">
		<IconStyle>
			<scale>1.3</scale>
			<Icon>
				<href>http://maps.google.com/mapfiles/kml/pushpin/purple-pushpin.png</href>
			</Icon>
			<hotSpot x="20" y="2" xunits="pixels" yunits="pixels"/>
		</IconStyle>
	</Style>
	<Style id="sh_red-pushpin0">
		<IconStyle>
			<scale>1.3</scale>
			<Icon>
				<href>http://maps.google.com/mapfiles/kml/pushpin/red-pushpin.png</href>
			</Icon>
			<hotSpot x="20" y="2" xunits="pixels" yunits="pixels"/>
		</IconStyle>
		<LabelStyle>
			<scale>1.5</scale>
		</LabelStyle>
	</Style>
	<Style id="sh_red-pushpin00">
		<IconStyle>
			<scale>1.3</scale>
			<Icon>
				<href>http://maps.google.com/mapfiles/kml/pushpin/red-pushpin.png</href>
			</Icon>
			<hotSpot x="20" y="2" xunits="pixels" yunits="pixels"/>
		</IconStyle>
	</Style>
	<Style id="sh_red-pushpin01">
		<IconStyle>
			<scale>1.3</scale>
			<Icon>
				<href>http://maps.google.com/mapfiles/kml/pushpin/red-pushpin.png</href>
			</Icon>
			<hotSpot x="20" y="2" xunits="pixels" yunits="pixels"/>
		</IconStyle>
	</Style>
	<Style id="sh_red-pushpin1">
		<IconStyle>
			<scale>1.3</scale>
			<Icon>
				<href>http://maps.google.com/mapfiles/kml/pushpin/red-pushpin.png</href>
			</Icon>
			<hotSpot x="20" y="2" xunits="pixels" yunits="pixels"/>
		</IconStyle>
	</Style>
	<Style id="sh_red-pushpin10">
		<IconStyle>
			<scale>1.3</scale>
			<Icon>
				<href>http://maps.google.com/mapfiles/kml/pushpin/red-pushpin.png</href>
			</Icon>
			<hotSpot x="20" y="2" xunits="pixels" yunits="pixels"/>
		</IconStyle>
	</Style>
	<Style id="sh_red-pushpin2">
		<IconStyle>
			<scale>1.3</scale>
			<Icon>
				<href>http://maps.google.com/mapfiles/kml/pushpin/red-pushpin.png</href>
			</Icon>
			<hotSpot x="20" y="2" xunits="pixels" yunits="pixels"/>
		</IconStyle>
	</Style>
	<Style id="sh_red-pushpin4">
		<IconStyle>
			<scale>1.2</scale>
			<Icon>
				<href>http://maps.google.com/mapfiles/kml/shapes/placemark_circle_highlight.png</href>
			</Icon>
		</IconStyle>
		<LabelStyle>
			<scale>2</scale>
		</LabelStyle>
	</Style>
	<Style id="sh_red-pushpin5">
		<IconStyle>
			<scale>1.3</scale>
			<Icon>
				<href>http://maps.google.com/mapfiles/kml/pushpin/red-pushpin.png</href>
			</Icon>
			<hotSpot x="20" y="2" xunits="pixels" yunits="pixels"/>
		</IconStyle>
	</Style>
	<Style id="sh_subway">
		<IconStyle>
			<scale>1.4</scale>
			<Icon>
				<href>http://maps.google.com/mapfiles/kml/shapes/subway.png</href>
			</Icon>
			<hotSpot x="0.5" y="0" xunits="fraction" yunits="fraction"/>
		</IconStyle>
	</Style>
	<Style id="sh_wht-pushpin">
		<IconStyle>
			<scale>1.3</scale>
			<Icon>
				<href>http://maps.google.com/mapfiles/kml/pushpin/wht-pushpin.png</href>
			</Icon>
			<hotSpot x="20" y="2" xunits="pixels" yunits="pixels"/>
		</IconStyle>
	</Style>
	<Style id="sh_ylw-pushpin">
		<IconStyle>
			<scale>1.3</scale>
			<Icon>
				<href>http://maps.google.com/mapfiles/kml/pushpin/ylw-pushpin.png</href>
			</Icon>
			<hotSpot x="20" y="2" xunits="pixels" yunits="pixels"/>
		</IconStyle>
		<LineStyle>
			<color>ff00ffff</color>
			<width>2.5</width>
		</LineStyle>
	</Style>
	<Style id="sn_camera">
		<IconStyle>
			<scale>1.2</scale>
			<Icon>
				<href>http://maps.google.com/mapfiles/kml/shapes/camera.png</href>
			</Icon>
			<hotSpot x="0.5" y="0" xunits="fraction" yunits="fraction"/>
		</IconStyle>
	</Style>
	<Style id="sn_camera0">
		<IconStyle>
			<scale>1.2</scale>
			<Icon>
				<href>http://maps.google.com/mapfiles/kml/shapes/camera.png</href>
			</Icon>
			<hotSpot x="0.5" y="0" xunits="fraction" yunits="fraction"/>
		</IconStyle>
	</Style>
	<Style id="sn_camera1">
		<IconStyle>
			<scale>1.2</scale>
			<Icon>
				<href>http://maps.google.com/mapfiles/kml/shapes/camera.png</href>
			</Icon>
			<hotSpot x="0.5" y="0" xunits="fraction" yunits="fraction"/>
		</IconStyle>
	</Style>
	<Style id="sn_donut">
		<IconStyle>
			<scale>1.2</scale>
			<Icon>
				<href>http://maps.google.com/mapfiles/kml/shapes/donut.png</href>
			</Icon>
		</IconStyle>
	</Style>
	<Style id="sn_earthquake">
		<IconStyle>
			<scale>1.2</scale>
			<Icon>
				<href>http://maps.google.com/mapfiles/kml/shapes/earthquake.png</href>
			</Icon>
			<hotSpot x="0.5" y="0" xunits="fraction" yunits="fraction"/>
		</IconStyle>
	</Style>
	<Style id="sn_earthquake0">
		<IconStyle>
			<scale>1.2</scale>
			<Icon>
				<href>http://maps.google.com/mapfiles/kml/shapes/earthquake.png</href>
			</Icon>
			<hotSpot x="0.5" y="0" xunits="fraction" yunits="fraction"/>
		</IconStyle>
	</Style>
	<Style id="sn_forbidden">
		<IconStyle>
			<color>ff0000ff</color>
			<scale>1.2</scale>
			<Icon>
				<href>http://maps.google.com/mapfiles/kml/shapes/forbidden.png</href>
			</Icon>
		</IconStyle>
	</Style>
	<Style id="sn_grn-pushpin">
		<IconStyle>
			<scale>1.1</scale>
			<Icon>
				<href>http://maps.google.com/mapfiles/kml/pushpin/grn-pushpin.png</href>
			</Icon>
			<hotSpot x="20" y="2" xunits="pixels" yunits="pixels"/>
		</IconStyle>
	</Style>
	<Style id="sn_hospitals">
		<IconStyle>
			<scale>1.2</scale>
			<Icon>
				<href>http://maps.google.com/mapfiles/kml/shapes/hospitals.png</href>
			</Icon>
			<hotSpot x="0.5" y="0" xunits="fraction" yunits="fraction"/>
		</IconStyle>
	</Style>
	<Style id="sn_ltblu-pushpin">
		<IconStyle>
			<scale>1.1</scale>
			<Icon>
				<href>http://maps.google.com/mapfiles/kml/pushpin/ltblu-pushpin.png</href>
			</Icon>
			<hotSpot x="20" y="2" xunits="pixels" yunits="pixels"/>
		</IconStyle>
	</Style>
	<Style id="sn_ltblu-pushpin0">
		<IconStyle>
			<scale>1.1</scale>
			<Icon>
				<href>http://maps.google.com/mapfiles/kml/pushpin/ltblu-pushpin.png</href>
			</Icon>
			<hotSpot x="20" y="2" xunits="pixels" yunits="pixels"/>
		</IconStyle>
	</Style>
	<Style id="sn_ltblu-pushpin1">
		<IconStyle>
			<scale>1.1</scale>
			<Icon>
				<href>http://maps.google.com/mapfiles/kml/pushpin/ltblu-pushpin.png</href>
			</Icon>
			<hotSpot x="20" y="2" xunits="pixels" yunits="pixels"/>
		</IconStyle>
	</Style>
	<Style id="sn_movies">
		<IconStyle>
			<scale>1.2</scale>
			<Icon>
				<href>http://maps.google.com/mapfiles/kml/shapes/movies.png</href>
			</Icon>
			<hotSpot x="0.5" y="0" xunits="fraction" yunits="fraction"/>
		</IconStyle>
	</Style>
	<Style id="sn_phone">
		<IconStyle>
			<scale>1.2</scale>
			<Icon>
				<href>http://maps.google.com/mapfiles/kml/shapes/phone.png</href>
			</Icon>
			<hotSpot x="0.5" y="0" xunits="fraction" yunits="fraction"/>
		</IconStyle>
	</Style>
	<Style id="sn_purple-pushpin">
		<IconStyle>
			<scale>1.1</scale>
			<Icon>
				<href>http://maps.google.com/mapfiles/kml/pushpin/purple-pushpin.png</href>
			</Icon>
			<hotSpot x="20" y="2" xunits="pixels" yunits="pixels"/>
		</IconStyle>
	</Style>
	<Style id="sn_red-pushpin">
		<IconStyle>
			<scale>1.1</scale>
			<Icon>
				<href>http://maps.google.com/mapfiles/kml/pushpin/red-pushpin.png</href>
			</Icon>
			<hotSpot x="20" y="2" xunits="pixels" yunits="pixels"/>
		</IconStyle>
	</Style>
	<Style id="sn_red-pushpin0">
		<IconStyle>
			<scale>1.1</scale>
			<Icon>
				<href>http://maps.google.com/mapfiles/kml/pushpin/red-pushpin.png</href>
			</Icon>
			<hotSpot x="20" y="2" xunits="pixels" yunits="pixels"/>
		</IconStyle>
	</Style>
	<Style id="sn_red-pushpin00">
		<IconStyle>
			<scale>1.1</scale>
			<Icon>
				<href>http://maps.google.com/mapfiles/kml/pushpin/red-pushpin.png</href>
			</Icon>
			<hotSpot x="20" y="2" xunits="pixels" yunits="pixels"/>
		</IconStyle>
	</Style>
	<Style id="sn_red-pushpin1">
		<IconStyle>
			<scale>1.1</scale>
			<Icon>
				<href>http://maps.google.com/mapfiles/kml/pushpin/red-pushpin.png</href>
			</Icon>
			<hotSpot x="20" y="2" xunits="pixels" yunits="pixels"/>
		</IconStyle>
	</Style>
	<Style id="sn_red-pushpin2">
		<IconStyle>
			<scale>1.1</scale>
			<Icon>
				<href>http://maps.google.com/mapfiles/kml/pushpin/red-pushpin.png</href>
			</Icon>
			<hotSpot x="20" y="2" xunits="pixels" yunits="pixels"/>
		</IconStyle>
	</Style>
	<Style id="sn_red-pushpin3">
		<IconStyle>
			<scale>1.1</scale>
			<Icon>
				<href>http://maps.google.com/mapfiles/kml/pushpin/red-pushpin.png</href>
			</Icon>
			<hotSpot x="20" y="2" xunits="pixels" yunits="pixels"/>
		</IconStyle>
		<LabelStyle>
			<scale>1.5</scale>
		</LabelStyle>
	</Style>
	<Style id="sn_red-pushpin4">
		<IconStyle>
			<scale>1.1</scale>
			<Icon>
				<href>http://maps.google.com/mapfiles/kml/pushpin/red-pushpin.png</href>
			</Icon>
			<hotSpot x="20" y="2" xunits="pixels" yunits="pixels"/>
		</IconStyle>
	</Style>
	<Style id="sn_red-pushpin5">
		<IconStyle>
			<scale>1.2</scale>
			<Icon>
				<href>http://maps.google.com/mapfiles/kml/shapes/placemark_circle.png</href>
			</Icon>
		</IconStyle>
		<LabelStyle>
			<scale>2</scale>
		</LabelStyle>
	</Style>
	<Style id="sn_subway">
		<IconStyle>
			<scale>1.2</scale>
			<Icon>
				<href>http://maps.google.com/mapfiles/kml/shapes/subway.png</href>
			</Icon>
			<hotSpot x="0.5" y="0" xunits="fraction" yunits="fraction"/>
		</IconStyle>
	</Style>
	<Style id="sn_wht-pushpin">
		<IconStyle>
			<scale>1.1</scale>
			<Icon>
				<href>http://maps.google.com/mapfiles/kml/pushpin/wht-pushpin.png</href>
			</Icon>
			<hotSpot x="20" y="2" xunits="pixels" yunits="pixels"/>
		</IconStyle>
	</Style>
	<Style id="sn_ylw-pushpin">
		<IconStyle>
			<scale>1.1</scale>
			<Icon>
				<href>http://maps.google.com/mapfiles/kml/pushpin/ylw-pushpin.png</href>
			</Icon>
			<hotSpot x="20" y="2" xunits="pixels" yunits="pixels"/>
		</IconStyle>
		<LineStyle>
			<color>ff00ffff</color>
			<width>2.5</width>
		</LineStyle>
	</Style>
	<Folder id="01F695B2623310D69A0E">
		<name>Bases</name>
		<description><![CDATA[<div>Ubicación aproximada de bases de Brigadas Ambipar, Helipistas, Policlínicos, Salas de Primeros Auxilios y rutas (Mineroducto, G21-G245)</div>]]></description>
		<styleUrl>#__managed_style_096CE0C23A3D3D1AF1E1</styleUrl>
		<Folder id="0BFF4FA5BB3310D93548">
			<name>Brigadas</name>
			<styleUrl>#__managed_style_08C3A00A423D3D1AF1E302</styleUrl>
			<Placemark id="049C513FA73313E6E2ED">
				<name>Brigada La Ermita G21 - G245</name>
				<description><![CDATA[<div>Ruta G21 - G245&nbsp;<br></div><div>2 Respondedores<br></div><div>1 UIR<br></div>]]></description>
				<LookAt>
					<longitude>-70.39781964578965</longitude>
					<latitude>-33.36826315511418</latitude>
					<altitude>1171.40508169841</altitude>
					<heading>0</heading>
					<tilt>0</tilt>
					<range>127.2350657062088</range>
					<altitudeMode>absolute</altitudeMode>
					<gx:fovy>30.00011541178586</gx:fovy>
				</LookAt>
				<styleUrl>#__managed_style_0FABFE49B53D3D1AF1E4</styleUrl>
				<Point>
					<coordinates>-70.3977083968776,-33.36833805519444,1172.179219174576</coordinates>
				</Point>
			</Placemark>
			<Placemark id="0EE11C524F3313F6E094">
				<name>Brigada Los Bronces (Planta)</name>
				<description><![CDATA[<div>3 Respondedores<br></div><div>1 Carro Bomba<br></div>]]></description>
				<styleUrl>#__managed_style_0FABFE49B53D3D1AF1E4</styleUrl>
				<Point>
					<extrude>1</extrude>
					<coordinates>-70.28558084654009,-33.14651285693581,0</coordinates>
				</Point>
			</Placemark>
			<Placemark id="08999E98783313F823B3">
				<name>Brigada Mina LB</name>
				<description><![CDATA[<div>3 Respondedores<br></div><div>1 UIR<br></div>]]></description>
				<LookAt>
					<longitude>-70.28564164646613</longitude>
					<latitude>-33.14674998508703</latitude>
					<altitude>3409.273603585771</altitude>
					<heading>2.201112859381267</heading>
					<tilt>1.621943028786531</tilt>
					<range>73.23504294104168</range>
					<altitudeMode>absolute</altitudeMode>
					<gx:fovy>35</gx:fovy>
				</LookAt>
				<styleUrl>#__managed_style_0FABFE49B53D3D1AF1E4</styleUrl>
				<Point>
					<coordinates>-70.29343266978644,-33.15999780840388,3413.087413686206</coordinates>
				</Point>
			</Placemark>
			<Placemark id="0E1F17169C33140A07D4">
				<name>Brigada Mineroducto</name>
				<description><![CDATA[<div>2 Respondedores<br></div><div>1 Camioneta</div>]]></description>
				<styleUrl>#__managed_style_0FABFE49B53D3D1AF1E4</styleUrl>
				<Point>
					<extrude>1</extrude>
					<coordinates>-70.5402306,-33.1927139,0</coordinates>
				</Point>
			</Placemark>
			<Placemark id="043154087833140BD00D">
				<name>Brigada Las Tortolas</name>
				<description><![CDATA[<div>3 Respondedores<br></div><div>1 Carro Bomba<br></div>]]></description>
				<styleUrl>#__managed_style_0FABFE49B53D3D1AF1E4</styleUrl>
				<Point>
					<extrude>1</extrude>
					<coordinates>-70.69947648616636,-33.145694782435,0</coordinates>
				</Point>
			</Placemark>
		</Folder>
		<Folder id="0EE7636B263310D986F0">
			<name>Helipistas</name>
			<styleUrl>#__managed_style_08C3A00A423D3D1AF1E302</styleUrl>
			<Placemark id="058F940EB0331423AAB4">
				<name>Helipista Maitenes Bajo</name>
				<styleUrl>#__managed_style_3671F3F4983D3D1AF1E4</styleUrl>
				<Point>
					<extrude>1</extrude>
					<coordinates>-70.35873889999999,-33.3198222,0</coordinates>
				</Point>
			</Placemark>
			<Placemark id="0B870E96123314261952">
				<name>Helipista LT</name>
				<styleUrl>#__managed_style_3671F3F4983D3D1AF1E4</styleUrl>
				<Point>
					<extrude>1</extrude>
					<coordinates>-70.7127167,-33.1564056,0</coordinates>
				</Point>
			</Placemark>
			<Placemark id="0AF1570B0D33144C450B">
				<name>Helipista P.C</name>
				<styleUrl>#__managed_style_3671F3F4983D3D1AF1E4</styleUrl>
				<Point>
					<extrude>1</extrude>
					<coordinates>-70.3405806,-33.187475,0</coordinates>
				</Point>
			</Placemark>
			<Placemark id="084285CF3133145589FE">
				<name>Helipista 42,6</name>
				<styleUrl>#__managed_style_3671F3F4983D3D1AF1E4</styleUrl>
				<Point>
					<extrude>1</extrude>
					<coordinates>-70.31583329999999,-33.1514278,0</coordinates>
				</Point>
			</Placemark>
		</Folder>
		<Folder id="0EEAFCA80D3310DB6A03">
			<name>Policlinicos</name>
			<styleUrl>#__managed_style_08C3A00A423D3D1AF1E302</styleUrl>
			<Placemark id="08F2CF10BE331486D88F">
				<name>Sala Primeros Auxilios Perez Caldera</name>
				<styleUrl>#__managed_style_69130AB1333D3D1AF1E4</styleUrl>
				<Point>
					<extrude>1</extrude>
					<coordinates>-70.3393056,-33.1905556,0</coordinates>
				</Point>
			</Placemark>
			<Placemark id="019E77D1E133148928C6">
				<name>Policlinico 220</name>
				<styleUrl>#__managed_style_69130AB1333D3D1AF1E4</styleUrl>
				<Point>
					<extrude>1</extrude>
					<coordinates>-70.28563337813911,-33.14661683503342,0</coordinates>
				</Point>
			</Placemark>
			<Placemark id="02773F9EF333148E0A7A">
				<name>Policlinico Las Tortolas</name>
				<styleUrl>#__managed_style_69130AB1333D3D1AF1E4</styleUrl>
				<Point>
					<extrude>1</extrude>
					<coordinates>-70.69943889999999,-33.1455667,0</coordinates>
				</Point>
			</Placemark>
		</Folder>
		<Folder id="083E82A8A53310DB9635">
			<name>Rutas</name>
			<styleUrl>#__managed_style_08C3A00A423D3D1AF1E302</styleUrl>
			<Placemark id="0AAB8885993335E52929">
				<name>RUTA G21</name>
				<LookAt>
					<longitude>-70.49644779779818</longitude>
					<latitude>-33.36640132534222</latitude>
					<altitude>859.2521504123446</altitude>
					<heading>36.51223754090411</heading>
					<tilt>1.724252970933697</tilt>
					<range>781.5440148915513</range>
					<altitudeMode>absolute</altitudeMode>
					<gx:fovy>35.00010218633699</gx:fovy>
				</LookAt>
				<styleUrl>#__managed_style_0EA64D58BB3D3D1AF221</styleUrl>
				<LineString>
					<coordinates>
						-70.28525018712196,-33.14977542212616,0 -70.28569834699925,-33.14949735520101,0 -70.28570647327987,-33.14944254375014,0 -70.28571323185975,-33.14939658813899,0 -70.28571866748639,-33.14935969111265,0 -70.28572409219976,-33.14932287054663,0 -70.28573092852406,-33.14927680793367,0 -70.28572629357008,-33.14924820044439,0 -70.28572577223954,-33.1491917003529,0 -70.2857225012917,-33.14915352108632,0 -70.28571044747935,-33.14911413372106,0 -70.28571456385502,-33.14908620511048,0 -70.2857125985684,-33.14903835178235,0 -70.28570047725457,-33.14899863367665,0 -70.28567952729301,-33.14895757195711,0 -70.28564832359582,-33.14892496478236,0 -70.28561726466867,-33.14889430665843,0 -70.28559495667319,-33.14886426043123,0 -70.28556098912395,-33.14885069552616,0 -70.28553724393956,-33.14882945762645,0 -70.28549567605926,-33.14880476178462,0 -70.28546277149609,-33.14877976364656,0 -70.28543118470023,-33.14874568271433,0 -70.28539981450773,-33.14871399596617,0 -70.28535972011585,-33.14868282719138,0 -70.28532840460487,-33.14865221273366,0 -70.28530450452847,-33.14863097795059,0 -70.28527284608808,-33.1485979634267,0 -70.28523858137702,-33.14858348056242,0 -70.28520687504323,-33.14855043267866,0 -70.28518414439716,-33.14851974169851,0 -70.2851613263899,-33.14848858651344,0 -70.2851382730319,-33.14845593286929,0 -70.28512416168812,-33.14842499274903,0 -70.28508458848984,-33.14838127755718,0 -70.28506293475222,-33.14834103834423,0 -70.28503994102388,-33.14830969196448,0 -70.28501697220329,-33.1482787954105,0 -70.28498646542735,-33.14823826212552,0 -70.28495561152889,-33.14819582855998,0 -70.28492369561002,-33.14816413281835,0 -70.28490174305142,-33.1481231636259,0 -70.28488325628145,-33.14805297409264,0 -70.28486775955454,-33.1480318338697,0 -70.28486630596885,-33.14797561018727,0 -70.28485449280565,-33.14792659402454,0 -70.28484671232073,-33.14791594717909,0 -70.28483600816888,-33.14785685159679,0 -70.28481357013395,-33.14781369033712,0 -70.28479116600889,-33.14777109833544,0 -70.28477783606702,-33.14772996439059,0 -70.28477355210846,-33.14769022019435,0 -70.28477957312546,-33.14764227659496,0 -70.28477625694036,-33.14759140055477,0 -70.28476228343887,-33.14754640365624,0 -70.28475641800156,-33.147513536285,0 -70.2847441972003,-33.14746263016543,0 -70.28472948257834,-33.14743058306493,0 -70.28470866927391,-33.14738176145959,0 -70.28471600702851,-33.14734167420184,0 -70.28472128885595,-33.14730569303688,0 -70.2847279054463,-33.14726072216592,0 -70.28473320848258,-33.14722468100875,0 -70.28472014085489,-33.14710276713762,0 -70.28471648763112,-33.14704887521785,0 -70.2847228228832,-33.1470013164882,0 -70.28472771222383,-33.14696201327679,0 -70.28473275753736,-33.14692349923984,0 -70.28473992114456,-33.14686266312277,0 -70.28474581156624,-33.14681124296254,0 -70.28475036482699,-33.14676881354224,0 -70.28475511857741,-33.14672754869282,0 -70.28475998196318,-33.14668688787624,0 -70.28476756627967,-33.14662744149477,0 -70.28478092732475,-33.14658201386624,0 -70.28479364352633,-33.14655038279783,0 -70.28480869606494,-33.14649694502395,0 -70.28482297515853,-33.14645661501326,0 -70.28483741672254,-33.14641738805813,0 -70.28484130906584,-33.14638684218878,0 -70.28485723320723,-33.14633857389412,0 -70.28486355848577,-33.146286786756,0 -70.28488714180558,-33.14624532041035,0 -70.28491082752851,-33.14620401212843,0 -70.28492537861172,-33.14616313181816,0 -70.2849589505918,-33.14612545922933,0 -70.28499263965206,-33.14608790815306,0 -70.2850249916941,-33.14605997886156,0 -70.28504659418434,-33.14604146604137,0 -70.28509655595302,-33.14602526921394,0 -70.28513431833112,-33.14602820274541,0 -70.28517204148814,-33.1460305546971,0 -70.28518796386341,-33.14605077132092,0 -70.28522913981909,-33.14609121471289,0 -70.28526522399409,-33.1461012778479,0 -70.28528891804315,-33.14613016208139,0 -70.28532198045478,-33.14615901504366,0 -70.28532385421283,-33.14620664349356,0 -70.28531792297053,-33.14624525755048,0 -70.28532144107729,-33.14628466106502,0 -70.28531256660678,-33.14634235968823,0 -70.28531608187231,-33.14638162674187,0 -70.28531017675736,-33.14641976742027,0 -70.2853026832811,-33.14646631733692,0 -70.28529537945101,-33.14651453503315,0 -70.28529901346468,-33.14655468024088,0 -70.28531051745973,-33.14660482090619,0 -70.28531269434724,-33.14665456916428,0 -70.28532557975471,-33.14669454809018,0 -70.28532895368262,-33.14673230305769,0 -70.28533082604402,-33.14677899998967,0 -70.28533417341647,-33.14681631523869,0 -70.2853377696586,-33.14685598119009,0 -70.28534141157705,-33.14689625666394,0 -70.28534504689107,-33.14693645528368,0 -70.28536577362195,-33.14698744984103,0 -70.28537208598654,-33.14700651147026,0 -70.2853819717842,-33.14706536869988,0 -70.28538369739287,-33.14713493116641,0 -70.28539656385996,-33.14717598612692,0 -70.2854093952371,-33.14721649124423,0 -70.2854313098926,-33.14725661458531,0 -70.28544385621538,-33.14729466048845,0 -70.28545778998145,-33.14732278822044,0 -70.28547172467057,-33.1473510243775,0 -70.28549340264541,-33.14738931213098,0 -70.28550740931716,-33.14741868479803,0 -70.28552923737149,-33.14745914516238,0 -70.28554958855017,-33.14750923159956,0 -70.28557115934231,-33.14754737364893,0 -70.28558503448633,-33.14757585162275,0 -70.28559595931608,-33.14762322991803,0 -70.28561770682052,-33.14766413408219,0 -70.28563184096502,-33.14769657394741,0 -70.28564597743924,-33.14772911458519,0 -70.28566623539569,-33.14778053711375,0 -70.28568021208915,-33.14781183597565,0 -70.28569424846371,-33.14784318844389,0 -70.28571453956479,-33.14789557306622,0 -70.28573757081543,-33.14792795472349,0 -70.28576198047386,-33.14794887133773,0 -70.28580324087854,-33.14798192436254,0 -70.28583547678959,-33.14801689700827,0 -70.28585994891631,-33.14803932037245,0 -70.28590869483158,-33.14808286495534,0 -70.28593148978526,-33.14811349878003,0 -70.28596184498979,-33.14815429498152,0 -70.28598454788145,-33.14818397419402,0 -70.28600435451146,-33.14823660805378,0 -70.28603625700403,-33.14827065440132,0 -70.28604093272642,-33.14830092819781,0 -70.28608161285798,-33.14833235719525,0 -70.28612397164935,-33.14835604434013,0 -70.28615876323478,-33.14836924749879,0 -70.2862011544095,-33.14839443705554,0 -70.28622844719403,-33.14839656103243,0 -70.28626327135177,-33.14840930836254,0 -70.2863071865622,-33.1484228175362,0 -70.28634039052426,-33.14844552191574,0 -70.28638269412896,-33.1484683849238,0 -70.2864175178868,-33.14848235688019,0 -70.28645979073268,-33.14850716277591,0 -70.28649456811898,-33.14852115700585,0 -70.28656415470034,-33.14854805778987,0 -70.28660061141386,-33.14855399024906,0 -70.28666503479846,-33.14861065425139,0 -70.2866980461575,-33.14863450633904,0 -70.28673104341907,-33.14865745321085,0 -70.28675488812533,-33.14867981714151,0 -70.28679865012268,-33.14869555990096,0 -70.28683330412987,-33.14870999609692,0 -70.28689526320755,-33.14872839520584,0 -70.28694812586457,-33.14874505688872,0 -70.28699188457908,-33.14876028545314,0 -70.28703743037003,-33.14876641191935,0 -70.287099402709,-33.14878503973404,0 -70.2871631725256,-33.14879360258297,0 -70.28725071276864,-33.14882358256477,0 -70.28728714767414,-33.14882910528374,0 -70.28731983714077,-33.14885310182535,0 -70.2873471247877,-33.14885762595245,0 -70.28739984323282,-33.14887555469952,0 -70.28747261209219,-33.14888750924679,0 -70.28751619955933,-33.14890395956832,0 -70.28755072901289,-33.14891889779173,0 -70.28757797907996,-33.14892316193335,0 -70.28760338294001,-33.14893623737537,0 -70.28763787638179,-33.14895074409305,0 -70.28770157484566,-33.14896078326337,0 -70.28777483328444,-33.148969044691,0 -70.28785747992524,-33.14897785308762,0 -70.28788507368854,-33.14897976535004,0 -70.28795149910927,-33.14897688713293,0 -70.28798289640805,-33.1489633191044,0 -70.28805873790772,-33.1489611331214,0 -70.28814596238307,-33.14895113298335,0 -70.28821676186908,-33.14893150891778,0 -70.28826178942859,-33.14890111532253,0 -70.28830502149427,-33.14887853612908,0 -70.28833702389603,-33.14886354512714,0 -70.28839917364002,-33.14884175558588,0 -70.28844076866064,-33.14882682070262,0 -70.28848243587964,-33.14881194288455,0 -70.28853372762349,-33.1487969969772,0 -70.28857345831364,-33.1487902960911,0 -70.28861509248809,-33.14877642632961,0 -70.2886492708529,-33.14875410374275,0 -70.28869078943843,-33.14874114032285,0 -70.28873445338523,-33.14871959541225,0 -70.2887763288648,-33.14870553337573,0 -70.28882037989429,-33.1486828840337,0 -70.2888646556529,-33.14865961578226,0 -70.28890921125421,-33.1486353891147,0 -70.2889444498813,-33.14861021645261,0 -70.2889797685739,-33.14858484501568,0 -70.2890151548964,-33.14855942345103,0 -70.2900652059775,-33.14781896200767,0 -70.29095558837183,-33.14783436634573,0 -70.29167173775072,-33.14815758690155,0 -70.29337244428837,-33.14900880306158,0 -70.29395505630451,-33.1497045336947,0 -70.2941292660215,-33.15067434748583,0 -70.29406584954911,-33.15165256711065,0 -70.2939357284604,-33.15267289733644,0 -70.29511057782673,-33.15307150493832,0 -70.29525038867679,-33.1538008556907,0 -70.29615451283466,-33.15440563318174,0 -70.2968099805786,-33.15447020609221,0 -70.30835784314677,-33.14910423511512,0 -70.30861970864331,-33.14879338742818,0 -70.30825377860356,-33.14806545474545,0 -70.30796857375842,-33.14684408625036,0 -70.30773741940963,-33.14624610991211,0 -70.30703960208064,-33.14532802074125,0 -70.30696561489407,-33.14467209288755,0 -70.30735008891176,-33.14397364317816,0 -70.30771920132585,-33.14375781905687,0 -70.30829935045995,-33.14377560121689,0 -70.30894287354387,-33.14433939054031,0 -70.3096708155016,-33.14529631170074,0 -70.31060272866885,-33.14697366032539,0 -70.31250527378874,-33.14827880518986,0 -70.31328158489946,-33.14904698679955,0 -70.31405174867143,-33.15033974011544,0 -70.31515609043288,-33.15141029182846,0 -70.31793222569929,-33.15273661634958,0 -70.31866620801689,-33.1532664629374,0 -70.32012074377276,-33.15520353520386,0 -70.32119295244389,-33.15686287112342,0 -70.32226224055661,-33.15849655273125,0 -70.32359561963894,-33.15975376801833,0 -70.32576615293425,-33.16248787625406,0 -70.32669962845277,-33.16295416773725,0 -70.32817475174424,-33.16244112257942,0 -70.32967656724547,-33.16021208640201,0 -70.33007701712818,-33.15948044908497,0 -70.33181404210474,-33.15820887322775,0 -70.33220105761738,-33.15810940271773,0 -70.33255475023647,-33.15839045907359,0 -70.33262848903284,-33.15956345041266,0 -70.33245729497226,-33.16023811266707,0 -70.3316925555811,-33.1614507943684,0 -70.33147581434918,-33.16260647194862,0 -70.33173703781843,-33.16445017971424,0 -70.33187162891493,-33.16494128271707,0 -70.33361805145809,-33.16594496625665,0 -70.3343233398185,-33.16655601045154,0 -70.33555555732599,-33.16712237428034,0 -70.33683504346475,-33.16845339348546,0 -70.33768886166096,-33.16950156021414,0 -70.33843715969863,-33.17091662863957,0 -70.33855224739629,-33.17168661354918,0 -70.33842451629818,-33.17217661353757,0 -70.33760407404536,-33.17335809607317,0 -70.337277583518,-33.17390640990207,0 -70.33702737814211,-33.17449249539109,0 -70.3363845892512,-33.17527274244507,0 -70.33647728583412,-33.17553409350044,0 -70.33694266457582,-33.1756485119003,0 -70.33719064780865,-33.17588316178603,0 -70.33729308499771,-33.17631875862422,0 -70.33729345629574,-33.1775492413855,0 -70.33777052882273,-33.17904582635852,0 -70.33785973712222,-33.17987918078914,0 -70.33764682628775,-33.18138457725826,0 -70.3374042147361,-33.18205895549477,0 -70.3375795183937,-33.18455186903474,0 -70.33780272457786,-33.18530650853793,0 -70.33838548968507,-33.18632083827953,0 -70.33828147978581,-33.18690379159825,0 -70.33844024592156,-33.1889301686255,0 -70.33898548673177,-33.19101073494013,0 -70.33920003038514,-33.19147629057198,0 -70.33953934262136,-33.19276882291331,0 -70.3393217566454,-33.19372011094823,0 -70.33894440604389,-33.1942350816793,0 -70.33897570196072,-33.19575590853839,0 -70.33903519064283,-33.19695817412459,0 -70.33863922268404,-33.19886120627825,0 -70.33813846809085,-33.20000632776708,0 -70.33801013175992,-33.20079457607143,0 -70.3384556397437,-33.20188743632817,0 -70.33864808301821,-33.20424582458134,0 -70.3388790713977,-33.20636899252993,0 -70.33933973630526,-33.20804312304821,0 -70.33980055031439,-33.20963084160984,0 -70.33996203824867,-33.21122893284054,0 -70.33894681908976,-33.21205094239956,0 -70.33847712904891,-33.21238220971038,0 -70.33853156436359,-33.21255037585571,0 -70.33894620925541,-33.21257311312016,0 -70.34011507049699,-33.21264937764919,0 -70.34104468817,-33.2130942409513,0 -70.34128901804506,-33.21362625899852,0 -70.34134841682692,-33.21425780012969,0 -70.34153290550283,-33.21493935155911,0 -70.34142811827034,-33.21551189800527,0 -70.34100307103365,-33.21642569261438,0 -70.34044853461849,-33.21762149016988,0 -70.34015100808621,-33.21812012201468,0 -70.34015022570557,-33.21861082013762,0 -70.34028851693378,-33.22007664637994,0 -70.34040760340136,-33.22060681682537,0 -70.34107447864889,-33.22175379887645,0 -70.34155643567333,-33.22260462058799,0 -70.34182192762957,-33.2232707029068,0 -70.34180603586888,-33.22378380979421,0 -70.34204502567033,-33.22434503640363,0 -70.3425322078684,-33.22482339858309,0 -70.34312675163923,-33.22565241566947,0 -70.34314087517043,-33.22581535090101,0 -70.34290000716003,-33.22598706472704,0 -70.34242620003701,-33.2263553589297,0 -70.34149584994265,-33.22753429251091,0 -70.34089687079975,-33.22805221380553,0 -70.34110563401606,-33.22839778204509,0 -70.34163389031609,-33.22843616252923,0 -70.34245369610859,-33.2282497767937,0 -70.34260105607495,-33.22772617243436,0 -70.34275608457862,-33.22728129394648,0 -70.34397318143144,-33.22666620601773,0 -70.34421127402351,-33.22677096145041,0 -70.34413058760958,-33.22692689718536,0 -70.3436128164962,-33.22732437990039,0 -70.3437003209326,-33.22746688537286,0 -70.34418545327617,-33.22753811155383,0 -70.34499966279887,-33.2284219708809,0 -70.34564862619385,-33.22931514067604,0 -70.34603595610196,-33.22962502750124,0 -70.3461909268763,-33.23002975191849,0 -70.3456276076935,-33.23150215432384,0 -70.34545315213741,-33.23250641224878,0 -70.34532690872096,-33.23376034979891,0 -70.34496710652091,-33.23459086138971,0 -70.34493859130274,-33.23537325234624,0 -70.34449954334887,-33.23697326552266,0 -70.34394002443437,-33.23759328843269,0 -70.34338130499488,-33.23841493376217,0 -70.34327133983972,-33.23981387142821,0 -70.34395552838608,-33.24115601457015,0 -70.34583444098703,-33.24311204318375,0 -70.34645583306501,-33.24414632451768,0 -70.3466067744675,-33.24466657754743,0 -70.34652665688384,-33.24517556320594,0 -70.34601085188038,-33.24607085670383,0 -70.34595410142455,-33.24785309131516,0 -70.34525325070688,-33.24937046195854,0 -70.34475186492419,-33.25010312586244,0 -70.34468509295462,-33.2510450007871,0 -70.34486403059969,-33.25141604445594,0 -70.34503740708455,-33.25159041595884,0 -70.34535392448686,-33.25279826583947,0 -70.3451186950564,-33.25329381766704,0 -70.34488965223048,-33.25376326418198,0 -70.34506891841325,-33.25457142960409,0 -70.34535129449712,-33.25509274366186,0 -70.34541934661112,-33.25589773448608,0 -70.3458579078503,-33.2565997840469,0 -70.34598558674003,-33.25805331768024,0 -70.34653313250496,-33.25870737726434,0 -70.34757655300039,-33.25912996496349,0 -70.3487155303276,-33.26010939296857,0 -70.34969095893557,-33.26217083634812,0 -70.34987452842478,-33.262974847942,0 -70.35000528770438,-33.26343479539952,0 -70.35030076066617,-33.26446632405872,0 -70.35021455494811,-33.2651776525389,0 -70.35097499970669,-33.26604951674789,0 -70.35136525958559,-33.26695709319885,0 -70.35117949697495,-33.26860144260729,0 -70.35133612760758,-33.26917640675514,0 -70.3513115823622,-33.26975237462315,0 -70.35164686117466,-33.27034825135805,0 -70.35161377130812,-33.27110103601062,0 -70.35121513315427,-33.27189202970774,0 -70.35156143137262,-33.27366265479698,0 -70.35189423988241,-33.27412886835167,0 -70.35245476839695,-33.2745364298537,0 -70.35277486326372,-33.27513091148557,0 -70.35262040871973,-33.27568145902605,0 -70.35216545953374,-33.27620814228109,0 -70.35084591188553,-33.27676877054376,0 -70.35094603896411,-33.27746031818356,0 -70.35133229134027,-33.2791027325979,0 -70.35132082657931,-33.2814883658701,0 -70.35135918356262,-33.28218925041921,0 -70.35196182739217,-33.28370512418282,0 -70.35314084087689,-33.28510923192744,0 -70.35409734058389,-33.28735517268596,0 -70.35421633675821,-33.28817648565327,0 -70.35451369295333,-33.28842446007879,0 -70.3545226989004,-33.28959330736599,0 -70.3542335421923,-33.29117361214801,0 -70.35456131020541,-33.29334779725297,0 -70.35597982535221,-33.29541763629632,0 -70.35610395845907,-33.2957578302313,0 -70.35580495208596,-33.29693600301873,0 -70.35554592891367,-33.29770336151136,0 -70.35621007151639,-33.29845673629156,0 -70.35633743512825,-33.29890147506062,0 -70.35704739043065,-33.29954158895845,0 -70.35764608453282,-33.29979703740624,0 -70.35818382419374,-33.30090636048502,0 -70.35840184551425,-33.30185022435374,0 -70.35859902079085,-33.30218480643263,0 -70.35854037425122,-33.30276347790434,0 -70.35894095626065,-33.30338543508229,0 -70.35887208870723,-33.3046285898059,0 -70.35797123518182,-33.3059823288388,0 -70.35801040582564,-33.30627705419013,0 -70.35788518803913,-33.30668213947106,0 -70.35693152749946,-33.30784131671044,0 -70.35719668156065,-33.30893307313004,0 -70.35751750124442,-33.30956235133463,0 -70.35771927425759,-33.31041709544109,0 -70.35763459165588,-33.31136543000981,0 -70.35755417491627,-33.31200572826807,0 -70.35807236126919,-33.31244064956299,0 -70.35824338991343,-33.31291378593542,0 -70.35854607263772,-33.31317979850257,0 -70.35869448115508,-33.31387282937649,0 -70.35954070552226,-33.31470332797371,0 -70.35963780973633,-33.31574800703575,0 -70.36035307434024,-33.316716729714,0 -70.36101537423978,-33.31830972822271,0 -70.36119355457454,-33.31901446912411,0 -70.36106572249177,-33.31949488276943,0 -70.3614588297287,-33.32031709854551,0 -70.36134419033958,-33.32146202445322,0 -70.36099027319251,-33.32176671258536,0 -70.36103029949068,-33.32221843437987,0 -70.36115217886373,-33.32291931522525,0 -70.36100707629274,-33.3234442654272,0 -70.36130667537465,-33.32421033577455,0 -70.36143900497576,-33.32576199078331,0 -70.36202467299563,-33.32649309471977,0 -70.36193157147883,-33.32678580280971,0 -70.36161380018949,-33.32707141895396,0 -70.36124527216906,-33.32791801094503,0 -70.36132465018883,-33.32826195729232,0 -70.3618475142146,-33.32889156365782,0 -70.36232859706415,-33.32911301123425,0 -70.36238463836841,-33.32935390321285,0 -70.36154830615769,-33.3296808353939,0 -70.36167515028536,-33.33016930400399,0 -70.36161092873679,-33.3316291222021,0 -70.36256592595834,-33.33248187786359,0 -70.36296062615256,-33.3325269133321,0 -70.36307983003898,-33.3328129898971,0 -70.36372177314558,-33.33289773840386,0 -70.36444273629388,-33.33338743257389,0 -70.36454099535105,-33.33360957361316,0 -70.3642390986994,-33.3342222569597,0 -70.3645657924708,-33.33497957002516,0 -70.3648103481865,-33.33624397806189,0 -70.3648005729586,-33.33650059885454,0 -70.36454344849679,-33.33742078208937,0 -70.36470693238856,-33.3380652136605,0 -70.36503039450332,-33.33875113554492,0 -70.36501400758405,-33.33919397986155,0 -70.36484585295534,-33.33936306659058,0 -70.36440586281859,-33.33950980875679,0 -70.36421508312731,-33.33982552259282,0 -70.36411207278762,-33.34001735299391,0 -70.36397960439785,-33.34101602969454,0 -70.36375408922075,-33.34156539344541,0 -70.36386552187425,-33.34219417108165,0 -70.36398195531874,-33.3429741082284,0 -70.36404165506737,-33.34361841565364,0 -70.36444421552901,-33.3440278550329,0 -70.36441305141469,-33.3444332599269,0 -70.36394693843532,-33.34497056980236,0 -70.36389040768165,-33.34567578509818,0 -70.36391715067556,-33.34624202455271,0 -70.36386051237989,-33.34667732986466,0 -70.3643672557872,-33.34737412038822,0 -70.36428475735083,-33.34887906636154,0 -70.36444088952655,-33.34922227273435,0 -70.36478327943168,-33.34960452163388,0 -70.36503611673481,-33.35014201669605,0 -70.36568304201441,-33.35102364100419,0 -70.36611361701247,-33.35167860961212,0 -70.36671280201588,-33.35208965283042,0 -70.36687327695785,-33.35259947563038,0 -70.36708335409701,-33.35277853070577,0 -70.3673328229473,-33.35332653988476,0 -70.36862612365489,-33.354063200879,0 -70.36946744721416,-33.35472593973451,0 -70.37007944654256,-33.35568413849717,0 -70.37032052869215,-33.35620703212437,0 -70.37077667919749,-33.35633512949909,0 -70.37153621657666,-33.3561359733831,0 -70.37223541151826,-33.35612423632603,0 -70.37285784211672,-33.3566210957914,0 -70.3744582120456,-33.35758017077862,0 -70.37505370663395,-33.3576428290616,0 -70.37562434281507,-33.35794505806914,0 -70.37687570657002,-33.35876152815047,0 -70.37799494601718,-33.35941915762135,0 -70.37832739160868,-33.36006822314566,0 -70.37848900714718,-33.36037281098727,0 -70.38062284477128,-33.36123311849315,0 -70.38122864958608,-33.36142403622183,0 -70.38276338914467,-33.36243394960931,0 -70.38333742331886,-33.36303224895563,0 -70.38455380689329,-33.36321633234299,0 -70.38519832579456,-33.36345226592902,0 -70.38633205644096,-33.36414735368968,0 -70.38679072977494,-33.36431839839031,0 -70.38808829541257,-33.36441907920295,0 -70.3900542227645,-33.36514431319665,0 -70.39277993099134,-33.36562100523273,0 -70.39348026308113,-33.36590781582079,0 -70.39447099960493,-33.36586388725453,0 -70.39501388667222,-33.36614206463396,0 -70.39696427217912,-33.36796791413737,0 -70.39797307368168,-33.36903809444829,0 -70.3989138235636,-33.37016247871072,0 -70.39926650259704,-33.37067921033476,0 -70.39959516505235,-33.37126885105874,0 -70.40000268330709,-33.37157289668442,0 -70.40078901738676,-33.37169365228439,0 -70.40161212771501,-33.37198833476989,0 -70.4029505529071,-33.3726109263182,0 -70.40332889111184,-33.37267761773649,0 -70.40462164780224,-33.37231557179096,0 -70.40676926802684,-33.3720443196453,0 -70.40824991754924,-33.37146928041998,0 -70.40891134314857,-33.37099805191706,0 -70.40918094356137,-33.37049488215803,0 -70.40992132520665,-33.36991761917287,0 -70.41084754438785,-33.36959422313207,0 -70.41142750948902,-33.36933578873709,0 -70.41224340217465,-33.36942842097577,0 -70.41447173779621,-33.36905847955219,0 -70.41525583908819,-33.36906679684386,0 -70.41585668992121,-33.36883265253823,0 -70.41685524852136,-33.36820834449028,0 -70.41718273093799,-33.36816773253682,0 -70.41782004737158,-33.36832661477195,0 -70.4188652008466,-33.36839717817481,0 -70.41921527321995,-33.36847736921715,0 -70.41991481670379,-33.36905616472735,0 -70.42021640855344,-33.36916382521906,0 -70.42107033704818,-33.36887669215465,0 -70.42132766833673,-33.36823472348301,0 -70.42155518286255,-33.36809168486087,0 -70.42264375143738,-33.36795777979616,0 -70.42288287831309,-33.36778729498056,0 -70.42278749390431,-33.36714718723969,0 -70.42277270671858,-33.36667884867236,0 -70.42307215345353,-33.36644507100087,0 -70.42347193172658,-33.36654700767097,0 -70.4240116433362,-33.36713121799612,0 -70.42447663141687,-33.36757061405603,0 -70.42517925296254,-33.36778060699862,0 -70.42558825388268,-33.36838668230006,0 -70.42586600782354,-33.36858418700694,0 -70.42653170275976,-33.36844755044434,0 -70.42693183194439,-33.36848303494145,0 -70.42767409844171,-33.3687527286375,0 -70.42796974627018,-33.36879957947956,0 -70.42861077378645,-33.36873652664151,0 -70.4289469181841,-33.36889402161016,0 -70.42903330461456,-33.36912240246592,0 -70.42891812604765,-33.36949007206194,0 -70.42888506145725,-33.36977557791744,0 -70.4290826073875,-33.37020939302166,0 -70.4294052123248,-33.37045408232134,0 -70.43021372633547,-33.37055524351413,0 -70.43128335396989,-33.37081376953859,0 -70.43182423416944,-33.37033395015195,0 -70.43259061541856,-33.36992370067608,0 -70.43305002775534,-33.36994335205824,0 -70.4337412874934,-33.37022119324327,0 -70.43445208519253,-33.37028166387037,0 -70.43536685936898,-33.37020692742278,0 -70.43662491886975,-33.36968254220245,0 -70.43693086567883,-33.36968772041576,0 -70.43815577610539,-33.37023674994148,0 -70.43831579369589,-33.37037688223763,0 -70.43934306555362,-33.37051015948921,0 -70.43983104434888,-33.37073879220901,0 -70.44058193508108,-33.37111375119491,0 -70.44124208667253,-33.37120992969556,0 -70.44185482806455,-33.37160978747019,0 -70.44227320082845,-33.37160023102051,0 -70.44257190421126,-33.37130903153047,0 -70.44295486620884,-33.37062260772328,0 -70.44341337290281,-33.37026975903998,0 -70.44387181476866,-33.37028276480882,0 -70.44437737482497,-33.37050696571264,0 -70.4448147231745,-33.37056891424452,0 -70.44545179384993,-33.37043095102231,0 -70.44586805948222,-33.37043191665131,0 -70.44704452898858,-33.37075104563078,0 -70.44828038011663,-33.37073393225861,0 -70.44937595553783,-33.37070899387603,0 -70.45027741445779,-33.37105570537295,0 -70.45096478078135,-33.37111823315429,0 -70.45309785784332,-33.37092838404435,0 -70.45386147958305,-33.37103490989484,0 -70.45470705063744,-33.37098685858631,0 -70.45562129083925,-33.37038316971138,0 -70.45589550337687,-33.37029267687321,0 -70.45685457929477,-33.3704773493824,0 -70.45757072795165,-33.37050504637006,0 -70.45796906998179,-33.37087949881508,0 -70.45817596350216,-33.37101801430101,0 -70.45848995832263,-33.37099922125881,0 -70.45869978758977,-33.37080311211992,0 -70.4591350343847,-33.37061574784985,0 -70.45947015618198,-33.3704511779113,0 -70.45970231197182,-33.37013088812076,0 -70.46103630735152,-33.36972351637354,0 -70.4614794406488,-33.36990415943272,0 -70.46262410851752,-33.37042191455244,0 -70.46316656670854,-33.37049493164934,0 -70.46377700070525,-33.37039534371141,0 -70.46555220423825,-33.3706216567879,0 -70.46601678431287,-33.37052122599198,0 -70.46614443800031,-33.37026089651098,0 -70.46588270219752,-33.36980540005261,0 -70.46583774828967,-33.36942999409072,0 -70.46663438010343,-33.36809863867729,0 -70.46724813164279,-33.3677445412274,0 -70.46760422968318,-33.36722416211812,0 -70.46761855633807,-33.36671594227926,0 -70.46757694864017,-33.36640703352796,0 -70.46745651772022,-33.36616295087577,0 -70.46740175500244,-33.36548532629552,0 -70.46744367931646,-33.36507458429848,0 -70.46773033557608,-33.36487254850546,0 -70.4693863010184,-33.36500925033842,0 -70.47011769442712,-33.3649325194525,0 -70.47149579852754,-33.36469803178716,0 -70.47178656715298,-33.36449683595283,0 -70.47220277502447,-33.3637035147554,0 -70.47249071096496,-33.36350024033377,0 -70.4727310311182,-33.36352713079849,0 -70.47329523377316,-33.36369285883887,0 -70.47382672595687,-33.3636331811118,0 -70.47472139568215,-33.36413533403707,0 -70.47516250034248,-33.36426880541367,0 -70.47647875196802,-33.36410385163973,0 -70.47754193672017,-33.36434631296066,0 -70.47940107363297,-33.36433415251093,0 -70.48054951799803,-33.36418496153266,0 -70.48130439322965,-33.36437653333142,0 -70.48189022404976,-33.36443741505354,0 -70.48250256473682,-33.36480085878286,0 -70.48293872123436,-33.36493148467679,0 -70.48350236386213,-33.36479522213003,0 -70.48413016335563,-33.36434949152232,0 -70.48465948743195,-33.36429642309071,0 -70.48565037692292,-33.3645536419848,0 -70.48842070008536,-33.3647023034622,0 -70.48954585580856,-33.36452795701693,0 -70.49138532442188,-33.36445644347472,0 -70.49200049103925,-33.36457805269914,0 -70.49292478641128,-33.36464800368987,0 -70.49333390453322,-33.36503339839363,0 -70.49390152989734,-33.36538632651207,0 -70.49443357031713,-33.36597139333723,0 -70.49500409078503,-33.36653530227989,0 -70.49523780364346,-33.36672973224848,0 -70.49542507316816,-33.36688298537798,0 -70.49628413512649,-33.36698762872304,0 -70.49665802642926,-33.36696014612355,0 
					</coordinates>
				</LineString>
			</Placemark>
			<Placemark id="099AC8BB2633363BE73F">
				<name>Ruta Mineroducto</name>
				<LookAt>
					<longitude>-70.33421147034201</longitude>
					<latitude>-33.1508914108015</latitude>
					<altitude>3069.073300050502</altitude>
					<heading>0.5891144048479943</heading>
					<tilt>0</tilt>
					<range>3545.985797883477</range>
					<altitudeMode>absolute</altitudeMode>
					<gx:fovy>35.00010218633699</gx:fovy>
				</LookAt>
				<styleUrl>#__managed_style_301C8CB4F33D3D1AF221</styleUrl>
				<LineString>
					<coordinates>
						-70.64238783600041,-33.176583411805,0 -70.6386132865746,-33.17635260302125,0 -70.63402367995606,-33.1761039263546,0 -70.63327637954625,-33.17630418264688,0 -70.63249496797164,-33.17712010964498,0 -70.63173297876963,-33.17760824826851,0 -70.63070904414371,-33.17856017906669,0 -70.62975579219835,-33.18008506594898,0 -70.62970533049847,-33.18037338330694,0 -70.62990676384945,-33.18111053582015,0 -70.62942076085984,-33.18178385108212,0 -70.62831661187586,-33.18273091471718,0 -70.62757062884695,-33.18305977669942,0 -70.62601808102966,-33.18335988132998,0 -70.62469776745827,-33.18393910137762,0 -70.62289946200167,-33.18491226695898,0 -70.62160425251712,-33.18587668905926,0 -70.62099974099708,-33.18602179848924,0 -70.61933613738512,-33.18601369226758,0 -70.61824685778582,-33.1860855461686,0 -70.61712047285394,-33.18636984636396,0 -70.61646231098931,-33.18673447611859,0 -70.61608373166804,-33.18682029648498,0 -70.61496129604133,-33.18686717479181,0 -70.61441882455978,-33.18690317505256,0 -70.61357886056432,-33.18674545626259,0 -70.61318624912201,-33.18678707120927,0 -70.61301605138115,-33.18701993004822,0 -70.61285834839191,-33.18753856815825,0 -70.61264351513603,-33.18790171970834,0 -70.6120243376582,-33.18855513337945,0 -70.61089265498049,-33.1893184962898,0 -70.60991492667982,-33.18989931327562,0 -70.60862975644079,-33.19021327718034,0 -70.60773307182261,-33.1902493133633,0 -70.60723449095404,-33.19006397650209,0 -70.60698878313853,-33.18991253564516,0 -70.60670722866951,-33.18987737628069,0 -70.6064927916086,-33.18994150252442,0 -70.60632147906905,-33.19017331806563,0 -70.60629691704357,-33.19038210447469,0 -70.6063966152513,-33.19065062281646,0 -70.60641373030982,-33.19098601358474,0 -70.60628880903859,-33.19135208066596,0 -70.6062374786318,-33.19148118484289,0 -70.6056941451783,-33.19206676978807,0 -70.60539281464554,-33.19229923118036,0 -70.60516870827672,-33.19237802385513,0 -70.60452814886476,-33.19239048996922,0 -70.60427098064882,-33.19244078731583,0 -70.60420115203428,-33.19271934740957,0 -70.60406493157188,-33.19295345869435,0 -70.60349298957712,-33.19321863642439,0 -70.60304180996727,-33.19354790670751,0 -70.60282418456858,-33.1936531008965,0 -70.60137524481615,-33.19401277255982,0 -70.60105019679081,-33.19452727341503,0 -70.60022119609629,-33.19482010681072,0 -70.59951871074355,-33.19528884964424,0 -70.59900378038461,-33.19536250458776,0 -70.5981370430477,-33.19524749064448,0 -70.59750424976941,-33.19513521612424,0 -70.59731862101809,-33.19518329083027,0 -70.59715871997564,-33.19557343711895,0 -70.59695635097296,-33.19576429128336,0 -70.59662287951214,-33.19589652910595,0 -70.59652803317671,-33.19619420077169,0 -70.59644120545109,-33.19634974136557,0 -70.59536641903036,-33.19723452958,0 -70.59464018206866,-33.19766500465936,0 -70.59398521735737,-33.19783377503523,0 -70.59278551074526,-33.19837110852731,0 -70.59162795497843,-33.19867925726717,0 -70.5900940791464,-33.19919466949059,0 -70.58965461138007,-33.19989871775963,0 -70.58938627499469,-33.20028315174731,0 -70.58844543807403,-33.20129185501764,0 -70.5873344558704,-33.20186458296379,0 -70.58629371765895,-33.2017978396301,0 -70.58525349786818,-33.20130932006356,0 -70.58366980158222,-33.20085491745512,0 -70.58312375602732,-33.20083761351929,0 -70.58262200402875,-33.20105767627141,0 -70.58248641434415,-33.20121362316802,0 -70.58213938082977,-33.20144056751218,0 -70.5814065376352,-33.20164063366776,0 -70.58094611474962,-33.20191583829126,0 -70.580601414851,-33.20212657654248,0 -70.57982263544886,-33.20233299266014,0 -70.57938500334801,-33.20256723628074,0 -70.57815483217757,-33.20332994150494,0 -70.57711931055016,-33.20362911405869,0 -70.57631669868898,-33.20390745275936,0 -70.57590928839701,-33.20421308650749,0 -70.57539416233703,-33.20422358031514,0 -70.57494362588015,-33.20446457529064,0 -70.57442863525905,-33.20461490659626,0 -70.57376368990326,-33.20442443176838,0 -70.57342702262146,-33.20428890579966,0 -70.57299462403923,-33.2044574056786,0 -70.57308327853745,-33.20489907927681,0 -70.57305453214447,-33.20506484583558,0 -70.57278612564252,-33.20511368450574,0 -70.57201105796361,-33.20500805893356,0 -70.57170256276486,-33.2047965125843,0 -70.57168907031286,-33.20447245435604,0 -70.57174698152471,-33.20419372364381,0 -70.57190910619099,-33.20379451721359,0 -70.57238276612388,-33.20326782819003,0 -70.57245516749262,-33.20298086589787,0 -70.57227857213446,-33.20273065921022,0 -70.57236707617285,-33.20228600569343,0 -70.57231888137699,-33.20205952644234,0 -70.57207355484111,-33.20199169522606,0 -70.57161890517726,-33.20205149100259,0 -70.57126786163036,-33.20198928597735,0 -70.570982082835,-33.20181321556316,0 -70.57078441726888,-33.20176239198499,0 -70.57036978450337,-33.20188744675676,0 -70.57010563593109,-33.20211492623196,0 -70.56998647967586,-33.2023597235312,0 -70.56981659829123,-33.20246912347405,0 -70.56977563173008,-33.20274823542541,0 -70.56956322896686,-33.20313493608329,0 -70.56933886086199,-33.20354753605798,0 -70.56920544932673,-33.20388667173411,0 -70.56880322520446,-33.20428468170131,0 -70.5685083654374,-33.20451374795169,0 -70.56824370176867,-33.20468857008223,0 -70.56790367481193,-33.20465521077078,0 -70.56794891136371,-33.20437497639982,0 -70.56809705841256,-33.20374901716628,0 -70.56805267960267,-33.20335971509793,0 -70.56770694582431,-33.20319813465591,0 -70.56760750584422,-33.20297097754519,0 -70.56765122457371,-33.20291723628122,0 -70.5678915946327,-33.20291680054735,0 -70.56817715414628,-33.20287831184233,0 -70.56837015013173,-33.20274434763438,0 -70.56854423106306,-33.2017329078752,0 -70.5687695878987,-33.20114755559298,0 -70.56960668479525,-33.20035182838709,0 -70.57057547018226,-33.19988267344072,0 -70.57153274303695,-33.19959929041087,0 -70.57191493573661,-33.19953360972963,0 -70.57204753072234,-33.19899494253145,0 -70.57225800963678,-33.19831523045279,0 -70.57233591670415,-33.19807128463194,0 -70.57222773033291,-33.19781823018705,0 -70.57121024764858,-33.19764291275075,0 -70.56894329952451,-33.19637709370851,0 -70.56821597361493,-33.19590486608713,0 -70.56930903914295,-33.19557246331186,0 -70.56943385584525,-33.19493288367562,0 -70.5677544604516,-33.19444753226716,0 -70.56789111208154,-33.19391382035806,0 -70.56855828501492,-33.19345450462591,0 -70.56843034036534,-33.19318231526595,0 -70.56780254149987,-33.19302408454772,0 -70.56722092627987,-33.19323509875016,0 -70.56679466800057,-33.19316160335703,0 -70.56639883700029,-33.19267842190398,0 -70.56605989507929,-33.19232567932296,0 -70.56564467996603,-33.19228988518156,0 -70.56510035521836,-33.19252795102974,0 -70.56437564548089,-33.1926410596632,0 -70.56408178624079,-33.19312786781851,0 -70.56373051968957,-33.19344802235264,0 -70.56329025968107,-33.19350768699122,0 -70.56249857640719,-33.19360295466128,0 -70.56203519988649,-33.19394503699277,0 -70.56178872449122,-33.19377009664402,0 -70.56178916684718,-33.19296996705042,0 -70.56168208017601,-33.19280400247943,0 -70.56122321929989,-33.19283806969032,0 -70.56082718149338,-33.19266774278967,0 -70.56041382695389,-33.19261068769622,0 -70.55967791884053,-33.19275065676041,0 -70.55817611420707,-33.19388646447002,0 -70.55798138960378,-33.1942298865219,0 -70.55789874098322,-33.19474804922814,0 -70.55764233400805,-33.19487967912259,0 -70.55731703131583,-33.19495886683257,0 -70.55711403735661,-33.19481425256335,0 -70.55711794324152,-33.19457238458669,0 -70.55694850265419,-33.19434953338677,0 -70.55675706654252,-33.19415109568743,0 -70.55677219008314,-33.19365940906726,0 -70.55674959712827,-33.19306297854506,0 -70.55654458650676,-33.19299114647156,0 -70.55642079111107,-33.19306823027536,0 -70.55634019937239,-33.19350206708121,0 -70.55627892253327,-33.1936610613139,0 -70.55613077972555,-33.19338039071518,0 -70.55588092534133,-33.19312632117514,0 -70.5557666313986,-33.1929929316593,0 -70.55595890320008,-33.19264558052987,0 -70.55663857740633,-33.19228874139498,0 -70.55688549771446,-33.19197113547435,0 -70.55755386609268,-33.19121531250327,0 -70.5576518265686,-33.19099111987192,0 -70.5582304432625,-33.1904579546319,0 -70.55853637081778,-33.19026279673145,0 -70.55901268732997,-33.19002456082669,0 -70.55927207171679,-33.18961684243557,0 -70.55917445911388,-33.18950522579631,0 -70.55885238344824,-33.18951747578321,0 -70.55830936031253,-33.18973100841372,0 -70.55768158019696,-33.18981371080622,0 -70.55691017323016,-33.19025084270012,0 -70.55623848694798,-33.19042869065514,0 -70.55538039890439,-33.19110769217893,0 -70.55477719234435,-33.19144152364996,0 -70.55430879660697,-33.19207362714013,0 -70.5539931976022,-33.19212080563033,0 -70.55359513873924,-33.19199808878495,0 -70.55347209181603,-33.19152655283956,0 -70.55335408798356,-33.1912136610075,0 -70.55308763992643,-33.19120606968023,0 -70.55250599082648,-33.19134705916437,0 -70.55221946592211,-33.19147656809371,0 -70.55177832402853,-33.19134406533786,0 -70.55154445994511,-33.19107821745416,0 -70.5514064982477,-33.19096485772085,0 -70.55131769629011,-33.19106936495211,0 -70.55186892895462,-33.19186728937572,0 -70.55186245752927,-33.19210971290156,0 -70.55208412762042,-33.19238242923932,0 -70.55214226957273,-33.19257442048625,0 -70.55210577065775,-33.19290593806072,0 -70.55188834929999,-33.19324260926913,0 -70.55149003499064,-33.19352575302886,0 -70.55107379008339,-33.19361753647605,0 -70.55102436311117,-33.193538746831,0 -70.55125360352216,-33.19339450366907,0 -70.55143624739001,-33.19314485630167,0 -70.55114964959537,-33.1929545752887,0 -70.55063556703674,-33.19262517384141,0 -70.5504062982773,-33.19233296062176,0 -70.55026785656057,-33.19199818619343,0 -70.55000749117505,-33.19165937993523,0 -70.54976681812849,-33.19158461677492,0 -70.54975973921523,-33.19176025114406,0 -70.5496907507644,-33.19199976354077,0 -70.54908832961362,-33.19260936464905,0 -70.54881012870793,-33.19280611686682,0 -70.54840349616434,-33.19338902121572,0 -70.54825021285463,-33.19357247613747,0 -70.54789368486023,-33.1937393366489,0 -70.54778842052177,-33.19380427396028,0 -70.54782685180442,-33.19403712448941,0 -70.54792147538902,-33.1941888903264,0 -70.5479665866564,-33.19442902533066,0 -70.54792738255388,-33.19460488552587,0 -70.54812236288716,-33.19490822554163,0 -70.5482974425595,-33.19515157642564,0 -70.54883774510957,-33.19574637153968,0 -70.54892780701668,-33.19587107924878,0 -70.5489023641699,-33.19610777015281,0 -70.54839014920503,-33.19649901212055,0 -70.54788587670122,-33.19700955669476,0 -70.54761904199739,-33.19721206817083,0 -70.54749960137472,-33.19721658872962,0 -70.54761910745772,-33.19698328179534,0 -70.54789284205373,-33.19649731898175,0 -70.54798860308885,-33.19620751153087,0 -70.54790423062045,-33.19601417790105,0 -70.5475644035614,-33.19582224070761,0 -70.5472510767005,-33.19558175626843,0 -70.54618207609789,-33.19412690469267,0 -70.54577267402426,-33.19361976852774,0 -70.54615398428659,-33.19322191682693,0 -70.54629167353227,-33.19296821602968,0 -70.54625312039262,-33.19245665940426,0 -70.54601125035285,-33.19205175822465,0 -70.54537371835383,-33.19184608242664,0 -70.54448892573673,-33.19165742708307,0 -70.54395545083671,-33.1911301980479,0 -70.54387638394357,-33.19111379779747,0 -70.54419468897551,-33.19179834857834,0 -70.54521276204635,-33.19243243360454,0 -70.54530213455149,-33.1926612797789,0 -70.54521349061085,-33.19282786751759,0 -70.54448137684622,-33.19331829121524,0 -70.54446150232081,-33.19346065474133,0 -70.54480977011782,-33.19459940712988,0 -70.54480039431802,-33.19479765454962,0 -70.54471387187692,-33.19485703608309,0 -70.54416214784817,-33.19466601739531,0 -70.54394486188508,-33.19461486920469,0 -70.54383077216322,-33.19440504092174,0 -70.54344670674992,-33.19424252920506,0 -70.54323961415831,-33.19415622516096,0 -70.54283003884764,-33.1940128072759,0 -70.54156144675521,-33.19400658944471,0 -70.54139789540581,-33.1937399280929,0 -70.54121183172344,-33.19334748134595,0 -70.54048509882691,-33.19318346334648,0 -70.53979145583307,-33.19290693603817,0 -70.53905455603746,-33.19271243396587,0 -70.53673806698865,-33.19268018482107,0 -70.53572316144999,-33.19281534761666,0 -70.53519980193454,-33.19299443030534,0 -70.53432696304459,-33.19297369300658,0 -70.53112834169065,-33.19274334468132,0 -70.53037181406845,-33.19250403659144,0 -70.52937407968331,-33.19135552452749,0 -70.52923944048868,-33.19110481671551,0 -70.52898437879124,-33.19111348392639,0 -70.5288831099552,-33.19133010237301,0 -70.52878819523002,-33.19166018480593,0 -70.52843051253291,-33.19225852697335,0 -70.5284525644242,-33.19279725284014,0 -70.52788945138319,-33.19329672596907,0 -70.52748528411871,-33.19366500142584,0 -70.52722152963661,-33.19375524187235,0 -70.5272908776825,-33.19330868100856,0 -70.52733672246947,-33.1930579783948,0 -70.52702499680636,-33.19282470185564,0 -70.52666834823719,-33.19268246097318,0 -70.52638028758957,-33.19238726848982,0 -70.52646903142453,-33.19224758135891,0 -70.52654156042186,-33.1920448338274,0 -70.52709955618144,-33.19203892977347,0 -70.52738419192806,-33.19164217315104,0 -70.52707418174785,-33.19127789057845,0 -70.52613195415249,-33.19129684151854,0 -70.52569410204852,-33.19128482833544,0 -70.52590115596023,-33.19177362243301,0 -70.52641754473233,-33.19203322290154,0 -70.52623924707136,-33.19246525518405,0 -70.52594533748751,-33.193005229846,0 -70.52555141113503,-33.19302967181861,0 -70.5249016223058,-33.19257370407362,0 -70.52435117997966,-33.19170787512856,0 -70.5242721485329,-33.19134398408305,0 -70.52430766432698,-33.19115553880101,0 -70.52409133821244,-33.19066951198683,0 -70.52364810108119,-33.19021014146348,0 -70.52329492532927,-33.19013692124753,0 -70.52299443905875,-33.19034737745395,0 -70.52298961191836,-33.19056170661972,0 -70.52331493450156,-33.19080909163008,0 -70.52344498307535,-33.19112045589175,0 -70.52336919796198,-33.19129709613926,0 -70.52296258159818,-33.19124111927091,0 -70.52275629709558,-33.19110666721891,0 -70.52246102241605,-33.19111447846431,0 -70.52200996273443,-33.19157145263736,0 -70.52145285253152,-33.19185462754022,0 -70.52054002539249,-33.19177020737392,0 -70.52029046954296,-33.19179551939182,0 -70.51996493902314,-33.19159550144855,0 -70.51980030593656,-33.19150761997881,0 -70.51957215542065,-33.19150444361102,0 -70.51922771111484,-33.19154225584511,0 -70.51901842076728,-33.1915529440668,0 -70.51882460642517,-33.19163537748972,0 -70.5183259492984,-33.19160545934105,0 -70.51792320958477,-33.19193162382767,0 -70.51733824233844,-33.19226567265732,0 -70.51672362071641,-33.19282242406528,0 -70.51622321097578,-33.19327664958756,0 -70.51606293698804,-33.19323032329945,0 -70.51630325669606,-33.19289591253437,0 -70.51646239371344,-33.19253364784895,0 -70.51670579499645,-33.19211041750866,0 -70.51703262382813,-33.19174362736624,0 -70.51730278375295,-33.19157505481717,0 -70.51736621551743,-33.19128160039462,0 -70.51794532760108,-33.19057596378547,0 -70.51792914533971,-33.19046309644214,0 -70.51769241116696,-33.19041591886396,0 -70.51592927375661,-33.19075262094515,0 -70.51443862019502,-33.19089649527907,0 -70.51256606691011,-33.19097246127377,0 -70.50827204996892,-33.19215782557082,0 -70.50689827805746,-33.19274566379525,0 -70.50563860347472,-33.19270693164895,0 -70.50544996872902,-33.1922060377596,0 -70.50554617281861,-33.19159702601726,0 -70.50571236907359,-33.19130589630891,0 -70.50481844585632,-33.19101964490829,0 -70.50411970357339,-33.19086045166138,0 -70.50363631356075,-33.19094603846368,0 -70.5029012339149,-33.19064105878597,0 -70.5020318797618,-33.19092219509186,0 -70.50189481404561,-33.19148430936726,0 -70.50194553393401,-33.19196517441126,0 -70.50129834712688,-33.19251956955938,0 -70.50111589141913,-33.19281883709943,0 -70.50089820815121,-33.1928478801261,0 -70.50103468714764,-33.19220656890754,0 -70.50088839319771,-33.19182009277052,0 -70.50020549534077,-33.19161833565362,0 -70.50005826502664,-33.19192320583671,0 -70.49987587458119,-33.19215796673634,0 -70.49898457905925,-33.1923427176979,0 -70.4985809937828,-33.19269594904577,0 -70.49851708226828,-33.19293589975245,0 -70.49833523175339,-33.19293179414872,0 -70.49788703692062,-33.19273425945174,0 -70.49732994858762,-33.19259999038049,0 -70.49502123844438,-33.19188785999791,0 -70.49425347403502,-33.19173600228687,0 -70.4941045119122,-33.19192179586246,0 -70.49441021761028,-33.19241923709141,0 -70.49425153642326,-33.19252872947503,0 -70.4937531336318,-33.19232910398997,0 -70.49286354346737,-33.19182575723716,0 -70.49247581318311,-33.19179173966462,0 -70.49135256987053,-33.19179336792094,0 -70.49038342629063,-33.19170560676635,0 -70.48981779198762,-33.19188281466288,0 -70.48950482534663,-33.19180511946866,0 -70.48923550173365,-33.19141651383555,0 -70.48898762086762,-33.1914462487297,0 -70.48885616774568,-33.19198117617456,0 -70.48887496808712,-33.19236853284222,0 -70.48856799516625,-33.19224751859046,0 -70.48842678354178,-33.19198741435002,0 -70.48799694122286,-33.1918889293274,0 -70.48753196004571,-33.19152635833699,0 -70.48742257783681,-33.19162401883769,0 -70.48750070439269,-33.19194751068643,0 -70.48750979976857,-33.19231825237951,0 -70.48794383099151,-33.19285726259808,0 -70.48793713211504,-33.19312244229024,0 -70.4846431955061,-33.19406480234717,0 -70.48385151851609,-33.19498348832045,0 -70.48330457241616,-33.19534516335497,0 -70.48315601879696,-33.19529272703636,0 -70.48314399982397,-33.1951580172902,0 -70.48366407310132,-33.19473298189894,0 -70.48361804637472,-33.19371892415163,0 -70.48324545280781,-33.19299217800602,0 -70.48303050563497,-33.19270326601958,0 -70.48096638431512,-33.19506185695657,0 -70.48070818980078,-33.19426939341383,0 -70.48049519378486,-33.19386198215624,0 -70.48030602561393,-33.19314883463255,0 -70.48058882096211,-33.19264114989546,0 -70.48029926568282,-33.19215277309573,0 -70.48044770254849,-33.19081648367233,0 -70.48040670532178,-33.19072740490777,0 -70.47923346377135,-33.19233421873101,0 -70.47908179085755,-33.19297991479529,0 -70.4784732163502,-33.19424803406265,0 -70.4777876007096,-33.19489650589931,0 -70.47760882022088,-33.19531915826744,0 -70.4769552860289,-33.19602669070265,0 -70.47740697864467,-33.19655074487221,0 -70.47740400605109,-33.19670019446352,0 -70.47712932177468,-33.19699424565325,0 -70.47609747082571,-33.19767698993813,0 -70.47625480531271,-33.19845300520993,0 -70.47653767917259,-33.19877834630879,0 -70.47730814625078,-33.19907030871022,0 -70.47747194307959,-33.19911922492587,0 -70.47723130318212,-33.19921219126246,0 -70.4759732719338,-33.1992087976227,0 -70.47533043792014,-33.19908648332822,0 -70.4750925175229,-33.19889709747985,0 -70.47478309932164,-33.19837945435539,0 -70.47452065217617,-33.19761022739619,0 -70.47434543222812,-33.19734019889272,0 -70.47454482782483,-33.19689227845697,0 -70.47436748423735,-33.19692562892268,0 -70.47395328293297,-33.19717567416417,0 -70.47397197969347,-33.19753824910615,0 -70.47351423200179,-33.19864273154291,0 -70.47318302005394,-33.19949806280838,0 -70.47307663703729,-33.20053147260523,0 -70.47311118849548,-33.20140491593801,0 -70.47300822240327,-33.20173939282954,0 -70.47247786828743,-33.20137107810637,0 -70.47208270225711,-33.20068069086479,0 -70.47174199698397,-33.19987818839928,0 -70.47145621324086,-33.19900230232317,0 -70.47132517779117,-33.19840889432299,0 -70.47140875020176,-33.19748447505326,0 -70.47124935162601,-33.19699856537471,0 -70.47115605534179,-33.19665914407477,0 -70.47141422944142,-33.19576656984606,0 -70.47164990267373,-33.19550573035235,0 -70.4718733973863,-33.1944635466856,0 -70.47182736775464,-33.19406988908365,0 -70.47217994031692,-33.19336862543703,0 -70.47277900914702,-33.19276117435732,0 -70.47295516364531,-33.19229119604506,0 -70.47300380642524,-33.19219301094198,0 -70.47208121279769,-33.1926530738082,0 -70.47098403960629,-33.19359875493782,0 -70.47055718561566,-33.19449340345336,0 -70.46902588208428,-33.19652418335946,0 -70.46888610054552,-33.19696862777067,0 -70.46894172063081,-33.19756412180098,0 -70.46848793379924,-33.19842861959432,0 -70.46786173465001,-33.19874049365751,0 -70.46715321470913,-33.19876739005571,0 -70.46517948371051,-33.19951562081499,0 -70.46503894399471,-33.20065324240196,0 -70.46530572442093,-33.20137468761203,0 -70.46501421193925,-33.20280321793751,0 -70.46439930689837,-33.20385033213311,0 -70.46429273061555,-33.20437168856107,0 -70.46337759464718,-33.20574482039118,0 -70.46340374081987,-33.20617402743126,0 -70.46508952348621,-33.207919163275,0 -70.46608519123897,-33.20837866064475,0 -70.46691701650009,-33.20856818939969,0 -70.46785678457574,-33.20969250621344,0 -70.46865296223615,-33.21025674039793,0 -70.46895797543392,-33.21087468010925,0 -70.46908227332625,-33.21161739292251,0 -70.46903099256248,-33.21187643765687,0 -70.4686665276693,-33.21203772682436,0 -70.46833961471073,-33.21169946160033,0 -70.46706019763762,-33.21090178976595,0 -70.46517648820534,-33.21082077564223,0 -70.46341304190389,-33.21136123399927,0 -70.46293257903002,-33.21176484969236,0 -70.46063744374941,-33.2116289007583,0 -70.45788046485991,-33.21059065632435,0 -70.45555904351338,-33.21016796788112,0 -70.45211727299646,-33.20846082533873,0 -70.45109591559228,-33.20727452319186,0 -70.45079672734808,-33.20588587734257,0 -70.45008455580259,-33.20548016766984,0 -70.44884960531819,-33.20515832421668,0 -70.44861819001753,-33.20476824025106,0 -70.44844125354085,-33.20472200618993,0 -70.4481584303706,-33.20498185203861,0 -70.44805217140257,-33.20536591599929,0 -70.44716821965319,-33.20586383129209,0 -70.44685889549173,-33.2065853110644,0 -70.44477580028585,-33.206743805366,0 -70.44369421684132,-33.20689119126978,0 -70.44367069702813,-33.20707621025875,0 -70.44405898602841,-33.20728720814064,0 -70.4441371693642,-33.20741928188629,0 -70.44318523186388,-33.20760997831493,0 -70.44278041664556,-33.20792973480696,0 -70.44206884341186,-33.20890065321821,0 -70.44135691347219,-33.20906375401319,0 -70.44092984755339,-33.20868555109586,0 -70.44096899375056,-33.20796719187403,0 -70.43964629866367,-33.20821364628493,0 -70.43682408783579,-33.20906631921916,0 -70.43624206701078,-33.20902952832074,0 -70.43577411499693,-33.2081364670298,0 -70.43509576594025,-33.20765914033034,0 -70.43498122893568,-33.20690024251627,0 -70.43665749070404,-33.20617429594957,0 -70.4373008365331,-33.20490525534929,0 -70.43737978648677,-33.20392122329774,0 -70.43661177103884,-33.20346438613409,0 -70.43645296817596,-33.20277444458495,0 -70.43538774859915,-33.20157819836751,0 -70.43593104334809,-33.20067716756527,0 -70.43679003818843,-33.20035093960403,0 -70.4370279840908,-33.20003257360618,0 -70.43604443167543,-33.19955461204064,0 -70.43498974134113,-33.19862365075826,0 -70.4351468718864,-33.19774655990118,0 -70.43481912042672,-33.19731501374747,0 -70.43424252355227,-33.19709192959617,0 -70.4340752294702,-33.19653949373534,0 -70.43241475802085,-33.19517776083497,0 -70.43088590774542,-33.19481258646777,0 -70.42966046471292,-33.19390150682297,0 -70.42684224974252,-33.19272533478279,0 -70.42635129732552,-33.19293147739116,0 -70.42738042990395,-33.19396601202436,0 -70.42750530261054,-33.19487101399759,0 -70.42613143377417,-33.19628896723714,0 -70.42585186638692,-33.19725708293173,0 -70.42382541400725,-33.19863334608473,0 -70.42183419677085,-33.20132550666884,0 -70.42159995733108,-33.20228158731506,0 -70.42101948685075,-33.20284209575057,0 -70.4209258612259,-33.20374002959699,0 -70.42050376882952,-33.20431301452797,0 -70.42043498358423,-33.20542152480361,0 -70.41928471667738,-33.20741164678575,0 -70.41709912960664,-33.20761101514779,0 -70.41662798991743,-33.20802296627122,0 -70.41599536540892,-33.20819930807492,0 -70.41514429880355,-33.20776422270144,0 -70.41435715657214,-33.20771743077337,0 -70.4143537218514,-33.20815219769,0 -70.41410955645556,-33.20968707783408,0 -70.41545811248388,-33.21186632259453,0 -70.41557091528864,-33.21271184770657,0 -70.41664242205643,-33.21397342370699,0 -70.41631960990381,-33.21676291599697,0 -70.4164184351926,-33.21861021612314,0 -70.41564252124364,-33.21970733510713,0 -70.41445649287068,-33.21982877625607,0 -70.41404150313851,-33.22044813248356,0 -70.41378297427522,-33.22198694405078,0 -70.41300588943547,-33.22267476841881,0 -70.41323165886688,-33.22408947256874,0 -70.41276647440542,-33.22500107197947,0 -70.41152082534549,-33.22619551222753,0 -70.41106897448968,-33.22712293863811,0 -70.41106409679243,-33.22795827382387,0 -70.41048595527242,-33.2288944698689,0 -70.40964475849192,-33.23004978311836,0 -70.40945499826371,-33.23062531542536,0 -70.40842771363192,-33.23066305661877,0 -70.40478325338835,-33.22931065934839,0 -70.40421456974052,-33.22860800760665,0 -70.40287616781175,-33.2284056165354,0 -70.40183107820172,-33.22819155212459,0 -70.40098956816814,-33.22813195487143,0 -70.39933383625642,-33.22724968011982,0 -70.39807545648202,-33.22722549237748,0 -70.39713184297609,-33.22716562206396,0 -70.39519650917914,-33.22672369035617,0 -70.39471439230088,-33.22673549498453,0 -70.39399117620985,-33.22692575484677,0 -70.3931134305754,-33.22631899742766,0 -70.39179335631839,-33.22606932876083,0 -70.39032263320487,-33.22618784764931,0 -70.3895743626187,-33.22539130669286,0 -70.3889945889804,-33.22508252170132,0 -70.38765651507723,-33.22473514204368,0 -70.38652024833389,-33.22410448465046,0 -70.38608051134506,-33.2231895358398,0 -70.38549842563908,-33.22253618185386,0 -70.38369046683455,-33.22175014522744,0 -70.38250306718223,-33.22075279017999,0 -70.38170753022689,-33.22055119392154,0 -70.38121691321987,-33.21935264525877,0 -70.38042907628042,-33.21898625528276,0 -70.37826423638934,-33.21802732733317,0 -70.37736515984241,-33.217577424899,0 -70.37627459371613,-33.21650754634246,0 -70.3752927564357,-33.21575696755012,0 -70.37482508545408,-33.21472756599303,0 -70.37459893337189,-33.21410526370236,0 -70.37380255437817,-33.21379574793219,0 -70.37320992737787,-33.21293834242056,0 -70.3728200679942,-33.21237984430791,0 -70.37192903050388,-33.21191484953589,0 -70.37127946017596,-33.2117909345052,0 -70.37074947593938,-33.21206854629648,0 -70.36920529430441,-33.21141280642905,0 -70.36781730156126,-33.21036122091263,0 -70.36685088115301,-33.20987692215981,0 -70.36531067717453,-33.20741138043667,0 -70.36507542998602,-33.20636333554999,0 -70.36566098728672,-33.20375318286728,0 -70.36558102364812,-33.20239415929765,0 -70.36607479502776,-33.2009209689965,0 -70.36739881067203,-33.19746364147436,0 -70.36605448634219,-33.19536582187493,0 -70.36505990875163,-33.19345777657593,0 -70.36174712494656,-33.19106959702469,0 -70.36080975862895,-33.1890458980204,0 -70.36174183066981,-33.18598199805814,0 -70.36108835212845,-33.18399764574302,0 -70.36051259395799,-33.18077989028524,0 -70.36015966913038,-33.17990759039814,0 -70.36077111607412,-33.17819020513316,0 -70.36069326648557,-33.17616474680086,0 -70.35984802084357,-33.17475238940799,0 -70.35978807199915,-33.17435002192972,0 -70.35909018006502,-33.17377368436255,0 -70.35866635119832,-33.1731083501222,0 -70.35870646692605,-33.17175730255231,0 -70.35898833334352,-33.17127504101203,0 -70.3598260555196,-33.16924053753371,0 -70.36003300386088,-33.16880791664465,0 -70.36018028992613,-33.1674662218844,0 -70.36088215950097,-33.16664913218048,0 -70.36136787550838,-33.16621862125303,0 -70.36113561313998,-33.16573392763591,0 -70.36127565648799,-33.1655309608905,0 -70.36204838657871,-33.16514004580109,0 -70.36263080735132,-33.16467055897149,0 -70.36292647666117,-33.16382622004291,0 -70.36394852043139,-33.16288072944881,0 -70.36485978800796,-33.16238283371943,0 -70.36553497150808,-33.16226705016057,0 -70.36619932315267,-33.16209254034705,0 -70.36648230025872,-33.16089619121711,0 -70.36686713527783,-33.16018406608211,0 -70.3674447063661,-33.15974033338988,0 -70.36782212429807,-33.15802896714058,0 -70.36775219088496,-33.15712865409567,0 -70.36780818359453,-33.15665986168703,0 -70.36776347654092,-33.15551230912244,0 -70.36771398201412,-33.15517200645913,0 -70.36772931262256,-33.15468771058597,0 -70.36732413011367,-33.15401927100595,0 -70.36741659868898,-33.15393845808843,0 -70.36777821915372,-33.15358427434446,0 -70.36776325552572,-33.15233687744644,0 -70.36797751986856,-33.15179737892112,0 -70.36795825588518,-33.15148763546806,0 -70.3681470345737,-33.1510396520256,0 -70.36821146957301,-33.15062789724445,0 -70.36993097908686,-33.14889373680566,0 -70.37168639982477,-33.14767050408252,0 -70.37283332198135,-33.14616674818526,0 -70.37384805481445,-33.14525580415376,0 -70.37586294486587,-33.14380958042405,0 -70.37844598459994,-33.14237950034908,0 -70.38028046488031,-33.13975848455215,0 -70.38094366394262,-33.13823040064751,0 -70.38084270049602,-33.13735343287017,0 -70.3814954398652,-33.13669334869731,0 -70.38287236465851,-33.13528424794569,0 -70.38275329464372,-33.13467969763171,0 -70.38218962534714,-33.13441211045853,0 -70.38140242955197,-33.13339784441927,0 -70.3813812327838,-33.13310507433009,0 -70.38148907724759,-33.13235025265187,0 -70.38165085053798,-33.13202615062313,0 -70.38157819464803,-33.13175804925586,0 -70.38182333300718,-33.13153936138399,0 -70.38214027472755,-33.13150611737403,0 -70.38199036741092,-33.13130709642951,0 -70.38133457675866,-33.13023971564405,0 -70.38084941063003,-33.12976982402736,0 -70.38035613267823,-33.12961801313367,0 -70.37955773678536,-33.12904703108648,0 -70.37935159431832,-33.12865574457232,0 -70.37877632362412,-33.12706065630559,0 -70.37753482259396,-33.12576538682048,0 -70.37706728373215,-33.12531594930977,0 -70.37602679986449,-33.12499508859653,0 -70.37521153100454,-33.12446732656485,0 -70.37471314683475,-33.12356023021653,0 -70.37471489156358,-33.12269399848203,0 -70.37455347981236,-33.12225947041438,0 -70.37479237622611,-33.12119579739553,0 -70.37467557300606,-33.12048567737122,0 -70.37437458895189,-33.12017974164287,0 -70.37356327561247,-33.11983215979568,0 -70.37317334936273,-33.11854492115931,0 -70.37259120545612,-33.1181339609742,0 -70.37315274871395,-33.11790948535613,0 -70.37280619297408,-33.11753218048982,0 -70.37330543280056,-33.11738754104464,0 -70.37283039104443,-33.1170178882808,0 -70.37361790812341,-33.11654422549456,0 -70.37368080824488,-33.11630977438578,0 -70.37308208515951,-33.11402639271836,0 -70.37246038234922,-33.11317883779546,0 -70.3719268621624,-33.11273610827482,0 -70.37072750986115,-33.11210166266711,0 -70.36978185997677,-33.11186122457062,0 -70.36826017096945,-33.11122258545643,0 -70.36750171868694,-33.11189979101169,0 -70.36760590433256,-33.11286248223458,0 -70.36803602166526,-33.11413393319238,0 -70.3670591570955,-33.11299774158338,0 -70.36575569649014,-33.1114634709728,0 -70.36499808756439,-33.11085348938526,0 -70.36469167577724,-33.11033995434462,0 -70.36468727960734,-33.10948139736657,0 -70.36483392311636,-33.10901613326777,0 -70.36526008908911,-33.10904765166987,0 -70.36482367621015,-33.10862360518782,0 -70.36396478530537,-33.10839317667254,0 -70.36273315399259,-33.10859722325435,0 -70.36212752496716,-33.10899025312318,0 -70.36147721085189,-33.1105280721639,0 -70.36146138860089,-33.11157937587258,0 -70.36133864115402,-33.11163883369015,0 -70.36094607496078,-33.11096186228242,0 -70.35981560799056,-33.10982386077687,0 -70.35878833356338,-33.10949978224459,0 -70.35625508183645,-33.10935896700101,0 -70.35491990084282,-33.1095356782765,0 -70.35298756541938,-33.10998079743021,0 -70.35249446085149,-33.11026731316359,0 -70.35203599990736,-33.11059443633724,0 -70.35135204842712,-33.11054812337248,0 -70.35106611414074,-33.1103648959211,0 -70.35058140063398,-33.11055721281407,0 -70.35045342369274,-33.10971249553869,0 -70.35125844922293,-33.10901200838642,0 -70.35021299504962,-33.10915873018764,0 -70.34973910815386,-33.10862637334422,0 -70.34957637439724,-33.10844095574094,0 -70.3489702211732,-33.10944985886276,0 -70.34860534682089,-33.10958405677408,0 -70.34798847056905,-33.10909532586329,0 -70.34666519563406,-33.10869389537928,0 -70.34528951335267,-33.1089929548393,0 -70.34389212777344,-33.10924685767427,0 -70.34597007864959,-33.10971337675642,0 -70.34680104179033,-33.11076969616542,0 -70.34702762587543,-33.11166069054651,0 -70.34739581598951,-33.11226900947376,0 -70.34757971821485,-33.11343090608024,0 -70.34947728597619,-33.11439866944891,0 -70.34986405603658,-33.1165024778068,0 -70.35026362090501,-33.11892262436812,0 -70.34859300896915,-33.12242271861058,0 -70.34080090974517,-33.12462115055985,0 -70.34056144977019,-33.12581034609757,0 -70.33833507023871,-33.13065974920016,0 -70.33824761052037,-33.13218942256614,0 -70.33718764093227,-33.13244007823441,0 -70.33587273626247,-33.13368036146672,0 -70.33432424799396,-33.134496869649,0 -70.33303886177166,-33.13619567608276,0 -70.33180735318393,-33.13671098540716,0 -70.33175137595889,-33.13903351454397,0 -70.33138639746926,-33.140346232976,0 -70.33067565360417,-33.14095360340249,0 -70.33086126858733,-33.14358748285498,0 -70.33111135526408,-33.14400450002196,0 -70.33178020994632,-33.1457251109624,0 -70.33172706940344,-33.14707128974899,0 -70.3322952581288,-33.147830193439,0 -70.33190538689946,-33.14861176210287,0 -70.33202834310264,-33.14954629964064,0 -70.33218204696074,-33.15094063355675,0 -70.33108399877338,-33.15654516297209,0 -70.3307185590874,-33.15833387106264,0 
					</coordinates>
				</LineString>
			</Placemark>
			<Placemark id="03185DB9EA333690925A">
				<name>Sistema de Agua Recirculada</name>
				<LookAt>
					<longitude>-70.31290087291583</longitude>
					<latitude>-33.15593336091065</latitude>
					<altitude>3462.253384504899</altitude>
					<heading>0</heading>
					<tilt>0</tilt>
					<range>43180.57220627089</range>
					<altitudeMode>absolute</altitudeMode>
					<gx:fovy>35.00010218633699</gx:fovy>
				</LookAt>
				<styleUrl>#__managed_style_0A485733163D3D1AF223</styleUrl>
				<LineString>
					<coordinates>
						-70.70547999576178,-33.13444355213426,0 -70.70482874376306,-33.13770950890597,0 -70.70330815076019,-33.13955320914889,0 -70.70119978901134,-33.14103121711199,0 -70.70125003550734,-33.14339337777096,0 -70.69944885468689,-33.14540054909094,0 -70.6740558315315,-33.15408852208008,0 -70.64573615480032,-33.15550773090283,0 -70.62656504028357,-33.16551005143675,0 -70.62617797596019,-33.17243648529656,0 -70.62548814459073,-33.17802606461296,0 -70.62715823677883,-33.17890729901778,0 -70.6269958311546,-33.18057878075579,0 -70.6271417164818,-33.18179419375239,0 -70.62652324236807,-33.18276544079416,0 -70.62082431415632,-33.18580574092897,0 -70.61381092763401,-33.18679603751285,0 -70.60534790647722,-33.19228431550923,0 -70.59649763429258,-33.19610061315906,0 -70.58732708827642,-33.2017382385767,0 -70.57813506131666,-33.20045564229905,0 -70.56764381123639,-33.19630814027445,0 -70.54136712759939,-33.19315188872422,0 -70.53947427746392,-33.19314195407743,0 -70.5303725447713,-33.19277251987062,0 -70.52545090991836,-33.19171550150085,0 -70.51612941793155,-33.19047288721039,0 -70.51196002899185,-33.19186983143842,0 -70.50556069573042,-33.19277877985756,0 -70.49195142406818,-33.19182041530784,0 -70.44555313960531,-33.20718846562337,0 -70.44016857490359,-33.20809597246627,0 -70.43613718923575,-33.20898327965007,0 -70.43489512687445,-33.20745336718848,0 -70.43670279474507,-33.20622760926155,0 -70.4374854072972,-33.20424155878192,0 -70.43708455869259,-33.20364828636745,0 -70.43654276249084,-33.20343689992776,0 -70.43580191092734,-33.20202636696935,0 -70.43547191133619,-33.20107211401152,0 -70.43716065204036,-33.20021397524558,0 -70.43555628068691,-33.19913170839568,0 -70.43508347292088,-33.19749844067893,0 -70.43413837198226,-33.19699750036134,0 -70.43323990457255,-33.19583162591785,0 -70.43036411071952,-33.19451598153336,0 -70.42663028560818,-33.19266991784031,0 -70.42621601494939,-33.19288671062199,0 -70.42744176027574,-33.19435813632817,0 -70.42745729639971,-33.1949815658453,0 -70.42595046349076,-33.19675010979542,0 -70.42588437923473,-33.19718362586154,0 -70.42413491903059,-33.19842895728249,0 -70.42191891584329,-33.20118583512377,0 -70.42172480213279,-33.20190230219593,0 -70.42095921519629,-33.20271088646484,0 -70.42097941513113,-33.20328736895376,0 -70.42092276257931,-33.2038604796288,0 -70.42051288064469,-33.20431417710191,0 -70.42058265047994,-33.20534824988387,0 -70.41944399483556,-33.20714769315394,0 -70.4176983411065,-33.20751727829231,0 -70.41623316849703,-33.20806244962831,0 -70.41545950918062,-33.20803672036283,0 -70.41493773371424,-33.20768135099046,0 -70.4142642585599,-33.20772890928124,0 -70.41440443709111,-33.2083006921757,0 -70.41408965934988,-33.20898732988304,0 -70.41454583196474,-33.2107480303335,0 -70.415411621212,-33.21177807075296,0 -70.41549005121659,-33.21251665374243,0 -70.41650045107913,-33.21393623805101,0 -70.41644056217361,-33.21553928120446,0 -70.4163032756282,-33.21703863120745,0 -70.41655586175872,-33.21815349782426,0 -70.41606601244807,-33.21943669839319,0 -70.41483886737653,-33.21991966839637,0 -70.41425310016139,-33.22024559059044,0 -70.41367072332667,-33.2221419207296,0 -70.41307077078045,-33.22266397455196,0 -70.41328267887893,-33.22430727849954,0 -70.4120349148772,-33.22564229085892,0 -70.41111841165416,-33.22694227007907,0 -70.41106389338702,-33.22796828947292,0 -70.41066539994692,-33.22862169400041,0 -70.41003993693806,-33.22970922002739,0 -70.40944252280235,-33.23031263200633,0 -70.40906620505761,-33.2306370251194,0 -70.4048491022169,-33.22936079398356,0 -70.40361218257783,-33.22845374833373,0 -70.40255511118795,-33.22845572400877,0 -70.40126350252035,-33.22826391298427,0 -70.39959053622356,-33.22751475191372,0 -70.39905124998083,-33.22713655320107,0 -70.39776144396683,-33.22725753526646,0 -70.39559782909537,-33.22684885670044,0 -70.39448647569535,-33.22677688888606,0 -70.39366551415775,-33.22692588625294,0 -70.39267136741955,-33.22613651470477,0 -70.39059991112249,-33.2261711629247,0 -70.38961164585713,-33.22559684076904,0 -70.38908606322144,-33.22512425693235,0 -70.38778596875399,-33.22475876351863,0 -70.38668867094304,-33.22437224385114,0 -70.38620678388378,-33.22336922352964,0 -70.38543291788329,-33.22247987745035,0 -70.38283723133662,-33.22107599774428,0 -70.38190111826952,-33.22057903101285,0 -70.38128626599057,-33.2194502310027,0 -70.38072162766191,-33.21902064680747,0 -70.37905706299513,-33.21838741196301,0 -70.37777732172376,-33.21779510208744,0 -70.37679967123596,-33.2173201778816,0 -70.37576144523776,-33.21621482302884,0 -70.37435932380406,-33.21455923258337,0 -70.3740334395678,-33.21343505702628,0 -70.37106286455214,-33.2118815393086,0 -70.36859858856485,-33.21064605948033,0 -70.36597029648112,-33.20880310653146,0 -70.365428176832,-33.20712978882303,0 -70.36547738827507,-33.20390526360111,0 -70.36550062061674,-33.20223156365822,0 -70.36693345716785,-33.19808295276707,0 -70.36644647413904,-33.19549244554646,0 -70.36556166173627,-33.19437681209167,0 -70.36385051028377,-33.19278403187894,0 -70.36079669637152,-33.19005318372297,0 -70.36076246818492,-33.18877638019753,0 -70.3614047900154,-33.18678586114146,0 -70.36145153607048,-33.18607502894091,0 -70.35828242523442,-33.184549979267,0 -70.35478751896355,-33.1835829767702,0 -70.3503325553711,-33.18077848209982,0 -70.34817639716462,-33.17821272028257,0 -70.33946691388012,-33.17659525133914,0 -70.33501315469788,-33.17395097886008,0 -70.33095344134182,-33.17314592946984,0 -70.32808501361826,-33.17233748249404,0 -70.32601486456929,-33.17241152043179,0 -70.32379439453466,-33.17185362990477,0 -70.32333141655195,-33.17151329626246,0 -70.32349121056998,-33.17067940158534,0 -70.32297009286619,-33.16898175237681,0 -70.3223573554227,-33.16775812789542,0 -70.32059893131679,-33.16751739488037,0 -70.31728247527131,-33.16743132967079,0 -70.3133448843092,-33.16478487543194,0 -70.31210917734988,-33.16426253644196,0 -70.31165026176247,-33.16326294405867,0 -70.30698113972582,-33.16144772118705,0 -70.30415870299099,-33.15876209021979,0 -70.30110738984625,-33.15745433908886,0 -70.30022569172803,-33.15614042251327,0 -70.29881116284314,-33.15560644226971,0 -70.29699156575484,-33.1554190006874,0 -70.29419540404871,-33.15448005523359,0 -70.29403243247796,-33.15397345081016,0 -70.29368036199084,-33.15358637920826,0 -70.29355087956452,-33.15322221391093,0 -70.2933605620447,-33.15282940298327,0 -70.2926791121229,-33.15230320743658,0 
					</coordinates>
				</LineString>
			</Placemark>
		</Folder>
	</Folder>
	<Folder id="0F3A1A472A3310D66225">
		<name>Terceros Respondedores</name>
		<description><![CDATA[<div>Ubicación de terceros respondedores en caso de emergencia mayor en los cuales se pueden encontrar Bomberos, Carabineros y Servicios de Salud mas cercanos</div>]]></description>
		<styleUrl>#__managed_style_096CE0C23A3D3D1AF1E1</styleUrl>
		<Folder id="09AC8746C43314945105">
			<name>Bomberos</name>
			<styleUrl>#__managed_style_08C3A00A423D3D1AF1E302</styleUrl>
			<Placemark id="07D85A4DA63314B00C23">
				<name>6 Compañía CBS</name>
				<LookAt>
					<longitude>-70.66081</longitude>
					<latitude>-33.44971999999999</latitude>
					<altitude>0</altitude>
					<heading>0</heading>
					<tilt>0</tilt>
					<range>864.0428158354935</range>
					<altitudeMode>relativeToGround</altitudeMode>
					<gx:fovy>35</gx:fovy>
				</LookAt>
				<styleUrl>#__managed_style_683EF5D2873D3D1AF1E6</styleUrl>
				<Point>
					<altitudeMode>relativeToGround</altitudeMode>
					<coordinates>-70.6608181,-33.4496894,0</coordinates>
				</Point>
				<gx:mid>/g/1hjh3kbwq</gx:mid><gx:fid>0x9662c507044aa46d:0x52dc916f34a1e222</gx:fid>
			</Placemark>
			<Placemark id="06553DF8CD3314AF3DAF">
				<name>7 Compañía CBS</name>
				<LookAt>
					<longitude>-70.63720189999999</longitude>
					<latitude>-33.4567528</latitude>
					<altitude>0</altitude>
					<heading>0</heading>
					<tilt>0</tilt>
					<range>863.965594880691</range>
					<altitudeMode>relativeToGround</altitudeMode>
					<gx:fovy>35</gx:fovy>
				</LookAt>
				<styleUrl>#__managed_style_35F0CEC9603D3D1AF21C</styleUrl>
				<Point>
					<altitudeMode>relativeToGround</altitudeMode>
					<coordinates>-70.6371951,-33.4567749,0</coordinates>
				</Point>
				<gx:mid>/g/1hjh3h8dr</gx:mid><gx:fid>0x9662c56e50bbf33b:0x2d55eb35cb233dbb</gx:fid>
			</Placemark>
			<Placemark id="04051C39F93314AE1E85">
				<name>8 Compañia CBS</name>
				<LookAt>
					<longitude>-70.6476583</longitude>
					<latitude>-33.432439</latitude>
					<altitude>0</altitude>
					<heading>0</heading>
					<tilt>0</tilt>
					<range>864.2325071920804</range>
					<altitudeMode>relativeToGround</altitudeMode>
					<gx:fovy>35</gx:fovy>
				</LookAt>
				<styleUrl>#__managed_style_683EF5D2873D3D1AF1E63</styleUrl>
				<Point>
					<altitudeMode>relativeToGround</altitudeMode>
					<coordinates>-70.64768479999999,-33.4324329,0</coordinates>
				</Point>
				<gx:mid>/g/11gdff276c</gx:mid><gx:fid>0x9662c5bd05f0cd5d:0x4f0d092d97ee3c51</gx:fid>
			</Placemark>
			<Placemark id="06AB4A3D4E3314AC9438">
				<name>15 Compañía CBS</name>
				<LookAt>
					<longitude>-70.5472674</longitude>
					<latitude>-33.4083711</latitude>
					<altitude>0</altitude>
					<heading>0</heading>
					<tilt>0</tilt>
					<range>864.4965647765147</range>
					<altitudeMode>relativeToGround</altitudeMode>
					<gx:fovy>35</gx:fovy>
				</LookAt>
				<styleUrl>#__managed_style_683EF5D2873D3D1AF1E62</styleUrl>
				<Point>
					<altitudeMode>relativeToGround</altitudeMode>
					<coordinates>-70.5472674,-33.4083711,0</coordinates>
				</Point>
				<gx:mid>/g/1tf4g6__</gx:mid><gx:fid>0x9662ce957bda01bf:0x4973613051a51a45</gx:fid>
			</Placemark>
			<Placemark id="053DE8A4573314B12DD0">
				<name>16 Compañía CBS</name>
				<LookAt>
					<longitude>-70.7028383</longitude>
					<latitude>-33.46404990000001</latitude>
					<altitude>0</altitude>
					<heading>0</heading>
					<tilt>0</tilt>
					<range>863.8854579436778</range>
					<altitudeMode>relativeToGround</altitudeMode>
					<gx:fovy>35</gx:fovy>
				</LookAt>
				<styleUrl>#__managed_style_040940384F3D3D1AF21E</styleUrl>
				<Point>
					<altitudeMode>relativeToGround</altitudeMode>
					<coordinates>-70.7028383,-33.4640499,0</coordinates>
				</Point>
				<gx:mid>/g/1thmm5ry</gx:mid><gx:fid>0x9662c48fcf93b3fd:0xdc0cb6ba9c4b6dc</gx:fid>
			</Placemark>
			<Placemark id="0FB5E6007E3314980B4D">
				<name>18 Compañía CBS</name>
				<LookAt>
					<longitude>-70.5628433</longitude>
					<latitude>-33.3923328</latitude>
					<altitude>0</altitude>
					<heading>0</heading>
					<tilt>0</tilt>
					<range>864.6724409186446</range>
					<altitudeMode>relativeToGround</altitudeMode>
					<gx:fovy>35</gx:fovy>
				</LookAt>
				<styleUrl>#__managed_style_683EF5D2873D3D1AF1E65</styleUrl>
				<Point>
					<altitudeMode>relativeToGround</altitudeMode>
					<coordinates>-70.56282969999999,-33.3923287,0</coordinates>
				</Point>
				<gx:mid>/g/1hjh4xdm7</gx:mid><gx:fid>0x9662ced2723e011b:0xbcc2363377cbf3bf</gx:fid>
			</Placemark>
			<Placemark id="0B33C6ACA33314964459">
				<name>19 Compañia CBS</name>
				<LookAt>
					<longitude>-70.51457529999999</longitude>
					<latitude>-33.36488790000001</latitude>
					<altitude>0</altitude>
					<heading>0</heading>
					<tilt>0</tilt>
					<range>864.973242659368</range>
					<altitudeMode>relativeToGround</altitudeMode>
					<gx:fovy>35</gx:fovy>
				</LookAt>
				<styleUrl>#__managed_style_683EF5D2873D3D1AF1E61</styleUrl>
				<Point>
					<altitudeMode>relativeToGround</altitudeMode>
					<coordinates>-70.51457529999999,-33.3648879,0</coordinates>
				</Point>
				<gx:mid>/g/11bxb965tl</gx:mid><gx:fid>0x9662cbe5fe10a6d1:0x677bf6e7a11ec0ce</gx:fid>
			</Placemark>
			<Placemark id="04D23E37D333149A6C23">
				<name>20 Compañía CBS</name>
				<LookAt>
					<longitude>-70.55992259999999</longitude>
					<latitude>-33.4059</latitude>
					<altitude>0</altitude>
					<heading>0</heading>
					<tilt>0</tilt>
					<range>864.5236673547972</range>
					<altitudeMode>relativeToGround</altitudeMode>
					<gx:fovy>35</gx:fovy>
				</LookAt>
				<styleUrl>#__managed_style_683EF5D2873D3D1AF1E64</styleUrl>
				<Point>
					<altitudeMode>relativeToGround</altitudeMode>
					<coordinates>-70.5599225,-33.4059,0</coordinates>
				</Point>
				<gx:mid>/g/1hjh7gbjx</gx:mid><gx:fid>0x9662cec30e3a64e3:0x353b483bce4145ba</gx:fid>
			</Placemark>
			<Placemark id="0154519F02331499888C">
				<name>21 Compañía CBS</name>
				<LookAt>
					<longitude>-70.70934819999999</longitude>
					<latitude>-33.4038682</latitude>
					<altitude>0</altitude>
					<heading>0</heading>
					<tilt>0</tilt>
					<range>864.5459505493784</range>
					<altitudeMode>relativeToGround</altitudeMode>
					<gx:fovy>35</gx:fovy>
				</LookAt>
				<styleUrl>#__managed_style_683EF5D2873D3D1AF1E60</styleUrl>
				<Point>
					<altitudeMode>relativeToGround</altitudeMode>
					<coordinates>-70.70934819999999,-33.4038682,0</coordinates>
				</Point>
				<gx:mid>/g/1hjhfm4dm</gx:mid><gx:fid>0x9662c6ae5e3f03fd:0x82f64abc0ba414f9</gx:fid>
			</Placemark>
			<Placemark id="097A4D927B3314C79F45">
				<name>1 Compañía CBCL</name>
				<LookAt>
					<longitude>-70.67760269999999</longitude>
					<latitude>-33.2061525</latitude>
					<altitude>0</altitude>
					<heading>0</heading>
					<tilt>0</tilt>
					<range>866.709065640661</range>
					<altitudeMode>relativeToGround</altitudeMode>
					<gx:fovy>35</gx:fovy>
				</LookAt>
				<styleUrl>#__managed_style_683EF5D2873D3D1AF1E66</styleUrl>
				<Point>
					<altitudeMode>relativeToGround</altitudeMode>
					<coordinates>-70.67760269999999,-33.2061525,0</coordinates>
				</Point>
				<gx:mid>/g/11lnmzv8bn</gx:mid><gx:fid>0x9662bb007d522609:0x30a99df680d60061</gx:fid>
			</Placemark>
			<Placemark id="0BF608FB003314C68477">
				<name>4 Compañía CBCL</name>
				<LookAt>
					<longitude>-70.6428291</longitude>
					<latitude>-33.17720140000001</latitude>
					<altitude>0</altitude>
					<heading>0</heading>
					<tilt>0</tilt>
					<range>867.0249281006219</range>
					<altitudeMode>relativeToGround</altitudeMode>
					<gx:fovy>35</gx:fovy>
				</LookAt>
				<styleUrl>#__managed_style_683EF5D2873D3D1AF1E600</styleUrl>
				<Point>
					<altitudeMode>relativeToGround</altitudeMode>
					<coordinates>-70.642838,-33.1771964,0</coordinates>
				</Point>
				<gx:mid>/g/11g6wtm7rt</gx:mid><gx:fid>0x9662ba8cffd7b11b:0xf3757612082fb891</gx:fid>
			</Placemark>
		</Folder>
		<Folder id="03FE0633B0331494C7BE">
			<name>Carabineros</name>
			<styleUrl>#__managed_style_08C3A00A423D3D1AF1E302</styleUrl>
			<Placemark id="0FD8CFF7953314E4FF6B">
				<name>8va. Comisaría de Carabineros</name>
				<LookAt>
					<longitude>-70.68275509999999</longitude>
					<latitude>-33.20468770000001</latitude>
					<altitude>0</altitude>
					<heading>0</heading>
					<tilt>0</tilt>
					<range>866.7250523039345</range>
					<altitudeMode>relativeToGround</altitudeMode>
					<gx:fovy>35</gx:fovy>
				</LookAt>
				<styleUrl>#__managed_style_3E836412F93D3D1AF1E7</styleUrl>
				<Point>
					<altitudeMode>relativeToGround</altitudeMode>
					<coordinates>-70.68275509999999,-33.2046877,0</coordinates>
				</Point>
				<gx:mid>/g/11bx8hbnsn</gx:mid><gx:fid>0x9662bbb1783b0781:0x726f1ac8370d1964</gx:fid>
			</Placemark>
			<Placemark id="04722235C33314EA8033">
				<name>Carabineros de Chile Tenencia Carretera</name>
				<LookAt>
					<longitude>-70.6763751</longitude>
					<latitude>-33.2173794</latitude>
					<altitude>0</altitude>
					<heading>0</heading>
					<tilt>0</tilt>
					<range>866.5865174266335</range>
					<altitudeMode>relativeToGround</altitudeMode>
					<gx:fovy>35</gx:fovy>
				</LookAt>
				<styleUrl>#__managed_style_315FCD83BB3D3D1AF21E</styleUrl>
				<Point>
					<altitudeMode>relativeToGround</altitudeMode>
					<coordinates>-70.6763751,-33.2173794,0</coordinates>
				</Point>
				<gx:mid>/g/11sscs8q30</gx:mid><gx:fid>0x9662bbc949300001:0x39d3bbc82f83a828</gx:fid>
			</Placemark>
			<Placemark id="09F9CF6FC83314EC3989">
				<name>Carabineros 53 Comisaría Lo Barnechea</name>
				<LookAt>
					<longitude>-70.5061723</longitude>
					<latitude>-33.358534</latitude>
					<altitude>0</altitude>
					<heading>0</heading>
					<tilt>0</tilt>
					<range>865.0428540362727</range>
					<altitudeMode>relativeToGround</altitudeMode>
					<gx:fovy>35</gx:fovy>
				</LookAt>
				<styleUrl>#__managed_style_3E836412F93D3D1AF1E70</styleUrl>
				<Point>
					<altitudeMode>relativeToGround</altitudeMode>
					<coordinates>-70.5061796,-33.3585355,0</coordinates>
				</Point>
				<gx:mid>/g/1hc1d07fm</gx:mid><gx:fid>0x9662cbea63681117:0xbcffcba9b9203c3c</gx:fid>
			</Placemark>
		</Folder>
		<Folder id="0599B59190331494CE27">
			<name>Servicios de Salud</name>
			<styleUrl>#__managed_style_08C3A00A423D3D1AF1E302</styleUrl>
			<Placemark id="05E68CB1453314EE85D0">
				<name>Clínica RedSalud Vitacura</name>
				<LookAt>
					<longitude>-70.5350718</longitude>
					<latitude>-33.3822891</latitude>
					<altitude>0</altitude>
					<heading>0</heading>
					<tilt>0</tilt>
					<range>864.7825452639272</range>
					<altitudeMode>relativeToGround</altitudeMode>
					<gx:fovy>35</gx:fovy>
				</LookAt>
				<styleUrl>#msn_hospitals</styleUrl>
				<Point>
					<altitudeMode>relativeToGround</altitudeMode>
					<coordinates>-70.5350718,-33.3822891,0</coordinates>
				</Point>
				<gx:mid>/g/1tslky85</gx:mid><gx:fid>0x9662c9531e4218d7:0x65b4e31d8345ea5f</gx:fid>
			</Placemark>
			<Placemark id="0B247E24A33314F0893C">
				<name>Clínica Santa María</name>
				<LookAt>
					<longitude>-70.6290546</longitude>
					<latitude>-33.43223209999999</latitude>
					<altitude>0</altitude>
					<heading>0</heading>
					<tilt>0</tilt>
					<range>864.2347778248212</range>
					<altitudeMode>relativeToGround</altitudeMode>
					<gx:fovy>35</gx:fovy>
				</LookAt>
				<styleUrl>#msn_hospitals</styleUrl>
				<Point>
					<altitudeMode>relativeToGround</altitudeMode>
					<coordinates>-70.6290546,-33.4322321,0</coordinates>
				</Point>
				<gx:mid>/g/11f2wc56pt</gx:mid><gx:fid>0x9662c588a838c385:0xb5026872e1f05af6</gx:fid>
			</Placemark>
			<Placemark id="0F53A13B453314F4452C">
				<name>Clínica INDISA</name>
				<LookAt>
					<longitude>-70.6184368</longitude>
					<latitude>-33.4211017</latitude>
					<altitude>0</altitude>
					<heading>0</heading>
					<tilt>0</tilt>
					<range>864.3569120381471</range>
					<altitudeMode>relativeToGround</altitudeMode>
					<gx:fovy>35</gx:fovy>
				</LookAt>
				<styleUrl>#msn_hospitals</styleUrl>
				<Point>
					<altitudeMode>relativeToGround</altitudeMode>
					<coordinates>-70.6184368,-33.4211017,0</coordinates>
				</Point>
				<gx:mid>/g/1tf0rtq_</gx:mid><gx:fid>0x9662c5ce221cc959:0x33a7ed6787d646c5</gx:fid>
			</Placemark>
			<Placemark id="08ECD0BAE73314F56A6E">
				<name>Clínica Alemana Vitacura</name>
				<LookAt>
					<longitude>-70.572672</longitude>
					<latitude>-33.392998</latitude>
					<altitude>0</altitude>
					<heading>0</heading>
					<tilt>0</tilt>
					<range>864.6651476940781</range>
					<altitudeMode>relativeToGround</altitudeMode>
					<gx:fovy>35</gx:fovy>
				</LookAt>
				<styleUrl>#msn_hospitals</styleUrl>
				<Point>
					<altitudeMode>relativeToGround</altitudeMode>
					<coordinates>-70.572672,-33.392998,0</coordinates>
				</Point>
				<gx:mid>/m/0s8vs8b</gx:mid><gx:fid>0x9662ced513235f8f:0xb555d18f0071c68c</gx:fid>
			</Placemark>
			<Placemark id="0D3C3CE8443314F67BF8">
				<name>Clínica Alemana La Dehesa</name>
				<LookAt>
					<longitude>-70.52649049999999</longitude>
					<latitude>-33.35486360000001</latitude>
					<altitude>0</altitude>
					<heading>0</heading>
					<tilt>0</tilt>
					<range>865.0830608978749</range>
					<altitudeMode>relativeToGround</altitudeMode>
					<gx:fovy>35</gx:fovy>
				</LookAt>
				<styleUrl>#msn_hospitals</styleUrl>
				<Point>
					<altitudeMode>relativeToGround</altitudeMode>
					<coordinates>-70.52649049999999,-33.3548636,0</coordinates>
				</Point>
				<gx:mid>/g/11bx5ptd69</gx:mid><gx:fid>0x9662cbdf54ad1ba5:0x85fe953dd43f19a6</gx:fid>
			</Placemark>
			<Placemark id="01FBFCFF2D33150256FC">
				<name>Clínica Las Condes</name>
				<LookAt>
					<longitude>-70.53141699999999</longitude>
					<latitude>-33.385195</latitude>
					<altitude>0</altitude>
					<heading>0</heading>
					<tilt>0</tilt>
					<range>864.750692021461</range>
					<altitudeMode>relativeToGround</altitudeMode>
					<gx:fovy>35</gx:fovy>
				</LookAt>
				<styleUrl>#msn_hospitals</styleUrl>
				<Point>
					<altitudeMode>relativeToGround</altitudeMode>
					<coordinates>-70.53141699999999,-33.385195,0</coordinates>
				</Point>
				<gx:mid>/g/11g87j7cc7</gx:mid><gx:fid>0x9662ceab301a71ef:0x7e9be62b67a518af</gx:fid>
			</Placemark>
			<Placemark id="0979108A07331502F73C">
				<name>Hospital Clínico IST Santiago</name>
				<LookAt>
					<longitude>-70.6515467</longitude>
					<latitude>-33.4762891</latitude>
					<altitude>0</altitude>
					<heading>0</heading>
					<tilt>0</tilt>
					<range>863.7510148739137</range>
					<altitudeMode>relativeToGround</altitudeMode>
					<gx:fovy>35</gx:fovy>
				</LookAt>
				<styleUrl>#msn_hospitals</styleUrl>
				<Point>
					<altitudeMode>relativeToGround</altitudeMode>
					<coordinates>-70.6515467,-33.4762891,0</coordinates>
				</Point>
				<gx:mid>/g/1vlqrdh_</gx:mid><gx:fid>0x9662c53a2aed6e53:0x198c282ff77ffb58</gx:fid>
			</Placemark>
			<Placemark id="0AFC781542331503AA2E">
				<name>Hospital Clínico Mutual de Seguridad</name>
				<LookAt>
					<longitude>-70.7006379</longitude>
					<latitude>-33.4566727</latitude>
					<altitude>0</altitude>
					<heading>0</heading>
					<tilt>0</tilt>
					<range>863.9664744621601</range>
					<altitudeMode>relativeToGround</altitudeMode>
					<gx:fovy>35</gx:fovy>
				</LookAt>
				<styleUrl>#msn_hospitals</styleUrl>
				<Point>
					<altitudeMode>relativeToGround</altitudeMode>
					<coordinates>-70.7006379,-33.4566727,0</coordinates>
				</Point>
				<gx:mid>/g/11b7qb6qhy</gx:mid><gx:fid>0x9662c48859b77c65:0xdd128fa2aec36f95</gx:fid>
			</Placemark>
			<Placemark id="0A017DACE5331505E310">
				<name>Hospital del Trabajador Achs Salud</name>
				<LookAt>
					<longitude>-70.6325386</longitude>
					<latitude>-33.44357749999999</latitude>
					<altitude>0</altitude>
					<heading>0</heading>
					<tilt>0</tilt>
					<range>864.1102504051208</range>
					<altitudeMode>relativeToGround</altitudeMode>
					<gx:fovy>35</gx:fovy>
				</LookAt>
				<styleUrl>#msn_hospitals</styleUrl>
				<Point>
					<altitudeMode>relativeToGround</altitudeMode>
					<coordinates>-70.6325386,-33.4435775,0</coordinates>
				</Point>
				<gx:mid>/g/1tkp0z_h</gx:mid><gx:fid>0x9662c582a00038a7:0x572ebe1f3b963a1</gx:fid>
			</Placemark>
			<Placemark id="0007162198331506853A">
				<name>Ex Posta Central</name>
				<LookAt>
					<longitude>-70.6383901</longitude>
					<latitude>-33.44361749999999</latitude>
					<altitude>0</altitude>
					<heading>0</heading>
					<tilt>0</tilt>
					<range>864.1098113033078</range>
					<altitudeMode>relativeToGround</altitudeMode>
					<gx:fovy>35</gx:fovy>
				</LookAt>
				<styleUrl>#msn_hospitals</styleUrl>
				<Point>
					<altitudeMode>relativeToGround</altitudeMode>
					<coordinates>-70.6383901,-33.4436175,0</coordinates>
				</Point>
				<gx:mid>/g/11c5rpx3vr</gx:mid><gx:fid>0x9662c59df1eb632b:0x31e86d7c7a7cc951</gx:fid>
			</Placemark>
		</Folder>
	</Folder>
	<Folder id="052663AA9F3310D62C01">
		<name>Ubicaciones Mina</name>
		<description><![CDATA[<div>Ubicación aproximada de puntos mas importantes de la mina<br></div>]]></description>
		<styleUrl>#__managed_style_096CE0C23A3D3D1AF1E1</styleUrl>
		<Folder id="0BCA5A697F331526464B">
			<name>Confluencia</name>
			<styleUrl>#__managed_style_08C3A00A423D3D1AF1E302</styleUrl>
			<Placemark id="0B286C766D33152AB1E1">
				<name>Planta Confluencia</name>
				<LookAt>
					<longitude>-70.32759665486307</longitude>
					<latitude>-33.16396767789253</latitude>
					<altitude>2979.457031892756</altitude>
					<heading>0</heading>
					<tilt>0</tilt>
					<range>3785.350322932355</range>
					<altitudeMode>absolute</altitudeMode>
					<gx:fovy>35</gx:fovy>
				</LookAt>
				<styleUrl>#__managed_style_4B4EF00DC93D3D1AF1E8</styleUrl>
				<Polygon>
					<outerBoundaryIs>
						<LinearRing>
							<coordinates>
								-70.32187540307443,-33.16554335077845,0 -70.32272878606528,-33.16523055863845,0 -70.32354536797659,-33.16485813554929,0 -70.32421930123823,-33.16535573895848,0 -70.32630075191719,-33.16655215040059,0 -70.3278975154854,-33.16709593927609,0 -70.32864556998994,-33.16704720241227,0 -70.32905668635274,-33.16708307873994,0 -70.32938350842002,-33.16741589870276,0 -70.32969977418273,-33.16706690461429,0 -70.33073257775722,-33.16755978754344,0 -70.33173813769659,-33.16863597185576,0 -70.33265325284077,-33.16987374659267,0 -70.3323113980254,-33.17016618443964,0 -70.32952950411942,-33.16911261548808,0 -70.32939162116608,-33.1689755441914,0 -70.32934962094824,-33.1687792340946,0 -70.32883669582485,-33.16874820947233,0 -70.32820983752464,-33.16879120747144,0 -70.32738964419249,-33.16883814176943,0 -70.32667221452458,-33.16862351707761,0 -70.32558046369572,-33.16832626991274,0 -70.32415432252965,-33.16813346862438,0 -70.32235680396047,-33.16770712968913,0 -70.32064985017455,-33.1674018668228,0 -70.32045340938328,-33.16731743231389,0 -70.32046955472495,-33.16701961516328,0 -70.32075227004161,-33.16648136480512,0 -70.32159970383078,-33.16571013513665,0 -70.32187540307443,-33.16554335077845,0 
							</coordinates>
						</LinearRing>
					</outerBoundaryIs>
				</Polygon>
			</Placemark>
			<Placemark id="021FB4AEED331539FA6A">
				<name>Planta Catodos</name>
				<LookAt>
					<longitude>-70.33634592086327</longitude>
					<latitude>-33.1718758355843</latitude>
					<altitude>2844.518612739792</altitude>
					<heading>0</heading>
					<tilt>0</tilt>
					<range>1530.304613434273</range>
					<altitudeMode>absolute</altitudeMode>
					<gx:fovy>35</gx:fovy>
				</LookAt>
				<styleUrl>#msn_wht-pushpin</styleUrl>
				<Point>
					<coordinates>-70.33680101073121,-33.17282813716348,2797.544738319097</coordinates>
				</Point>
			</Placemark>
			<Placemark id="0510B9F4DE341D34E0B2">
				<name>Sector San Francisco</name>
				<LookAt>
					<longitude>-70.32108840832697</longitude>
					<latitude>-33.17413747068593</latitude>
					<altitude>0</altitude>
					<heading>4.356436200624313</heading>
					<tilt>18.05041131611588</tilt>
					<range>3704.034097624428</range>
					<gx:altitudeMode>relativeToSeaFloor</gx:altitudeMode>
				</LookAt>
				<styleUrl>#__managed_style_9288FC1E963D3D1AF224</styleUrl>
				<Polygon>
					<outerBoundaryIs>
						<LinearRing>
							<coordinates>
								-70.33805538644876,-33.17114258470237,0 -70.33847431290695,-33.17117242558545,0 -70.33856311282007,-33.17176563367683,0 -70.33833260238875,-33.1723566506795,0 -70.33793743277585,-33.17295226976475,0 -70.33721606343822,-33.17410222994194,0 -70.33676147562311,-33.17494151637297,0 -70.33649071306365,-33.1752546474689,0 -70.33471912569239,-33.17494986908332,0 -70.33347208857954,-33.17424438993419,0 -70.33169572037835,-33.17360522458018,0 -70.32907185677077,-33.17291431832815,0 -70.32680096176256,-33.17272144915561,0 -70.32356591930306,-33.17235354825297,0 -70.32456389502551,-33.17121035962547,0 -70.32685985182901,-33.17143790460742,0 -70.33011856584335,-33.17199497644658,0 -70.33311775085998,-33.1723810293706,0 -70.33507403245981,-33.1718331531314,0 -70.33598677159256,-33.17128891574696,0 -70.33805538644876,-33.17114258470237,0 
							</coordinates>
						</LinearRing>
					</outerBoundaryIs>
				</Polygon>
			</Placemark>
			<Placemark id="073D66D5DF3AC772C239">
				<name>Porton 1</name>
				<LookAt>
					<longitude>-70.32617967988452</longitude>
					<latitude>-33.16792341713297</latitude>
					<altitude>3151.062039996285</altitude>
					<heading>23.11595640438429</heading>
					<tilt>1.826126677678824</tilt>
					<range>161.4490961979209</range>
					<altitudeMode>absolute</altitudeMode>
					<gx:fovy>35</gx:fovy>
				</LookAt>
				<styleUrl>#msn_wht-pushpin</styleUrl>
				<Point>
					<coordinates>-70.32571817981182,-33.16783909389424,3157.96320388702</coordinates>
				</Point>
			</Placemark>
			<Placemark id="03A3CF49BC3AC7736D91">
				<name>Porton 2</name>
				<LookAt>
					<longitude>-70.32600529555144</longitude>
					<latitude>-33.16777320709684</latitude>
					<altitude>3155.693120272926</altitude>
					<heading>23.11586099875792</heading>
					<tilt>1.826125350383753</tilt>
					<range>156.8156507211097</range>
					<altitudeMode>absolute</altitudeMode>
					<gx:fovy>35</gx:fovy>
				</LookAt>
				<styleUrl>#msn_wht-pushpin</styleUrl>
				<Point>
					<coordinates>-70.32554404678753,-33.167814903764,3158.365574898571</coordinates>
				</Point>
			</Placemark>
			<Placemark id="0162E3233D3AC7739CF7">
				<name>Porton 3</name>
				<LookAt>
					<longitude>-70.32600529555144</longitude>
					<latitude>-33.16777320709684</latitude>
					<altitude>3155.693120272926</altitude>
					<heading>23.11586099875792</heading>
					<tilt>1.826125350383753</tilt>
					<range>156.8156507211097</range>
					<altitudeMode>absolute</altitudeMode>
					<gx:fovy>35</gx:fovy>
				</LookAt>
				<styleUrl>#msn_wht-pushpin</styleUrl>
				<Point>
					<coordinates>-70.3253420567203,-33.16774462049562,3159.562646498594</coordinates>
				</Point>
			</Placemark>
			<Placemark id="009BD48AA33AC773EA1C">
				<name>porton 4</name>
				<LookAt>
					<longitude>-70.32576874694024</longitude>
					<latitude>-33.16761254987843</latitude>
					<altitude>3158.059112169311</altitude>
					<heading>23.11573158320912</heading>
					<tilt>1.826124672245922</tilt>
					<range>154.4484761432978</range>
					<altitudeMode>absolute</altitudeMode>
					<gx:fovy>35</gx:fovy>
				</LookAt>
				<styleUrl>#msn_wht-pushpin</styleUrl>
				<Point>
					<coordinates>-70.32521593769637,-33.16772487746537,3161.46766591304</coordinates>
				</Point>
			</Placemark>
			<Placemark id="0583A008EB3AC7741228">
				<name>Porton 5</name>
				<LookAt>
					<longitude>-70.32576874694024</longitude>
					<latitude>-33.16761254987843</latitude>
					<altitude>3158.059112169311</altitude>
					<heading>23.11573158320912</heading>
					<tilt>1.826124672245922</tilt>
					<range>154.4484761432978</range>
					<altitudeMode>absolute</altitudeMode>
					<gx:fovy>35</gx:fovy>
				</LookAt>
				<styleUrl>#msn_wht-pushpin</styleUrl>
				<Point>
					<coordinates>-70.32499981105056,-33.16768480421209,3166.596702431586</coordinates>
				</Point>
			</Placemark>
			<Placemark id="09FCC7C6C53AC77463CB">
				<name>porton 12</name>
				<LookAt>
					<longitude>-70.32572411037903</longitude>
					<latitude>-33.16739021543226</latitude>
					<altitude>3158.260575381177</altitude>
					<heading>23.11570716404413</heading>
					<tilt>1.826124614459451</tilt>
					<range>154.2469005616658</range>
					<altitudeMode>absolute</altitudeMode>
					<gx:fovy>35</gx:fovy>
				</LookAt>
				<styleUrl>#msn_wht-pushpin</styleUrl>
				<Point>
					<coordinates>-70.32611473654799,-33.16708907400753,3154.844883736121</coordinates>
				</Point>
			</Placemark>
			<Placemark id="0DB6A415A53AC7748E70">
				<name>porton 11</name>
				<LookAt>
					<longitude>-70.32572411037903</longitude>
					<latitude>-33.16739021543226</latitude>
					<altitude>3158.260575381177</altitude>
					<heading>23.11570716404413</heading>
					<tilt>1.826124614459451</tilt>
					<range>154.2469005616658</range>
					<altitudeMode>absolute</altitudeMode>
					<gx:fovy>35</gx:fovy>
				</LookAt>
				<styleUrl>#msn_wht-pushpin</styleUrl>
				<Point>
					<coordinates>-70.32592505086069,-33.16715809190936,3155.986513283488</coordinates>
				</Point>
			</Placemark>
			<Placemark id="0F14BB8EE73AC774C064">
				<name>porton 10</name>
				<LookAt>
					<longitude>-70.32534586553227</longitude>
					<latitude>-33.16710020185452</latitude>
					<altitude>3162.287722486819</altitude>
					<heading>23.11530487507907</heading>
					<tilt>1.826166199819381</tilt>
					<range>299.4310352872708</range>
					<altitudeMode>absolute</altitudeMode>
					<gx:fovy>35</gx:fovy>
				</LookAt>
				<styleUrl>#msn_wht-pushpin</styleUrl>
				<Point>
					<coordinates>-70.32555961540987,-33.16705996023164,3157.524012269735</coordinates>
				</Point>
			</Placemark>
			<Placemark id="0168C249933AC774E6A8">
				<name>porton 9</name>
				<LookAt>
					<longitude>-70.32534586553227</longitude>
					<latitude>-33.16710020185452</latitude>
					<altitude>3162.287722486819</altitude>
					<heading>23.11530487507907</heading>
					<tilt>1.826166199819381</tilt>
					<range>299.4310352872708</range>
					<altitudeMode>absolute</altitudeMode>
					<gx:fovy>35</gx:fovy>
				</LookAt>
				<styleUrl>#msn_wht-pushpin</styleUrl>
				<Point>
					<coordinates>-70.32513457940108,-33.16698083262732,3170.601755449613</coordinates>
				</Point>
			</Placemark>
			<Placemark id="051E60F9883AC77548F6">
				<name>PEBBLES</name>
				<LookAt>
					<longitude>-70.32543324608477</longitude>
					<latitude>-33.16706433645671</latitude>
					<altitude>3159.630765843653</altitude>
					<heading>23.11530083936063</heading>
					<tilt>1.826181950388884</tilt>
					<range>354.4197275251281</range>
					<altitudeMode>absolute</altitudeMode>
					<gx:fovy>35</gx:fovy>
				</LookAt>
				<styleUrl>#msn_wht-pushpin</styleUrl>
				<Point>
					<coordinates>-70.32449725512787,-33.16748156650942,3174.220560464183</coordinates>
				</Point>
			</Placemark>
			<Placemark id="01374DF5BA3AC7759D44">
				<name>Porton 14</name>
				<LookAt>
					<longitude>-70.32519014828362</longitude>
					<latitude>-33.16722148481077</latitude>
					<altitude>3166.415472242584</altitude>
					<heading>23.115309812512</heading>
					<tilt>1.826147090280238</tilt>
					<range>232.716077027726</range>
					<altitudeMode>absolute</altitudeMode>
					<gx:fovy>35</gx:fovy>
				</LookAt>
				<styleUrl>#msn_wht-pushpin</styleUrl>
				<Point>
					<coordinates>-70.32422606530649,-33.16763440988398,3178.264165306363</coordinates>
				</Point>
			</Placemark>
			<Placemark id="062943DF143AC775D5C7">
				<name>Porton 15</name>
				<LookAt>
					<longitude>-70.32519014828362</longitude>
					<latitude>-33.16722148481077</latitude>
					<altitude>3166.415472242584</altitude>
					<heading>23.115309812512</heading>
					<tilt>1.826147090280238</tilt>
					<range>232.716077027726</range>
					<altitudeMode>absolute</altitudeMode>
					<gx:fovy>35</gx:fovy>
				</LookAt>
				<styleUrl>#msn_wht-pushpin</styleUrl>
				<Point>
					<coordinates>-70.32434422494518,-33.16735458740661,3176.88065836241</coordinates>
				</Point>
			</Placemark>
			<Placemark id="0FE4AE98733AC7763DC0">
				<name>porton 16</name>
				<LookAt>
					<longitude>-70.32543416310104</longitude>
					<latitude>-33.16719196652551</latitude>
					<altitude>3160.560003172903</altitude>
					<heading>23.11530390282027</heading>
					<tilt>1.826170170432163</tilt>
					<range>313.2938124179419</range>
					<altitudeMode>absolute</altitudeMode>
					<gx:fovy>35</gx:fovy>
				</LookAt>
				<styleUrl>#msn_wht-pushpin</styleUrl>
				<Point>
					<coordinates>-70.32420209958359,-33.16722184565572,3181.449822368779</coordinates>
				</Point>
			</Placemark>
			<Placemark>
				<name>Stockpile Confluencia</name>
				<LookAt>
					<longitude>-70.31943361757895</longitude>
					<latitude>-33.16651497440159</latitude>
					<altitude>0</altitude>
					<heading>3.097058208768799</heading>
					<tilt>9.741692578278608</tilt>
					<range>1134.148555442158</range>
					<gx:altitudeMode>relativeToSeaFloor</gx:altitudeMode>
				</LookAt>
				<styleUrl>#msn_wht-pushpin</styleUrl>
				<Point>
					<gx:drawOrder>1</gx:drawOrder>
					<coordinates>-70.32312040602024,-33.16683665064303,0</coordinates>
				</Point>
			</Placemark>
			<Placemark>
				<name>Acceso Confluencia</name>
				<styleUrl>#msn_ylw-pushpin</styleUrl>
				<LineString>
					<tessellate>1</tessellate>
					<coordinates>
						-70.32136381475048,-33.15734303781853,0 -70.32086260258613,-33.15780651028346,0 -70.32069694734739,-33.15840201806871,0 -70.32071308111584,-33.15898646296599,0 -70.3212548698945,-33.16000864899458,0 -70.32154968885376,-33.16077340902151,0 -70.32176594783154,-33.16136789656218,0 -70.32220690049974,-33.16219545722035,0 -70.32260131181344,-33.16280979288285,0 -70.32283436682603,-33.16336438328964,0 -70.32320126864664,-33.16401135514695,0 -70.32385438232524,-33.16471041724816,0 -70.32450674099191,-33.16534868217644,0 -70.3252116785369,-33.16590149206244,0 -70.32607779729217,-33.16647187260931,0 -70.32710962660887,-33.16690612758434,0 -70.32750224927908,-33.16709438034883,0 -70.32768062859141,-33.16728561402878,0 -70.32749403534218,-33.16742498606767,0 -70.32728555546481,-33.16754567111129,0 -70.32701005807937,-33.16773029542237,0 -70.32692403167371,-33.16802701574717,0 
					</coordinates>
				</LineString>
			</Placemark>
			<Placemark>
				<name>Oficinas / Casino Confluencia</name>
				<LookAt>
					<longitude>-70.32261722671306</longitude>
					<latitude>-33.16742275087486</latitude>
					<altitude>0</altitude>
					<heading>-10.76125799077494</heading>
					<tilt>30.0542692407411</tilt>
					<range>485.1221262498947</range>
					<gx:altitudeMode>relativeToSeaFloor</gx:altitudeMode>
				</LookAt>
				<styleUrl>#msn_wht-pushpin</styleUrl>
				<Point>
					<gx:drawOrder>1</gx:drawOrder>
					<coordinates>-70.32366782463686,-33.16753154535972,0</coordinates>
				</Point>
			</Placemark>
		</Folder>
		<Folder id="0A61EE5F683315265394">
			<name>Ermita - Paso Marchant - Otros</name>
			<styleUrl>#__managed_style_08C3A00A423D3D1AF1E302</styleUrl>
			<Placemark id="05533DF96A3A8385C176">
				<name>limite comunal</name>
				<LookAt>
					<longitude>-70.46223774980079</longitude>
					<latitude>-33.37110942417058</latitude>
					<altitude>1002.737984545148</altitude>
					<heading>-1.247907352590689</heading>
					<tilt>5.989333685023184</tilt>
					<range>619.9127543514624</range>
					<altitudeMode>absolute</altitudeMode>
					<gx:fovy>35</gx:fovy>
				</LookAt>
				<styleUrl>#__managed_style_60F066DB3C3D3D1AF22C</styleUrl>
				<LineString>
					<coordinates>
						-70.47744955484258,-33.36338046545016,0 -70.47709120727147,-33.36622847799177,0 
					</coordinates>
				</LineString>
			</Placemark>
			<Placemark id="091E5E13A43A838316FF">
				<name>LAS CONDES</name>
				<LookAt>
					<longitude>-70.46264497013595</longitude>
					<latitude>-33.37028370126173</latitude>
					<altitude>958.4479624785084</altitude>
					<heading>-1.247913441789839</heading>
					<tilt>5.988909218137751</tilt>
					<range>167.4563938767824</range>
					<altitudeMode>absolute</altitudeMode>
					<gx:fovy>35</gx:fovy>
				</LookAt>
				<styleUrl>#msn_grn-pushpin</styleUrl>
				<Point>
					<coordinates>-70.47778859464127,-33.36460936481136,966.7112510950461</coordinates>
				</Point>
			</Placemark>
			<Placemark id="0AA3E1CD553A83833FC4">
				<name>LO BARNECHEA</name>
				<LookAt>
					<longitude>-70.46264497013595</longitude>
					<latitude>-33.37028370126173</latitude>
					<altitude>958.4479624785084</altitude>
					<heading>-1.247913441789839</heading>
					<tilt>5.988909218137751</tilt>
					<range>167.4563938767824</range>
					<altitudeMode>absolute</altitudeMode>
					<gx:fovy>35</gx:fovy>
				</LookAt>
				<styleUrl>#msn_grn-pushpin</styleUrl>
				<Point>
					<coordinates>-70.47693658212967,-33.36445989027119,965.4560742917791</coordinates>
				</Point>
			</Placemark>
			<Placemark id="05ACEC9BBA3315A4F233">
				<name>Control La Ermita (Km 11)</name>
				<description><![CDATA[<div><b>KM 11</b><br></div>]]></description>
				<styleUrl>#msn_grn-pushpin</styleUrl>
				<Point>
					<extrude>1</extrude>
					<coordinates>-70.39762734567054,-33.36829342146951,0</coordinates>
				</Point>
			</Placemark>
			<Placemark id="00AAA688A53315B503AE">
				<name>Control Paso Marchant</name>
				<description><![CDATA[<div><b>Km 27</b></div>]]></description>
				<styleUrl>#msn_grn-pushpin</styleUrl>
				<Point>
					<extrude>1</extrude>
					<coordinates>-70.34920559999999,-33.2609056,0</coordinates>
				</Point>
			</Placemark>
			<Placemark id="0556E5AD28337841CED3">
				<name>La Planchada</name>
				<description><![CDATA[<div><b>Km 25</b></div>]]></description>
				<LookAt>
					<longitude>-70.35113038268436</longitude>
					<latitude>-33.27679001271584</latitude>
					<altitude>1874.98446686186</altitude>
					<heading>-67.43815169215884</heading>
					<tilt>3.23519677987905</tilt>
					<range>732.0134387045255</range>
					<altitudeMode>absolute</altitudeMode>
					<gx:fovy>35</gx:fovy>
				</LookAt>
				<styleUrl>#msn_grn-pushpin</styleUrl>
				<Point>
					<coordinates>-70.35092600226193,-33.27770585499498,1854.740442654042</coordinates>
				</Point>
			</Placemark>
			<Placemark id="0A243246813378443E8C">
				<name>La Virgen</name>
				<description><![CDATA[<div><b>Km 26</b></div>]]></description>
				<LookAt>
					<longitude>-70.35199344781401</longitude>
					<latitude>-33.26538293505991</latitude>
					<altitude>2091.255603507413</altitude>
					<heading>-57.23673462938103</heading>
					<tilt>3.242950098748909</tilt>
					<range>830.5998674884906</range>
					<altitudeMode>absolute</altitudeMode>
					<gx:fovy>35</gx:fovy>
				</LookAt>
				<styleUrl>#msn_grn-pushpin</styleUrl>
				<Point>
					<coordinates>-70.35022228731439,-33.26529667927676,2007.980856890105</coordinates>
				</Point>
			</Placemark>
			<Placemark id="07B0F0C20B337845A707">
				<name>Pension Inglesa</name>
				<description><![CDATA[<div><b>Km 23</b></div>]]></description>
				<LookAt>
					<longitude>-70.35535078084477</longitude>
					<latitude>-33.29329374150443</latitude>
					<altitude>1699.23432329629</altitude>
					<heading>-55.20549181967301</heading>
					<tilt>4.048722601765279</tilt>
					<range>440.4863356405258</range>
					<altitudeMode>absolute</altitudeMode>
					<gx:fovy>35</gx:fovy>
				</LookAt>
				<styleUrl>#msn_grn-pushpin</styleUrl>
				<Point>
					<coordinates>-70.35379169157203,-33.28652530813996,1673.157412468496</coordinates>
				</Point>
			</Placemark>
			<Placemark id="04D191526A33784BCB3C">
				<name>Maitenes</name>
				<description><![CDATA[<div><b>Km 21</b></div>]]></description>
				<LookAt>
					<longitude>-70.36091263536589</longitude>
					<latitude>-33.30352114516015</latitude>
					<altitude>1632.755291463035</altitude>
					<heading>359.9998160719268</heading>
					<tilt>0</tilt>
					<range>1744.001615979359</range>
					<altitudeMode>absolute</altitudeMode>
					<gx:fovy>30.00004979361767</gx:fovy>
				</LookAt>
				<styleUrl>#msn_grn-pushpin</styleUrl>
				<Point>
					<coordinates>-70.35854852314947,-33.30514065487513,1579.255028443893</coordinates>
				</Point>
			</Placemark>
			<Placemark id="0A3CD2670534406139A4">
				<name>La Palomera</name>
				<description><![CDATA[<div><b>Km 22</b></div>]]></description>
				<LookAt>
					<longitude>-70.35992855897409</longitude>
					<latitude>-33.30057054391596</latitude>
					<altitude>1692.730036297608</altitude>
					<heading>5.566505815291343e-09</heading>
					<tilt>18.28627267338297</tilt>
					<range>473.3505491007236</range>
					<altitudeMode>absolute</altitudeMode>
					<gx:fovy>56.95371160004267</gx:fovy>
				</LookAt>
				<styleUrl>#msn_grn-pushpin</styleUrl>
				<Point>
					<coordinates>-70.35821153647308,-33.30094211269416,1591.453741926004</coordinates>
				</Point>
			</Placemark>
			<Placemark id="064BAB3A5F33784CC1D6">
				<name>Puente Los Maquis</name>
				<LookAt>
					<longitude>-70.36171703521346</longitude>
					<latitude>-33.32571849854238</latitude>
					<altitude>1434.057397923054</altitude>
					<heading>-77.23961405863047</heading>
					<tilt>1.077110894141593</tilt>
					<range>198.5966111414018</range>
					<altitudeMode>absolute</altitudeMode>
					<gx:fovy>30.00004979361767</gx:fovy>
				</LookAt>
				<styleUrl>#msn_grn-pushpin</styleUrl>
				<Point>
					<coordinates>-70.36157007130417,-33.32581128631637,1433.507824059706</coordinates>
				</Point>
			</Placemark>
			<Placemark id="023CF28AA834403D354A">
				<name>Pte. El Escorial</name>
				<description><![CDATA[<div><b>Km 21</b></div>]]></description>
				<LookAt>
					<longitude>-70.35781020305497</longitude>
					<latitude>-33.30415850567246</latitude>
					<altitude>-7.073241992117119e-10</altitude>
					<heading>5.731716342982031e-09</heading>
					<tilt>18.28606547835707</tilt>
					<range>399.8447691583761</range>
					<altitudeMode>absolute</altitudeMode>
					<gx:fovy>56.95371160004267</gx:fovy>
				</LookAt>
				<styleUrl>#msn_grn-pushpin</styleUrl>
				<Point>
					<coordinates>-70.35877795040446,-33.30463706894487,-1.414648398423424e-09</coordinates>
				</Point>
			</Placemark>
			<Placemark id="0513E330A433784DED73">
				<name>Puente La Isla</name>
				<description><![CDATA[<div><b>Km 17</b><br></div>]]></description>
				<LookAt>
					<longitude>-70.36429009135635</longitude>
					<latitude>-33.33976877990081</latitude>
					<altitude>1320.566358900221</altitude>
					<heading>-77.23805871262361</heading>
					<tilt>1.077108365438824</tilt>
					<range>183.637811692206</range>
					<altitudeMode>absolute</altitudeMode>
					<gx:fovy>30.00004979361767</gx:fovy>
				</LookAt>
				<styleUrl>#msn_grn-pushpin</styleUrl>
				<Point>
					<coordinates>-70.36420681671986,-33.33984845560175,1323.467501694256</coordinates>
				</Point>
			</Placemark>
			<Placemark id="03E77AC0BA344022989E">
				<name>El Perito</name>
				<description><![CDATA[<div><b>Km 24</b></div>]]></description>
				<LookAt>
					<longitude>-70.35331567816893</longitude>
					<latitude>-33.28111426115799</latitude>
					<altitude>-1.414648398423424e-09</altitude>
					<heading>5.729375626930963e-09</heading>
					<tilt>18.28775418501561</tilt>
					<range>998.3473408497998</range>
					<altitudeMode>absolute</altitudeMode>
					<gx:fovy>56.95371160004267</gx:fovy>
				</LookAt>
				<styleUrl>#msn_grn-pushpin</styleUrl>
				<Point>
					<coordinates>-70.35195966196346,-33.2834389703096,0</coordinates>
				</Point>
			</Placemark>
			<Placemark id="0BE3BDF6DB34409506F3">
				<name>Curva El Tio</name>
				<LookAt>
					<longitude>-70.36067177044123</longitude>
					<latitude>-33.32190157228586</latitude>
					<altitude>-1.414648398423424e-09</altitude>
					<heading>5.784042716908417e-09</heading>
					<tilt>13.75270701048105</tilt>
					<range>458.8172456109051</range>
					<altitudeMode>absolute</altitudeMode>
					<gx:fovy>56.95371160004267</gx:fovy>
				</LookAt>
				<styleUrl>#msn_grn-pushpin</styleUrl>
				<Point>
					<coordinates>-70.3611284402468,-33.32168311376896,0</coordinates>
				</Point>
			</Placemark>
			<Placemark id="04EFEA405E3440873F9D">
				<name>Maitenes Bajo</name>
				<description><![CDATA[<div><b>KM 20</b><br></div>]]></description>
				<LookAt>
					<longitude>-70.35704615150706</longitude>
					<latitude>-33.31120740114392</latitude>
					<altitude>1.414648398423424e-09</altitude>
					<heading>5.782626985102143e-09</heading>
					<tilt>13.75245782256024</tilt>
					<range>342.2555645686982</range>
					<altitudeMode>absolute</altitudeMode>
					<gx:fovy>56.95371160004267</gx:fovy>
				</LookAt>
				<styleUrl>#msn_grn-pushpin</styleUrl>
				<Point>
					<coordinates>-70.35750790306442,-33.31130537642662,0</coordinates>
				</Point>
			</Placemark>
			<Placemark id="0A43BED7B734409C7DBC">
				<name>Vega El Tigre</name>
				<description><![CDATA[<div><b>Km 30</b></div>]]></description>
				<LookAt>
					<longitude>-70.33662906866857</longitude>
					<latitude>-33.23831499600829</latitude>
					<altitude>2693.217777959623</altitude>
					<heading>0</heading>
					<tilt>0</tilt>
					<range>1495.811431935872</range>
					<altitudeMode>absolute</altitudeMode>
					<gx:fovy>56.95371160004267</gx:fovy>
				</LookAt>
				<styleUrl>#msn_grn-pushpin</styleUrl>
				<Point>
					<coordinates>-70.34328064789143,-33.24001592043174,2286.164441225705</coordinates>
				</Point>
			</Placemark>
			<Placemark id="08EBA78A7234409E1BE2">
				<name>Quebrada Duarte</name>
				<description><![CDATA[<div><b>Km 32</b><br></div>]]></description>
				<LookAt>
					<longitude>-70.34101261000663</longitude>
					<latitude>-33.22844170239919</latitude>
					<altitude>2488.5111956194</altitude>
					<heading>0</heading>
					<tilt>0</tilt>
					<range>753.9195149634179</range>
					<altitudeMode>absolute</altitudeMode>
					<gx:fovy>56.95371160004267</gx:fovy>
				</LookAt>
				<styleUrl>#msn_grn-pushpin</styleUrl>
				<Point>
					<coordinates>-70.34088711584299,-33.22830501460332,2488.204192949968</coordinates>
				</Point>
			</Placemark>
			<Placemark id="0276098F7033784E7713">
				<name>Corral Quemado - Bifurcación</name>
				<description><![CDATA[<div><b>KM 16</b><br></div><div><br></div>]]></description>
				<LookAt>
					<longitude>-70.36450651430779</longitude>
					<latitude>-33.3466491790883</latitude>
					<altitude>1319.268860717215</altitude>
					<heading>-77.23818324447893</heading>
					<tilt>1.077165920971968</tilt>
					<range>524.1783755239159</range>
					<altitudeMode>absolute</altitudeMode>
					<gx:fovy>30.00004979361767</gx:fovy>
				</LookAt>
				<styleUrl>#msn_grn-pushpin</styleUrl>
				<Point>
					<coordinates>-70.3639591139103,-33.34696621035062,1304.401650620262</coordinates>
				</Point>
			</Placemark>
			<Placemark id="0398CDCA0B33784D5602">
				<name>Estrecho de Magallanes</name>
				<LookAt>
					<longitude>-70.36263995581615</longitude>
					<latitude>-33.32951409359271</latitude>
					<altitude>1423.296369730723</altitude>
					<heading>-77.23944059242551</heading>
					<tilt>1.077197720393399</tilt>
					<range>712.3285645026772</range>
					<altitudeMode>absolute</altitudeMode>
					<gx:fovy>30.00004979361767</gx:fovy>
				</LookAt>
				<styleUrl>#msn_grn-pushpin</styleUrl>
				<Point>
					<coordinates>-70.3619800061704,-33.32953731156424,1408.589475894265</coordinates>
				</Point>
			</Placemark>
			<Placemark id="07DC37841A36E535E58F">
				<name>PUENTE EL DIABLO</name>
				<LookAt>
					<longitude>-70.36163453392903</longitude>
					<latitude>-33.32983607889351</latitude>
					<altitude>1412.283071805059</altitude>
					<heading>8.896710277719048</heading>
					<tilt>0</tilt>
					<range>126.9061176272953</range>
					<altitudeMode>absolute</altitudeMode>
					<gx:fovy>30.00030683860262</gx:fovy>
				</LookAt>
				<styleUrl>#msn_grn-pushpin</styleUrl>
				<Point>
					<coordinates>-70.36150853170966,-33.32973520307007,1405.927796304541</coordinates>
				</Point>
			</Placemark>
			<Placemark id="031CC505483449C4A745">
				<name>Aguas Cordillera (KM 1.5)</name>
				<LookAt>
					<longitude>-70.48286310914445</longitude>
					<latitude>-33.36493251733993</latitude>
					<altitude>906.6837314085416</altitude>
					<heading>5.718201758599563e-09</heading>
					<tilt>33.86939168057394</tilt>
					<range>52.73193574339531</range>
					<altitudeMode>absolute</altitudeMode>
					<gx:fovy>57.28376553760381</gx:fovy>
				</LookAt>
				<styleUrl>#msn_grn-pushpin</styleUrl>
				<Point>
					<coordinates>-70.48283148647735,-33.36489383446462,906.6922613705755</coordinates>
				</Point>
			</Placemark>
			<Placemark id="0CB894BFCB3449A3A8DB">
				<name>Quebrada Seca (Km 9)</name>
				<description><![CDATA[<div><b>Km 9</b><br></div>]]></description>
				<LookAt>
					<longitude>-70.41761140690269</longitude>
					<latitude>-33.36706017084213</latitude>
					<altitude>1266.821408477841</altitude>
					<heading>0</heading>
					<tilt>0</tilt>
					<range>1196.642581652559</range>
					<altitudeMode>absolute</altitudeMode>
					<gx:fovy>30</gx:fovy>
				</LookAt>
				<styleUrl>#msn_grn-pushpin</styleUrl>
				<Point>
					<coordinates>-70.41888943384939,-33.36839559908074,1141.708339201849</coordinates>
				</Point>
			</Placemark>
			<Placemark id="011FED58A83449A8D01E">
				<name>Quebrada El Chancho (KM 8)</name>
				<description><![CDATA[<div><b>Km 8</b><br></div>]]></description>
				<LookAt>
					<longitude>-70.42647536049898</longitude>
					<latitude>-33.36816426945024</latitude>
					<altitude>1112.578238322782</altitude>
					<heading>0</heading>
					<tilt>0</tilt>
					<range>686.9830715643911</range>
					<altitudeMode>absolute</altitudeMode>
					<gx:fovy>30</gx:fovy>
				</LookAt>
				<styleUrl>#msn_grn-pushpin</styleUrl>
				<Point>
					<coordinates>-70.42810173579161,-33.36879874640428,1085.884385099902</coordinates>
				</Point>
			</Placemark>
			<Placemark id="0E87E9E30D3449AABEA5">
				<name>Puente Ñilhue (KM 6)</name>
				<description><![CDATA[<div><b>KM 6</b></div>]]></description>
				<LookAt>
					<longitude>-70.44832529146747</longitude>
					<latitude>-33.37043122053254</latitude>
					<altitude>1012.907987637549</altitude>
					<heading>0</heading>
					<tilt>0</tilt>
					<range>377.8656771302849</range>
					<altitudeMode>absolute</altitudeMode>
					<gx:fovy>30</gx:fovy>
				</LookAt>
				<styleUrl>#msn_grn-pushpin</styleUrl>
				<Point>
					<coordinates>-70.44984406666845,-33.37089503065811,960.7631788073471</coordinates>
				</Point>
			</Placemark>
			<Placemark id="06C97F57E13449AE4327">
				<name>Puente Cañaveral (Km 5)</name>
				<LookAt>
					<longitude>-70.45701427597297</longitude>
					<latitude>-33.3696643454243</latitude>
					<altitude>948.6345616697245</altitude>
					<heading>0</heading>
					<tilt>0</tilt>
					<range>878.9923771917529</range>
					<altitudeMode>absolute</altitudeMode>
					<gx:fovy>30</gx:fovy>
				</LookAt>
				<styleUrl>#msn_grn-pushpin</styleUrl>
				<Point>
					<coordinates>-70.4582599865696,-33.37101611026316,967.4419883858925</coordinates>
				</Point>
			</Placemark>
			<Placemark id="013F2F58EA3449BEEF77">
				<name>Puente Las Varas (Km4)</name>
				<description><![CDATA[<div>Km 4</div>]]></description>
				<LookAt>
					<longitude>-70.46443678269239</longitude>
					<latitude>-33.37036230145384</latitude>
					<altitude>949.9436489254372</altitude>
					<heading>0</heading>
					<tilt>0</tilt>
					<range>363.6967239120713</range>
					<altitudeMode>absolute</altitudeMode>
					<gx:fovy>30</gx:fovy>
				</LookAt>
				<styleUrl>#msn_grn-pushpin</styleUrl>
				<Point>
					<coordinates>-70.46594702353107,-33.37054043863981,956.3156604549544</coordinates>
				</Point>
			</Placemark>
			<Placemark id="05B2A9DCCC3449C0E509">
				<name>Las Puertas (Km 0)</name>
				<LookAt>
					<longitude>-70.49345530185185</longitude>
					<latitude>-33.36566749005645</latitude>
					<altitude>892.3304657017376</altitude>
					<heading>0</heading>
					<tilt>0</tilt>
					<range>437.4604073337106</range>
					<altitudeMode>absolute</altitudeMode>
					<gx:fovy>30</gx:fovy>
				</LookAt>
				<styleUrl>#msn_grn-pushpin</styleUrl>
				<Point>
					<coordinates>-70.49400357792886,-33.36550653226471,875.7390001494233</coordinates>
				</Point>
			</Placemark>
			<Placemark id="0ADAFBF22D3440A5DF0D">
				<name>Tranque N°2</name>
				<description><![CDATA[<div><b>Km 33</b></div>]]></description>
				<LookAt>
					<longitude>-70.34106972056891</longitude>
					<latitude>-33.21898904928516</latitude>
					<altitude>2541.753821294888</altitude>
					<heading>0</heading>
					<tilt>0</tilt>
					<range>700.6769071733289</range>
					<altitudeMode>absolute</altitudeMode>
					<gx:fovy>56.95371160004267</gx:fovy>
				</LookAt>
				<styleUrl>#msn_grn-pushpin</styleUrl>
				<Point>
					<coordinates>-70.34029755188369,-33.22042130534803,2552.378583528339</coordinates>
				</Point>
			</Placemark>
			<Placemark id="0561E538303440A6CDD6">
				<name>Los Piches</name>
				<description><![CDATA[<div><b>Km 34</b></div>]]></description>
				<LookAt>
					<longitude>-70.34082512918394</longitude>
					<latitude>-33.21289323089427</latitude>
					<altitude>2556.025932734043</altitude>
					<heading>0</heading>
					<tilt>0</tilt>
					<range>574.7047540898348</range>
					<altitudeMode>absolute</altitudeMode>
					<gx:fovy>56.95371160004267</gx:fovy>
				</LookAt>
				<styleUrl>#msn_grn-pushpin</styleUrl>
				<Point>
					<coordinates>-70.33906254662048,-33.21264382874778,2565.482221395878</coordinates>
				</Point>
			</Placemark>
			<Placemark id="07970615283440AA5B63">
				<name>Tranque N°1</name>
				<description><![CDATA[<div><b>Km 35</b></div>]]></description>
				<LookAt>
					<longitude>-70.3404024939949</longitude>
					<latitude>-33.20460081410505</latitude>
					<altitude>2555.935888636197</altitude>
					<heading>0</heading>
					<tilt>0</tilt>
					<range>726.7581498256915</range>
					<altitudeMode>absolute</altitudeMode>
					<gx:fovy>56.95371160004267</gx:fovy>
				</LookAt>
				<styleUrl>#msn_grn-pushpin</styleUrl>
				<Point>
					<coordinates>-70.33887222592261,-33.20567293924789,2612.539810695802</coordinates>
				</Point>
			</Placemark>
			<Placemark id="094E56AB4F34409A45B5">
				<name>Los Lumes</name>
				<description><![CDATA[<div><b>Km 28</b></div>]]></description>
				<LookAt>
					<longitude>-70.33680178402189</longitude>
					<latitude>-33.25265663935582</latitude>
					<altitude>2492.977944410703</altitude>
					<heading>0</heading>
					<tilt>0</tilt>
					<range>1191.970441173617</range>
					<altitudeMode>absolute</altitudeMode>
					<gx:fovy>56.95371160004267</gx:fovy>
				</LookAt>
				<styleUrl>#msn_grn-pushpin</styleUrl>
				<Point>
					<coordinates>-70.34490634077113,-33.25346990558877,2159.568652291544</coordinates>
				</Point>
			</Placemark>
			<Placemark id="0846CD50323449928095">
				<name>Disipadora 0</name>
				<description><![CDATA[<div><b>Km 38</b></div>]]></description>
				<LookAt>
					<longitude>-70.33551863563088</longitude>
					<latitude>-33.1825652980779</latitude>
					<altitude>2718.76927130168</altitude>
					<heading>0</heading>
					<tilt>0</tilt>
					<range>4514.831330775633</range>
					<altitudeMode>absolute</altitudeMode>
					<gx:fovy>30</gx:fovy>
				</LookAt>
				<styleUrl>#msn_grn-pushpin</styleUrl>
				<Point>
					<coordinates>-70.33697153232232,-33.17997056253948,2714.917106794096</coordinates>
				</Point>
			</Placemark>
			<Placemark id="00FA6F3660344998CA47">
				<name>Camino Riecillos</name>
				<description><![CDATA[<div>Camino Doloroes - Acceso Camino Riecillos KM41</div>]]></description>
				<LookAt>
					<longitude>-70.3325372993998</longitude>
					<latitude>-33.15851842493868</latitude>
					<altitude>2964.154463022644</altitude>
					<heading>0</heading>
					<tilt>0</tilt>
					<range>2360.236873350805</range>
					<altitudeMode>absolute</altitudeMode>
					<gx:fovy>30</gx:fovy>
				</LookAt>
				<styleUrl>#msn_grn-pushpin</styleUrl>
				<Point>
					<coordinates>-70.3307537489119,-33.15860284492695,2979.429094318416</coordinates>
				</Point>
			</Placemark>
			<Placemark id="00127A501734499B2145">
				<name>Camino Dolores</name>
				<LookAt>
					<longitude>-70.33903717652069</longitude>
					<latitude>-33.15091233195343</latitude>
					<altitude>3394.773754565363</altitude>
					<heading>0</heading>
					<tilt>0</tilt>
					<range>5100.483653081465</range>
					<altitudeMode>absolute</altitudeMode>
					<gx:fovy>30</gx:fovy>
				</LookAt>
				<styleUrl>#msn_grn-pushpin</styleUrl>
				<Point>
					<coordinates>-70.31938550302968,-33.15433329345097,3136.251096750005</coordinates>
				</Point>
			</Placemark>
			<Placemark id="01E1F4259934499BD974">
				<name>Curva San Manuel</name>
				<LookAt>
					<longitude>-70.3272250086501</longitude>
					<latitude>-33.1448252696111</latitude>
					<altitude>3394.631487192655</altitude>
					<heading>0</heading>
					<tilt>0</tilt>
					<range>5100.626427093521</range>
					<altitudeMode>absolute</altitudeMode>
					<gx:fovy>30</gx:fovy>
				</LookAt>
				<styleUrl>#msn_grn-pushpin</styleUrl>
				<Point>
					<coordinates>-70.30755539934906,-33.14401360159111,3298.146713971736</coordinates>
				</Point>
			</Placemark>
			<Placemark id="01C797663D36E53416E7">
				<name>HOSTAL ATREYU</name>
				<LookAt>
					<longitude>-70.36495831272391</longitude>
					<latitude>-33.33883927056088</latitude>
					<altitude>1331.427222073817</altitude>
					<heading>8.899525365511073</heading>
					<tilt>0</tilt>
					<range>211.0060832594172</range>
					<altitudeMode>absolute</altitudeMode>
					<gx:fovy>30.00030683860262</gx:fovy>
				</LookAt>
				<styleUrl>#msn_grn-pushpin</styleUrl>
				<Point>
					<coordinates>-70.36485454668399,-33.33876607576429,1319.654610164626</coordinates>
				</Point>
			</Placemark>
		</Folder>
		<Folder id="0AFA5632CC3315265C7F">
			<name>Las Tortolas</name>
			<styleUrl>#__managed_style_08C3A00A423D3D1AF1E302</styleUrl>
			<Placemark id="0B66B9958A3315B88657">
				<name>Patio Componentes</name>
				<styleUrl>#__managed_style_08C3A00A423D3D1AF1E302</styleUrl>
				<Point>
					<extrude>1</extrude>
					<coordinates>-70.68966557706855,-33.14904581181796,0</coordinates>
				</Point>
			</Placemark>
			<Placemark id="02451517383315BD280B">
				<name>Instalacion empresa buses</name>
				<styleUrl>#__managed_style_08C3A00A423D3D1AF1E302</styleUrl>
				<Point>
					<extrude>1</extrude>
					<coordinates>-70.69586744029523,-33.14696693576715,0</coordinates>
				</Point>
			</Placemark>
			<Placemark id="0A18AB91253315C57D01">
				<name>Main Office</name>
				<styleUrl>#__managed_style_08C3A00A423D3D1AF1E302</styleUrl>
				<Point>
					<extrude>1</extrude>
					<coordinates>-70.6983972,-33.1460806,0</coordinates>
				</Point>
			</Placemark>
			<Placemark id="008A4C12DE3315BB5264">
				<name>Patio 5 Componentes</name>
				<styleUrl>#__managed_style_08C3A00A423D3D1AF1E302</styleUrl>
				<Point>
					<extrude>1</extrude>
					<coordinates>-70.69317219999999,-33.1488333,0</coordinates>
				</Point>
			</Placemark>
			<Placemark id="02487393453315C66B88">
				<name>Sala de Cambio de Personal</name>
				<LookAt>
					<longitude>-70.69917557801266</longitude>
					<latitude>-33.14598755276987</latitude>
					<altitude>698.3455977038695</altitude>
					<heading>0</heading>
					<tilt>0</tilt>
					<range>437.628583994665</range>
					<altitudeMode>absolute</altitudeMode>
					<gx:fovy>35</gx:fovy>
				</LookAt>
				<styleUrl>#__managed_style_08C3A00A423D3D1AF1E302</styleUrl>
				<Point>
					<coordinates>-70.69986240400787,-33.14608080471447,701.6374611791178</coordinates>
				</Point>
			</Placemark>
			<Placemark id="084EDE6AD23315C6C88C">
				<name>Casino Las Tortolas</name>
				<LookAt>
					<longitude>-70.69917557801266</longitude>
					<latitude>-33.14598755276987</latitude>
					<altitude>698.3455977038695</altitude>
					<heading>0</heading>
					<tilt>0</tilt>
					<range>437.628583994665</range>
					<altitudeMode>absolute</altitudeMode>
					<gx:fovy>35</gx:fovy>
				</LookAt>
				<styleUrl>#__managed_style_08C3A00A423D3D1AF1E302</styleUrl>
				<Point>
					<coordinates>-70.69907977538168,-33.14595820629354,698.5782383141452</coordinates>
				</Point>
			</Placemark>
			<Placemark id="03A99E05623315C6F8C2">
				<name>Policlinico LT</name>
				<LookAt>
					<longitude>-70.69917557801266</longitude>
					<latitude>-33.14598755276987</latitude>
					<altitude>698.3455977038695</altitude>
					<heading>0</heading>
					<tilt>0</tilt>
					<range>437.628583994665</range>
					<altitudeMode>absolute</altitudeMode>
					<gx:fovy>35</gx:fovy>
				</LookAt>
				<styleUrl>#__managed_style_08C3A00A423D3D1AF1E302</styleUrl>
				<Point>
					<coordinates>-70.69945358189105,-33.14556504874895,698.6670682695411</coordinates>
				</Point>
			</Placemark>
			<Placemark id="0F6E4724243315C731E2">
				<name>Andenes Terminal</name>
				<LookAt>
					<longitude>-70.69962061810224</longitude>
					<latitude>-33.14600901011622</latitude>
					<altitude>698.9813627315137</altitude>
					<heading>0</heading>
					<tilt>0</tilt>
					<range>436.9928224442265</range>
					<altitudeMode>absolute</altitudeMode>
					<gx:fovy>35</gx:fovy>
				</LookAt>
				<styleUrl>#__managed_style_08C3A00A423D3D1AF1E302</styleUrl>
				<Point>
					<coordinates>-70.70031617838707,-33.14581812784395,700.5228619959433</coordinates>
				</Point>
			</Placemark>
			<Placemark id="08F5132F1A3315C7AD2E">
				<name>Patio Concentrado 2</name>
				<LookAt>
					<longitude>-70.70071873317906</longitude>
					<latitude>-33.14658461489201</latitude>
					<altitude>703.4427423648713</altitude>
					<heading>0</heading>
					<tilt>0</tilt>
					<range>432.5314590538619</range>
					<altitudeMode>absolute</altitudeMode>
					<gx:fovy>35</gx:fovy>
				</LookAt>
				<styleUrl>#__managed_style_08C3A00A423D3D1AF1E302</styleUrl>
				<Point>
					<coordinates>-70.70116249834788,-33.14669049698372,705.5929734049371</coordinates>
				</Point>
			</Placemark>
			<Placemark id="0E334993873315C7E39D">
				<name>Bodega de Materiales Electricos</name>
				<LookAt>
					<longitude>-70.70071873317906</longitude>
					<latitude>-33.14658461489201</latitude>
					<altitude>703.4427423648713</altitude>
					<heading>0</heading>
					<tilt>0</tilt>
					<range>432.5314590538619</range>
					<altitudeMode>absolute</altitudeMode>
					<gx:fovy>35</gx:fovy>
				</LookAt>
				<styleUrl>#__managed_style_08C3A00A423D3D1AF1E302</styleUrl>
				<Point>
					<coordinates>-70.70077614865693,-33.14706533751673,706.0982614992628</coordinates>
				</Point>
			</Placemark>
			<Placemark id="0A6AE0890F3315CD0385">
				<name>Gerencia RRHH</name>
				<LookAt>
					<longitude>-70.69941473872412</longitude>
					<latitude>-33.14730341847428</latitude>
					<altitude>706.3855741285671</altitude>
					<heading>0</heading>
					<tilt>0</tilt>
					<range>429.5885992631521</range>
					<altitudeMode>absolute</altitudeMode>
					<gx:fovy>35</gx:fovy>
				</LookAt>
				<styleUrl>#__managed_style_08C3A00A423D3D1AF1E302</styleUrl>
				<Point>
					<coordinates>-70.69942161585544,-33.14720361389207,706.8992316213839</coordinates>
				</Point>
			</Placemark>
			<Placemark id="0C6618096B3315CD2E5F">
				<name>Estacionamiento Trasero</name>
				<LookAt>
					<longitude>-70.69941473872412</longitude>
					<latitude>-33.14730341847428</latitude>
					<altitude>706.3855741285671</altitude>
					<heading>0</heading>
					<tilt>0</tilt>
					<range>429.5885992631521</range>
					<altitudeMode>absolute</altitudeMode>
					<gx:fovy>35</gx:fovy>
				</LookAt>
				<styleUrl>#__managed_style_08C3A00A423D3D1AF1E302</styleUrl>
				<Point>
					<coordinates>-70.69964095059797,-33.14752916695805,708.2877126893989</coordinates>
				</Point>
			</Placemark>
			<Placemark id="01D8C8676F3315CDBE8F">
				<name>Estacionamiento Particulares</name>
				<LookAt>
					<longitude>-70.69880031750449</longitude>
					<latitude>-33.14743970402756</latitude>
					<altitude>705.1789075541211</altitude>
					<heading>0</heading>
					<tilt>0</tilt>
					<range>430.7952714410203</range>
					<altitudeMode>absolute</altitudeMode>
					<gx:fovy>35</gx:fovy>
				</LookAt>
				<styleUrl>#__managed_style_08C3A00A423D3D1AF1E302</styleUrl>
				<Point>
					<coordinates>-70.69893106014452,-33.14749539744059,706.6425710052769</coordinates>
				</Point>
			</Placemark>
			<Placemark id="0DB1D59B3C3315CE7529">
				<name>Estacionamiento Camiones</name>
				<LookAt>
					<longitude>-70.69843176900254</longitude>
					<latitude>-33.14757386603572</latitude>
					<altitude>705.2888365963489</altitude>
					<heading>0</heading>
					<tilt>0</tilt>
					<range>430.6853632648563</range>
					<altitudeMode>absolute</altitudeMode>
					<gx:fovy>35</gx:fovy>
				</LookAt>
				<styleUrl>#__managed_style_08C3A00A423D3D1AF1E302</styleUrl>
				<Point>
					<coordinates>-70.69850744321104,-33.14768330484149,706.7505786079532</coordinates>
				</Point>
			</Placemark>
			<Placemark id="0FDC6DB3053315CEC006">
				<name>Global IM Kiosko</name>
				<LookAt>
					<longitude>-70.69843176900254</longitude>
					<latitude>-33.14757386603572</latitude>
					<altitude>705.2888365963489</altitude>
					<heading>0</heading>
					<tilt>0</tilt>
					<range>430.6853632648563</range>
					<altitudeMode>absolute</altitudeMode>
					<gx:fovy>35</gx:fovy>
				</LookAt>
				<styleUrl>#__managed_style_08C3A00A423D3D1AF1E302</styleUrl>
				<Point>
					<coordinates>-70.69808552531883,-33.14775817101199,706.7803661261272</coordinates>
				</Point>
			</Placemark>
			<Placemark id="066CFD02C73315CF1993">
				<name>Patio 1</name>
				<LookAt>
					<longitude>-70.69848428169057</longitude>
					<latitude>-33.14734307987513</latitude>
					<altitude>703.7440776854496</altitude>
					<heading>0</heading>
					<tilt>0</tilt>
					<range>722.8410428234929</range>
					<altitudeMode>absolute</altitudeMode>
					<gx:fovy>35</gx:fovy>
				</LookAt>
				<styleUrl>#__managed_style_08C3A00A423D3D1AF1E302</styleUrl>
				<Point>
					<coordinates>-70.69761917754896,-33.14699228190261,699.8993552882401</coordinates>
				</Point>
			</Placemark>
			<Placemark id="067865D91A3315CF8191">
				<name>Taller First</name>
				<LookAt>
					<longitude>-70.69627596121313</longitude>
					<latitude>-33.14771927845248</latitude>
					<altitude>699.4402669451528</altitude>
					<heading>0</heading>
					<tilt>0</tilt>
					<range>727.1448448934098</range>
					<altitudeMode>absolute</altitudeMode>
					<gx:fovy>35</gx:fovy>
				</LookAt>
				<styleUrl>#__managed_style_08C3A00A423D3D1AF1E302</styleUrl>
				<Point>
					<coordinates>-70.69640818798271,-33.14727969730648,698.0930693561655</coordinates>
				</Point>
			</Placemark>
			<Placemark id="03D9E35C533315D0DD31">
				<name>Patio 2</name>
				<LookAt>
					<longitude>-70.69572045320517</longitude>
					<latitude>-33.1478819008695</latitude>
					<altitude>699.1834874584342</altitude>
					<heading>0</heading>
					<tilt>0</tilt>
					<range>727.4016063391174</range>
					<altitudeMode>absolute</altitudeMode>
					<gx:fovy>35</gx:fovy>
				</LookAt>
				<styleUrl>#__managed_style_08C3A00A423D3D1AF1E302</styleUrl>
				<Point>
					<coordinates>-70.69581762241884,-33.14762806877587,698.5185583648276</coordinates>
				</Point>
			</Placemark>
			<Placemark id="00CC443EAC3315D0FD5D">
				<name>Patio 3</name>
				<LookAt>
					<longitude>-70.69572045320517</longitude>
					<latitude>-33.1478819008695</latitude>
					<altitude>699.1834874584342</altitude>
					<heading>0</heading>
					<tilt>0</tilt>
					<range>727.4016063391174</range>
					<altitudeMode>absolute</altitudeMode>
					<gx:fovy>35</gx:fovy>
				</LookAt>
				<styleUrl>#__managed_style_08C3A00A423D3D1AF1E302</styleUrl>
				<Point>
					<coordinates>-70.69537637619692,-33.14842245661674,702.4184346462068</coordinates>
				</Point>
			</Placemark>
			<Placemark id="05401863A73315D22EC5">
				<name>Base Colina</name>
				<LookAt>
					<longitude>-70.64440794185811</longitude>
					<latitude>-33.16727777718815</latitude>
					<altitude>742.1433977747658</altitude>
					<heading>0</heading>
					<tilt>0</tilt>
					<range>1181.28566057916</range>
					<altitudeMode>absolute</altitudeMode>
					<gx:fovy>35</gx:fovy>
				</LookAt>
				<styleUrl>#__managed_style_08C3A00A423D3D1AF1E302</styleUrl>
				<Point>
					<coordinates>-70.64270306657741,-33.16836783367355,744.8373605184045</coordinates>
				</Point>
			</Placemark>
			<Placemark id="0445D47FE23315D2AC36">
				<name>Centro Operacional Tuberios STP - Techint</name>
				<LookAt>
					<longitude>-70.64481133670236</longitude>
					<latitude>-33.16639138102484</latitude>
					<altitude>742.3697685354687</altitude>
					<heading>0</heading>
					<tilt>0</tilt>
					<range>1181.059447209409</range>
					<altitudeMode>absolute</altitudeMode>
					<gx:fovy>35</gx:fovy>
				</LookAt>
				<styleUrl>#__managed_style_08C3A00A423D3D1AF1E302</styleUrl>
				<Point>
					<coordinates>-70.64599156494586,-33.16593702106287,740.988172939919</coordinates>
				</Point>
			</Placemark>
			<Placemark id="0D04289F053315F0B3B6">
				<name>Tunel Esmeralda</name>
				<LookAt>
					<longitude>-70.65178369042614</longitude>
					<latitude>-33.1696231665339</latitude>
					<altitude>727.175347298857</altitude>
					<heading>0</heading>
					<tilt>0</tilt>
					<range>375.7732961704824</range>
					<altitudeMode>absolute</altitudeMode>
					<gx:fovy>35</gx:fovy>
				</LookAt>
				<styleUrl>#__managed_style_08C3A00A423D3D1AF1E302</styleUrl>
				<Point>
					<coordinates>-70.65186912092811,-33.16958206231073,727.4286183188423</coordinates>
				</Point>
			</Placemark>
			<Placemark id="0DAB95618C3315F749A7">
				<name>Porton Negro</name>
				<LookAt>
					<longitude>-70.65244363781021</longitude>
					<latitude>-33.1698422048864</latitude>
					<altitude>725.8057838170384</altitude>
					<heading>0</heading>
					<tilt>0</tilt>
					<range>551.9040688508539</range>
					<altitudeMode>absolute</altitudeMode>
					<gx:fovy>35</gx:fovy>
				</LookAt>
				<styleUrl>#__managed_style_08C3A00A423D3D1AF1E302</styleUrl>
				<Point>
					<coordinates>-70.65292485289032,-33.16975569458786,726.308316638004</coordinates>
				</Point>
			</Placemark>
			<Placemark id="0DA36BDBC33315FD90C3">
				<name>Control Carretera</name>
				<LookAt>
					<longitude>-70.65132271370373</longitude>
					<latitude>-33.1570817921513</latitude>
					<altitude>731.1904497414469</altitude>
					<heading>0</heading>
					<tilt>0</tilt>
					<range>277.3431075838016</range>
					<altitudeMode>absolute</altitudeMode>
					<gx:fovy>35</gx:fovy>
				</LookAt>
				<styleUrl>#__managed_style_08C3A00A423D3D1AF1E302</styleUrl>
				<Point>
					<coordinates>-70.65153518636625,-33.15698545218348,731.8496003552362</coordinates>
				</Point>
			</Placemark>
			<Placemark id="09DE9F81EA3315FDBEDC">
				<name>Estacionamiento Exterior</name>
				<LookAt>
					<longitude>-70.65132271370373</longitude>
					<latitude>-33.1570817921513</latitude>
					<altitude>731.1904497414469</altitude>
					<heading>0</heading>
					<tilt>0</tilt>
					<range>277.3431075838016</range>
					<altitudeMode>absolute</altitudeMode>
					<gx:fovy>35</gx:fovy>
				</LookAt>
				<styleUrl>#__managed_style_08C3A00A423D3D1AF1E302</styleUrl>
				<Point>
					<coordinates>-70.65099624871833,-33.1565770307085,733.6204596478065</coordinates>
				</Point>
			</Placemark>
			<Placemark id="08B6FB2EC53315FE90D7">
				<name>Camino Secundario</name>
				<LookAt>
					<longitude>-70.65441465221352</longitude>
					<latitude>-33.15455074976959</latitude>
					<altitude>723.4155317290702</altitude>
					<heading>0</heading>
					<tilt>0</tilt>
					<range>1359.146015256556</range>
					<altitudeMode>absolute</altitudeMode>
					<gx:fovy>35</gx:fovy>
				</LookAt>
				<styleUrl>#__managed_style_08C3A00A423D3D1AF1E302</styleUrl>
				<Point>
					<coordinates>-70.65707408747259,-33.15472761949588,717.1811631812168</coordinates>
				</Point>
			</Placemark>
			<Placemark id="035FA146AE3315FF1DF9">
				<name>Conexión intermedia entre camino primario y secundario</name>
				<LookAt>
					<longitude>-70.66464724059381</longitude>
					<latitude>-33.15411126471054</latitude>
					<altitude>701.2476704354203</altitude>
					<heading>0</heading>
					<tilt>0</tilt>
					<range>652.5125577581639</range>
					<altitudeMode>absolute</altitudeMode>
					<gx:fovy>35</gx:fovy>
				</LookAt>
				<styleUrl>#__managed_style_08C3A00A423D3D1AF1E302</styleUrl>
				<Point>
					<coordinates>-70.66582256972198,-33.15430123319851,700.0385684343653</coordinates>
				</Point>
			</Placemark>
			<Placemark id="06B533504A3315FFAD1A">
				<name>Pozos BN 1, 2, 3, 9 Y 10</name>
				<LookAt>
					<longitude>-70.66464724059381</longitude>
					<latitude>-33.15411126471054</latitude>
					<altitude>701.2476704354203</altitude>
					<heading>0</heading>
					<tilt>0</tilt>
					<range>652.5125577581639</range>
					<altitudeMode>absolute</altitudeMode>
					<gx:fovy>35</gx:fovy>
				</LookAt>
				<styleUrl>#__managed_style_08C3A00A423D3D1AF1E302</styleUrl>
				<Point>
					<coordinates>-70.66552548713167,-33.15455183792726,701.0691974542641</coordinates>
				</Point>
			</Placemark>
			<Placemark id="07F8E77D1033160D90A3">
				<name>Piscinas Peldehue</name>
				<LookAt>
					<longitude>-70.67869201115988</longitude>
					<latitude>-33.15211582991217</latitude>
					<altitude>682.5540656814804</altitude>
					<heading>0</heading>
					<tilt>0</tilt>
					<range>1500.638862330525</range>
					<altitudeMode>absolute</altitudeMode>
					<gx:fovy>35</gx:fovy>
				</LookAt>
				<styleUrl>#__managed_style_08C3A00A423D3D1AF1E302</styleUrl>
				<Point>
					<coordinates>-70.68007749610601,-33.15273267420462,682.2797907163063</coordinates>
				</Point>
			</Placemark>
			<Placemark id="0122D45BB73316101754">
				<name>Porton Amarillo Camino</name>
				<LookAt>
					<longitude>-70.6952273487006</longitude>
					<latitude>-33.15360301642077</latitude>
					<altitude>754.6130076854774</altitude>
					<heading>0</heading>
					<tilt>0</tilt>
					<range>2229.42454219301</range>
					<altitudeMode>absolute</altitudeMode>
					<gx:fovy>35</gx:fovy>
				</LookAt>
				<styleUrl>#__managed_style_08C3A00A423D3D1AF1E302</styleUrl>
				<Point>
					<coordinates>-70.69676461406044,-33.15331722934015,765.9286521474869</coordinates>
				</Point>
			</Placemark>
			<Placemark id="05B7A3A5CE331610BC04">
				<name>Tranquecito</name>
				<LookAt>
					<longitude>-70.70050905714155</longitude>
					<latitude>-33.14337596575639</latitude>
					<altitude>704.813433604393</altitude>
					<heading>0</heading>
					<tilt>0</tilt>
					<range>1032.095810889004</range>
					<altitudeMode>absolute</altitudeMode>
					<gx:fovy>35</gx:fovy>
				</LookAt>
				<styleUrl>#__managed_style_08C3A00A423D3D1AF1E302</styleUrl>
				<Point>
					<coordinates>-70.69967318392622,-33.14349183682861,699.6104400697998</coordinates>
				</Point>
			</Placemark>
			<Placemark id="0AA830B311331610E210">
				<name>Testigoteca</name>
				<LookAt>
					<longitude>-70.70050905714155</longitude>
					<latitude>-33.14337596575639</latitude>
					<altitude>704.813433604393</altitude>
					<heading>0</heading>
					<tilt>0</tilt>
					<range>1032.095810889004</range>
					<altitudeMode>absolute</altitudeMode>
					<gx:fovy>35</gx:fovy>
				</LookAt>
				<styleUrl>#__managed_style_08C3A00A423D3D1AF1E302</styleUrl>
				<Point>
					<coordinates>-70.69910702007051,-33.14230748271884,710.650032600432</coordinates>
				</Point>
			</Placemark>
			<Placemark id="0633FB6100331610FE0B">
				<name>Patio Molibdeno</name>
				<LookAt>
					<longitude>-70.70050905714155</longitude>
					<latitude>-33.14337596575639</latitude>
					<altitude>704.813433604393</altitude>
					<heading>0</heading>
					<tilt>0</tilt>
					<range>1032.095810889004</range>
					<altitudeMode>absolute</altitudeMode>
					<gx:fovy>35</gx:fovy>
				</LookAt>
				<styleUrl>#__managed_style_08C3A00A423D3D1AF1E302</styleUrl>
				<Point>
					<coordinates>-70.7007107393361,-33.14214822142655,715.4973349390428</coordinates>
				</Point>
			</Placemark>
			<Placemark id="00348CE94A3316114BBE">
				<name>Patio Transferencia</name>
				<LookAt>
					<longitude>-70.69977625563234</longitude>
					<latitude>-33.14217167879857</latitude>
					<altitude>711.2538258352606</altitude>
					<heading>0</heading>
					<tilt>0</tilt>
					<range>1025.655404999707</range>
					<altitudeMode>absolute</altitudeMode>
					<gx:fovy>35</gx:fovy>
				</LookAt>
				<styleUrl>#__managed_style_08C3A00A423D3D1AF1E302</styleUrl>
				<Point>
					<coordinates>-70.699018299741,-33.14115888998366,713.1736288711019</coordinates>
				</Point>
			</Placemark>
			<Placemark id="03A567121533161179E4">
				<name>Espesador</name>
				<LookAt>
					<longitude>-70.70241012325626</longitude>
					<latitude>-33.14207558695395</latitude>
					<altitude>713.7918745185199</altitude>
					<heading>0</heading>
					<tilt>0</tilt>
					<range>1023.117272449017</range>
					<altitudeMode>absolute</altitudeMode>
					<gx:fovy>35</gx:fovy>
				</LookAt>
				<styleUrl>#__managed_style_08C3A00A423D3D1AF1E302</styleUrl>
				<Point>
					<coordinates>-70.70351395587912,-33.14168304550535,726.1972336899059</coordinates>
				</Point>
			</Placemark>
			<Placemark id="0C1D1F20023316119A91">
				<name>Bodega Principal</name>
				<LookAt>
					<longitude>-70.70440130173151</longitude>
					<latitude>-33.14162047073866</latitude>
					<altitude>737.5814750833507</altitude>
					<heading>0</heading>
					<tilt>0</tilt>
					<range>999.3277844661498</range>
					<altitudeMode>absolute</altitudeMode>
					<gx:fovy>35</gx:fovy>
				</LookAt>
				<styleUrl>#__managed_style_08C3A00A423D3D1AF1E302</styleUrl>
				<Point>
					<coordinates>-70.70308408948975,-33.1408411210288,739.5627163941243</coordinates>
				</Point>
			</Placemark>
			<Placemark id="04E12FAC213316123AE1">
				<name>Oficina Administracion</name>
				<LookAt>
					<longitude>-70.70468584888859</longitude>
					<latitude>-33.14068507850612</latitude>
					<altitude>743.1266875659405</altitude>
					<heading>0</heading>
					<tilt>0</tilt>
					<range>993.7825901745236</range>
					<altitudeMode>absolute</altitudeMode>
					<gx:fovy>35</gx:fovy>
				</LookAt>
				<styleUrl>#__managed_style_08C3A00A423D3D1AF1E302</styleUrl>
				<Point>
					<coordinates>-70.70490134921017,-33.1403870489285,748.1523170126228</coordinates>
				</Point>
			</Placemark>
			<Placemark id="04CA8DDE5D3316126D1E">
				<name>Casino Planta</name>
				<LookAt>
					<longitude>-70.70513646034439</longitude>
					<latitude>-33.14034865380872</latitude>
					<altitude>749.0361144688861</altitude>
					<heading>0</heading>
					<tilt>0</tilt>
					<range>580.2009509364143</range>
					<altitudeMode>absolute</altitudeMode>
					<gx:fovy>35</gx:fovy>
				</LookAt>
				<styleUrl>#__managed_style_08C3A00A423D3D1AF1E302</styleUrl>
				<Point>
					<coordinates>-70.70555777850328,-33.14017414728878,752.9716456268951</coordinates>
				</Point>
			</Placemark>
			<Placemark id="059E0AE3833316128D22">
				<name>Bascula 1</name>
				<LookAt>
					<longitude>-70.70513646034439</longitude>
					<latitude>-33.14034865380872</latitude>
					<altitude>749.0361144688861</altitude>
					<heading>0</heading>
					<tilt>0</tilt>
					<range>580.2009509364143</range>
					<altitudeMode>absolute</altitudeMode>
					<gx:fovy>35</gx:fovy>
				</LookAt>
				<styleUrl>#__managed_style_08C3A00A423D3D1AF1E302</styleUrl>
				<Point>
					<coordinates>-70.70476471814281,-33.13993798132528,744.2231922645437</coordinates>
				</Point>
			</Placemark>
			<Placemark id="0ABBD0CA30331612AB9A">
				<name>Estacion de Combustible</name>
				<LookAt>
					<longitude>-70.70513646034439</longitude>
					<latitude>-33.14034865380872</latitude>
					<altitude>749.0361144688861</altitude>
					<heading>0</heading>
					<tilt>0</tilt>
					<range>580.2009509364143</range>
					<altitudeMode>absolute</altitudeMode>
					<gx:fovy>35</gx:fovy>
				</LookAt>
				<styleUrl>#__managed_style_08C3A00A423D3D1AF1E302</styleUrl>
				<Point>
					<coordinates>-70.7031530995241,-33.13662740322879,740.3690419934328</coordinates>
				</Point>
			</Placemark>
			<Placemark id="02BF885909331613164C">
				<name>Area de STP</name>
				<LookAt>
					<longitude>-70.70440433192469</longitude>
					<latitude>-33.13891608571599</latitude>
					<altitude>748.0181388329955</altitude>
					<heading>0</heading>
					<tilt>0</tilt>
					<range>710.2110590251687</range>
					<altitudeMode>absolute</altitudeMode>
					<gx:fovy>35</gx:fovy>
				</LookAt>
				<styleUrl>#__managed_style_08C3A00A423D3D1AF1E302</styleUrl>
				<Point>
					<coordinates>-70.70420782058697,-33.13799053571516,759.851598325025</coordinates>
				</Point>
			</Placemark>
			<Placemark id="07A810CD8A33161386F1">
				<name>Estanques Verdes</name>
				<LookAt>
					<longitude>-70.71050164667686</longitude>
					<latitude>-33.13940381355598</latitude>
					<altitude>825.8261535569633</altitude>
					<heading>0</heading>
					<tilt>0</tilt>
					<range>1023.741769686167</range>
					<altitudeMode>absolute</altitudeMode>
					<gx:fovy>35</gx:fovy>
				</LookAt>
				<styleUrl>#__managed_style_08C3A00A423D3D1AF1E302</styleUrl>
				<Point>
					<coordinates>-70.71100503714898,-33.14075523252974,877.2949323687878</coordinates>
				</Point>
			</Placemark>
			<Placemark id="0C19240410331613A48D">
				<name>Planta 2</name>
				<LookAt>
					<longitude>-70.71050164667686</longitude>
					<latitude>-33.13940381355598</latitude>
					<altitude>825.8261535569633</altitude>
					<heading>0</heading>
					<tilt>0</tilt>
					<range>1023.741769686167</range>
					<altitudeMode>absolute</altitudeMode>
					<gx:fovy>35</gx:fovy>
				</LookAt>
				<styleUrl>#__managed_style_08C3A00A423D3D1AF1E302</styleUrl>
				<Point>
					<coordinates>-70.70921220086055,-33.14157224343516,834.9470237609762</coordinates>
				</Point>
			</Placemark>
			<Placemark id="02B64DD2BD331613E4A6">
				<name>Botadero Norte</name>
				<LookAt>
					<longitude>-70.71235686222713</longitude>
					<latitude>-33.13787967097826</latitude>
					<altitude>809.6710515615403</altitude>
					<heading>0</heading>
					<tilt>0</tilt>
					<range>1056.580997694255</range>
					<altitudeMode>absolute</altitudeMode>
					<gx:fovy>35</gx:fovy>
				</LookAt>
				<styleUrl>#__managed_style_08C3A00A423D3D1AF1E302</styleUrl>
				<Point>
					<coordinates>-70.71361242438483,-33.13735160584885,801.6548544794267</coordinates>
				</Point>
			</Placemark>
			<Placemark id="0ED1A94ADA3316140004">
				<name>Area de STP</name>
				<LookAt>
					<longitude>-70.71235686222713</longitude>
					<latitude>-33.13787967097826</latitude>
					<altitude>809.6710515615403</altitude>
					<heading>0</heading>
					<tilt>0</tilt>
					<range>1056.580997694255</range>
					<altitudeMode>absolute</altitudeMode>
					<gx:fovy>35</gx:fovy>
				</LookAt>
				<styleUrl>#__managed_style_08C3A00A423D3D1AF1E302</styleUrl>
				<Point>
					<coordinates>-70.71082369740739,-33.13736329337325,806.1312210254573</coordinates>
				</Point>
			</Placemark>
			<Placemark id="036ED390F23316142ED3">
				<name>Muro Planta</name>
				<LookAt>
					<longitude>-70.70812305276208</longitude>
					<latitude>-33.13477299826313</latitude>
					<altitude>730.5277910141751</altitude>
					<heading>0</heading>
					<tilt>0</tilt>
					<range>1135.724248282495</range>
					<altitudeMode>absolute</altitudeMode>
					<gx:fovy>35</gx:fovy>
				</LookAt>
				<styleUrl>#__managed_style_08C3A00A423D3D1AF1E302</styleUrl>
				<Point>
					<coordinates>-70.70726507817162,-33.13385677034346,724.1538338800236</coordinates>
				</Point>
			</Placemark>
			<Placemark id="0AC08BB4E93318EDB012">
				<name>Planta 1</name>
				<LookAt>
					<longitude>-70.70688031268803</longitude>
					<latitude>-33.13970191234311</latitude>
					<altitude>763.9067734446833</altitude>
					<heading>359.9999374877764</heading>
					<tilt>0</tilt>
					<range>732.751691599333</range>
					<altitudeMode>absolute</altitudeMode>
					<gx:fovy>30.00000921045683</gx:fovy>
				</LookAt>
				<styleUrl>#__managed_style_0260229E0E3D3D1AF1EB</styleUrl>
				<Polygon>
					<outerBoundaryIs>
						<LinearRing>
							<coordinates>
								-70.70555531309495,-33.14116802471641,0 -70.70470639027053,-33.14066896772847,0 -70.70382084677956,-33.14019439860814,0 -70.70407313923451,-33.13949914996576,0 -70.70473881357132,-33.13871271068518,0 -70.70526696438223,-33.13826611480096,0 -70.70556936633064,-33.13816153486816,0 -70.70653633445968,-33.13844891262218,0 -70.70700680553364,-33.13874968789809,0 -70.70700000087807,-33.13920019800454,0 -70.70700944088706,-33.1398516226795,0 -70.70634849985902,-33.14046170993159,0 -70.70586419973377,-33.14092495977696,0 -70.70555531309495,-33.14116802471641,0 
							</coordinates>
						</LinearRing>
					</outerBoundaryIs>
				</Polygon>
			</Placemark>
			<Placemark id="08502926043318EF0AE0">
				<name>Planta 2</name>
				<LookAt>
					<longitude>-70.71063710124021</longitude>
					<latitude>-33.14082025080251</latitude>
					<altitude>867.6727120807672</altitude>
					<heading>359.9999364927928</heading>
					<tilt>0</tilt>
					<range>1262.572097425</range>
					<altitudeMode>absolute</altitudeMode>
					<gx:fovy>30.00000921045683</gx:fovy>
				</LookAt>
				<styleUrl>#__managed_style_0260229E0E3D3D1AF1EB0</styleUrl>
				<Polygon>
					<outerBoundaryIs>
						<LinearRing>
							<coordinates>
								-70.71115751973903,-33.13996324562145,0 -70.71188827036018,-33.14055003849811,0 -70.71115638888412,-33.14108964626653,0 -70.71029426088478,-33.14112678174641,0 -70.71030006487052,-33.14246481444807,0 -70.71006186314497,-33.14261619545538,0 -70.7090912001363,-33.14533375342256,0 -70.70783368595681,-33.14556520967968,0 -70.70557819618698,-33.14410286006006,0 -70.70580377785022,-33.14117539867102,0 -70.7079092760693,-33.13953443304867,0 -70.70912867390734,-33.13846040949139,0 -70.70984077021599,-33.13793873785174,0 -70.71058952804407,-33.13809704807141,0 -70.71115751973903,-33.13996324562145,0 
							</coordinates>
						</LinearRing>
					</outerBoundaryIs>
				</Polygon>
			</Placemark>
			<Placemark id="082D54ED713318F64B03">
				<name>Muestrera</name>
				<LookAt>
					<longitude>-70.70782960798914</longitude>
					<latitude>-33.14345961124172</latitude>
					<altitude>801.6857542144468</altitude>
					<heading>359.9999363551947</heading>
					<tilt>0</tilt>
					<range>1005.918381199299</range>
					<altitudeMode>absolute</altitudeMode>
					<gx:fovy>30.00000921045683</gx:fovy>
				</LookAt>
				<styleUrl>#__managed_style_08C3A00A423D3D1AF1E302</styleUrl>
				<Point>
					<coordinates>-70.70732169548327,-33.14358719250466,789.5680925301671</coordinates>
				</Point>
			</Placemark>
			<Placemark id="0FD32F97A73318F72516">
				<name>Baños</name>
				<LookAt>
					<longitude>-70.70782960798914</longitude>
					<latitude>-33.14345961124172</latitude>
					<altitude>801.6857542144468</altitude>
					<heading>359.9999363551947</heading>
					<tilt>0</tilt>
					<range>1005.918381199299</range>
					<altitudeMode>absolute</altitudeMode>
					<gx:fovy>30.00000921045683</gx:fovy>
				</LookAt>
				<styleUrl>#__managed_style_08C3A00A423D3D1AF1E302</styleUrl>
				<Point>
					<coordinates>-70.70737310156525,-33.14395380916341,0</coordinates>
				</Point>
			</Placemark>
			<Placemark id="02FCD429613318F73F04">
				<name>Taller Mecanico</name>
				<LookAt>
					<longitude>-70.70782960798914</longitude>
					<latitude>-33.14345961124172</latitude>
					<altitude>801.6857542144468</altitude>
					<heading>359.9999363551947</heading>
					<tilt>0</tilt>
					<range>1005.918381199299</range>
					<altitudeMode>absolute</altitudeMode>
					<gx:fovy>30.00000921045683</gx:fovy>
				</LookAt>
				<styleUrl>#__managed_style_08C3A00A423D3D1AF1E302</styleUrl>
				<Point>
					<coordinates>-70.70740600765818,-33.14435401505815,0</coordinates>
				</Point>
			</Placemark>
			<Placemark id="092A29E0DA3318F7E768">
				<name>Bascula 2</name>
				<LookAt>
					<longitude>-70.70635503737708</longitude>
					<latitude>-33.14338335231679</latitude>
					<altitude>759.8368831521741</altitude>
					<heading>359.9999357339773</heading>
					<tilt>0</tilt>
					<range>498.0000650854345</range>
					<altitudeMode>absolute</altitudeMode>
					<gx:fovy>30.00000921045683</gx:fovy>
				</LookAt>
				<styleUrl>#__managed_style_08C3A00A423D3D1AF1E302</styleUrl>
				<Point>
					<coordinates>-70.70587610593375,-33.14345712199395,760.1704790606213</coordinates>
				</Point>
			</Placemark>
			<Placemark id="0216AF0E6A33195A21CB">
				<name>Camara Termica Tranque</name>
				<LookAt>
					<longitude>-70.71547186162296</longitude>
					<latitude>-33.12398658846162</latitude>
					<altitude>722.2681488986186</altitude>
					<heading>-9.805020665931938</heading>
					<tilt>26.39543257306593</tilt>
					<range>1030.037640065857</range>
					<altitudeMode>absolute</altitudeMode>
					<gx:fovy>30.00000921045683</gx:fovy>
				</LookAt>
				<styleUrl>#__managed_style_08C3A00A423D3D1AF1E302</styleUrl>
				<Point>
					<coordinates>-70.71289488288561,-33.124313585575,729.0941105698522</coordinates>
				</Point>
			</Placemark>
			<Placemark id="0CA95F39E533195A76F7">
				<name>Estacion Ciclones Muro Este</name>
				<LookAt>
					<longitude>-70.71547186162296</longitude>
					<latitude>-33.12398658846162</latitude>
					<altitude>722.2681488986186</altitude>
					<heading>-9.805020665931938</heading>
					<tilt>26.39543257306593</tilt>
					<range>1030.037640065857</range>
					<altitudeMode>absolute</altitudeMode>
					<gx:fovy>30.00000921045683</gx:fovy>
				</LookAt>
				<styleUrl>#__managed_style_08C3A00A423D3D1AF1E302</styleUrl>
				<Point>
					<coordinates>-70.71187618474036,-33.12312853135177,747.7548577572269</coordinates>
				</Point>
			</Placemark>
			<Placemark id="03D14E6FFB33195AB435">
				<name>Muro Este</name>
				<LookAt>
					<longitude>-70.71924939617871</longitude>
					<latitude>-33.12046845974329</latitude>
					<altitude>632.0512556133959</altitude>
					<heading>-9.802956585506937</heading>
					<tilt>26.39583520478636</tilt>
					<range>1130.754692848568</range>
					<altitudeMode>absolute</altitudeMode>
					<gx:fovy>30.00000921045683</gx:fovy>
				</LookAt>
				<styleUrl>#__managed_style_08C3A00A423D3D1AF1E302</styleUrl>
				<Point>
					<coordinates>-70.71772205033541,-33.12174420651343,717.1250167351017</coordinates>
				</Point>
			</Placemark>
			<Placemark id="0A2BA98BD333195B167F">
				<name>Inicio Canaleta - Cajon de Traslado hacia canaleta Relave</name>
				<LookAt>
					<longitude>-70.72239589025041</longitude>
					<latitude>-33.1189594012862</latitude>
					<altitude>746.0577332190419</altitude>
					<heading>-9.801237366586381</heading>
					<tilt>26.39532640263259</tilt>
					<range>1003.479170642677</range>
					<altitudeMode>absolute</altitudeMode>
					<gx:fovy>30.00000921045683</gx:fovy>
				</LookAt>
				<styleUrl>#__managed_style_08C3A00A423D3D1AF1E302</styleUrl>
				<Point>
					<coordinates>-70.72264333353348,-33.11880842297203,750.3415763558712</coordinates>
				</Point>
			</Placemark>
			<Placemark id="0566EBF08933195BBADC">
				<name>Sala Operador Tranque</name>
				<LookAt>
					<longitude>-70.73491487194212</longitude>
					<latitude>-33.11305463172305</latitude>
					<altitude>752.0342090011885</altitude>
					<heading>-9.795154574844929</heading>
					<tilt>26.39438344220877</tilt>
					<range>767.5630551817449</range>
					<altitudeMode>absolute</altitudeMode>
					<gx:fovy>30.00000921045683</gx:fovy>
				</LookAt>
				<styleUrl>#__managed_style_08C3A00A423D3D1AF1E302</styleUrl>
				<Point>
					<coordinates>-70.73469165329986,-33.11256836308094,761.7198646271066</coordinates>
				</Point>
			</Placemark>
			<Placemark id="008C5D38E53319781E0D">
				<name>Muro Principal</name>
				<LookAt>
					<longitude>-70.74627410375581</longitude>
					<latitude>-33.11804542719794</latitude>
					<altitude>602.2336817302332</altitude>
					<heading>-9.786268038055363</heading>
					<tilt>26.40634986099232</tilt>
					<range>3761.323867173633</range>
					<altitudeMode>absolute</altitudeMode>
					<gx:fovy>30.00000921045683</gx:fovy>
				</LookAt>
				<styleUrl>#__managed_style_08C3A00A423D3D1AF1E302</styleUrl>
				<Point>
					<coordinates>-70.74536421885121,-33.11640262811525,602.9075602907567</coordinates>
				</Point>
			</Placemark>
			<Placemark id="0AA55DD7EF331982FE0F">
				<name>Canaleta de Realave Sur Oeste</name>
				<LookAt>
					<longitude>-70.71131802662165</longitude>
					<latitude>-33.14978162122441</latitude>
					<altitude>799.12087129772</altitude>
					<heading>-9.803413492397702</heading>
					<tilt>26.39455762012454</tilt>
					<range>811.1461666626565</range>
					<altitudeMode>absolute</altitudeMode>
					<gx:fovy>30.00000921045683</gx:fovy>
				</LookAt>
				<styleUrl>#__managed_style_08C3A00A423D3D1AF1E302</styleUrl>
				<Point>
					<coordinates>-70.71026265366618,-33.14940540701828,788.5653978492256</coordinates>
				</Point>
			</Placemark>
			<Placemark id="06DAAC189D331983ABF2">
				<name>Fin Camino la Reina</name>
				<LookAt>
					<longitude>-70.71262116014481</longitude>
					<latitude>-33.15317771640792</latitude>
					<altitude>779.3867697350943</altitude>
					<heading>-9.803495400721127</heading>
					<tilt>26.39260346717701</tilt>
					<range>322.2367964205114</range>
					<altitudeMode>absolute</altitudeMode>
					<gx:fovy>30.00000921045683</gx:fovy>
				</LookAt>
				<styleUrl>#__managed_style_08C3A00A423D3D1AF1E302</styleUrl>
				<Point>
					<coordinates>-70.71236010794613,-33.15325159587729,776.6569511772766</coordinates>
				</Point>
			</Placemark>
			<Placemark id="08D58A589E3319843D3E">
				<name>Cajon de Relave Sur Oeste</name>
				<LookAt>
					<longitude>-70.71318943272937</longitude>
					<latitude>-33.15210581574475</latitude>
					<altitude>775.398327559585</altitude>
					<heading>-9.803355281389514</heading>
					<tilt>26.39334686062131</tilt>
					<range>508.2250484637916</range>
					<altitudeMode>absolute</altitudeMode>
					<gx:fovy>30.00000921045683</gx:fovy>
				</LookAt>
				<styleUrl>#__managed_style_08C3A00A423D3D1AF1E302</styleUrl>
				<Point>
					<coordinates>-70.71290489047749,-33.15172905651956,775.8087054942479</coordinates>
				</Point>
			</Placemark>
			<Placemark id="05F87D23F4331984EAC1">
				<name>Porton azul cola relave muro sur oeste</name>
				<LookAt>
					<longitude>-70.71635526378904</longitude>
					<latitude>-33.1540906750684</latitude>
					<altitude>760.7493710274103</altitude>
					<heading>-9.802346073777571</heading>
					<tilt>26.3930886711052</tilt>
					<range>443.6279665233451</range>
					<altitudeMode>absolute</altitudeMode>
					<gx:fovy>30.00000921045683</gx:fovy>
				</LookAt>
				<styleUrl>#__managed_style_08C3A00A423D3D1AF1E302</styleUrl>
				<Point>
					<coordinates>-70.7162757286343,-33.1541323646948,762.054215960429</coordinates>
				</Point>
			</Placemark>
			<Placemark id="04B85F4B613319879C4E">
				<name>Acceso Parapentes Colina</name>
				<Camera>
					<longitude>-70.60949976503679</longitude>
					<latitude>-33.19004381805805</latitude>
					<altitude>28990.15944360608</altitude>
					<heading>-3.370909736994212</heading>
					<tilt>3.719439837261968</tilt>
					<roll>-5.920906298521299</roll>
					<gx:altitudeMode>relativeToSeaFloor</gx:altitudeMode>
				</Camera>
				<styleUrl>#__managed_style_08C3A00A423D3D1AF1E3</styleUrl>
				<Point>
					<coordinates>-70.71293327229021,-33.1613893058492,747.8365005135331</coordinates>
				</Point>
			</Placemark>
			<Placemark id="05A478BC82331989370E">
				<name>Planta Reciclones ECSO</name>
				<LookAt>
					<longitude>-70.75663474727807</longitude>
					<latitude>-33.13460122940626</latitude>
					<altitude>762.5187637102447</altitude>
					<heading>-9.774400743163108</heading>
					<tilt>26.3928110510718</tilt>
					<range>374.1709128387447</range>
					<altitudeMode>absolute</altitudeMode>
					<gx:fovy>30.00000921045683</gx:fovy>
				</LookAt>
				<styleUrl>#__managed_style_08C3A00A423D3D1AF1E302</styleUrl>
				<Point>
					<coordinates>-70.75613483392094,-33.13438565638884,752.2827195284113</coordinates>
				</Point>
			</Placemark>
			<Placemark id="04F35FB94533198A3B74">
				<name>Cantera 2</name>
				<LookAt>
					<longitude>-70.76189289975258</longitude>
					<latitude>-33.13330983630088</latitude>
					<altitude>657.6884867617192</altitude>
					<heading>-9.77325699407568</heading>
					<tilt>26.39274512167497</tilt>
					<range>357.6703163025377</range>
					<altitudeMode>absolute</altitudeMode>
					<gx:fovy>30.00000921045683</gx:fovy>
				</LookAt>
				<styleUrl>#__managed_style_08C3A00A423D3D1AF1E302</styleUrl>
				<Point>
					<coordinates>-70.76172881521326,-33.13330760670223,657.0425416187477</coordinates>
				</Point>
			</Placemark>
			<Placemark id="0F5921D86233199F8551">
				<name>Piscina Sentina Muro Oeste</name>
				<LookAt>
					<longitude>-70.76427304800426</longitude>
					<latitude>-33.12952827461388</latitude>
					<altitude>590.9939090827698</altitude>
					<heading>-9.772652148300319</heading>
					<tilt>26.39377672684786</tilt>
					<range>615.7548320919159</range>
					<altitudeMode>absolute</altitudeMode>
					<gx:fovy>30.00000921045683</gx:fovy>
				</LookAt>
				<styleUrl>#__managed_style_08C3A00A423D3D1AF1E302</styleUrl>
				<Point>
					<coordinates>-70.76341575211923,-33.12953731247371,590.8480027380483</coordinates>
				</Point>
			</Placemark>
			<Placemark id="0C20CBBA2F3319A088FE">
				<name>Estacion de Vigilancia</name>
				<LookAt>
					<longitude>-70.76483780750839</longitude>
					<latitude>-33.12907363895535</latitude>
					<altitude>588.4367037274407</altitude>
					<heading>-9.772328798149818</heading>
					<tilt>26.39396057575688</tilt>
					<range>661.7502217589936</range>
					<altitudeMode>absolute</altitudeMode>
					<gx:fovy>30.00000921045683</gx:fovy>
				</LookAt>
				<styleUrl>#__managed_style_08C3A00A423D3D1AF1E302</styleUrl>
				<Point>
					<coordinates>-70.76474121742018,-33.12870919620869,589.6069967234907</coordinates>
				</Point>
			</Placemark>
			<Placemark id="0DE8FDD6053319A0CEE8">
				<name>Muro Oeste</name>
				<LookAt>
					<longitude>-70.75865696515474</longitude>
					<latitude>-33.12895141989766</latitude>
					<altitude>642.608993023742</altitude>
					<heading>-9.774194465153833</heading>
					<tilt>26.39743194550828</tilt>
					<range>1530.234431663412</range>
					<altitudeMode>absolute</altitudeMode>
					<gx:fovy>30.00000921045683</gx:fovy>
				</LookAt>
				<styleUrl>#__managed_style_08C3A00A423D3D1AF1E302</styleUrl>
				<Point>
					<coordinates>-70.75493049792411,-33.12961765880554,676.2356717090515</coordinates>
				</Point>
			</Placemark>
			<Placemark id="06958CFAB03319C9125C">
				<name>Planta Reciclones ECNO</name>
				<LookAt>
					<longitude>-70.75682285772578</longitude>
					<latitude>-33.12728145463038</latitude>
					<altitude>749.8689952533775</altitude>
					<heading>-9.77477323491639</heading>
					<tilt>26.39355520047003</tilt>
					<range>560.3471120352334</range>
					<altitudeMode>absolute</altitudeMode>
					<gx:fovy>30.00000921045683</gx:fovy>
				</LookAt>
				<styleUrl>#__managed_style_08C3A00A423D3D1AF1E302</styleUrl>
				<Point>
					<coordinates>-70.7554067869585,-33.12720309685105,734.7999179154942</coordinates>
				</Point>
			</Placemark>
			<Placemark id="05F879F48E3319CA78A8">
				<name>Bombeo Muro Oeste Sentina</name>
				<LookAt>
					<longitude>-70.75695891944312</longitude>
					<latitude>-33.12700039129869</latitude>
					<altitude>758.6422174489253</altitude>
					<heading>-9.774727546349535</heading>
					<tilt>26.39350656167602</tilt>
					<range>548.1790114369505</range>
					<altitudeMode>absolute</altitudeMode>
					<gx:fovy>30.00000921045683</gx:fovy>
				</LookAt>
				<styleUrl>#__managed_style_08C3A00A423D3D1AF1E302</styleUrl>
				<Point>
					<coordinates>-70.75672627136169,-33.12688825429279,760.9594838967263</coordinates>
				</Point>
			</Placemark>
			<Placemark id="05EBC3858E3319CAF492">
				<name>Canteras 1</name>
				<LookAt>
					<longitude>-70.75709598463955</longitude>
					<latitude>-33.11750032952671</latitude>
					<altitude>648.1244175110576</altitude>
					<heading>-9.774146900780849</heading>
					<tilt>26.39399726810139</tilt>
					<range>670.9361533580523</range>
					<altitudeMode>absolute</altitudeMode>
					<gx:fovy>30.00000921045683</gx:fovy>
				</LookAt>
				<styleUrl>#__managed_style_08C3A00A423D3D1AF1E302</styleUrl>
				<Point>
					<coordinates>-70.75665697047478,-33.1172734702043,655.5433475249808</coordinates>
				</Point>
			</Placemark>
			<Placemark id="08CB41A8EE3319CC36BA">
				<name>Carro CCTV - Termica</name>
				<LookAt>
					<longitude>-70.7569201947645</longitude>
					<latitude>-33.11111529550125</latitude>
					<altitude>655.2292852186706</altitude>
					<heading>-9.773936358588376</heading>
					<tilt>26.392860066221</tilt>
					<range>386.4274823337838</range>
					<altitudeMode>absolute</altitudeMode>
					<gx:fovy>30.00000921045683</gx:fovy>
				</LookAt>
				<styleUrl>#__managed_style_08C3A00A423D3D1AF1E302</styleUrl>
				<Point>
					<coordinates>-70.75643293641633,-33.11061538867791,680.4072676815507</coordinates>
				</Point>
			</Placemark>
			<Placemark id="030099418E3319CCCC2C">
				<name>Porton aeronautica Sentina</name>
				<LookAt>
					<longitude>-70.76219506660847</longitude>
					<latitude>-33.1035927461121</latitude>
					<altitude>585.535352776381</altitude>
					<heading>-9.771652793607782</heading>
					<tilt>26.39181520872061</tilt>
					<range>125.0197275818027</range>
					<altitudeMode>absolute</altitudeMode>
					<gx:fovy>30.00000921045683</gx:fovy>
				</LookAt>
				<styleUrl>#__managed_style_08C3A00A423D3D1AF1E302</styleUrl>
				<Point>
					<coordinates>-70.76212170495776,-33.10339623007551,587.3191828894631</coordinates>
				</Point>
			</Placemark>
			<Placemark id="0B89C772623319D39AA5">
				<name>Porton Naranjo</name>
				<LookAt>
					<longitude>-70.75831273290859</longitude>
					<latitude>-33.0999799413316</latitude>
					<altitude>589.8773434806934</altitude>
					<heading>-9.77383420498818</heading>
					<tilt>26.39257999957732</tilt>
					<range>316.3561063781527</range>
					<altitudeMode>absolute</altitudeMode>
					<gx:fovy>30.00000921045683</gx:fovy>
				</LookAt>
				<styleUrl>#__managed_style_08C3A00A423D3D1AF1E302</styleUrl>
				<Point>
					<coordinates>-70.75772280636841,-33.09998969510109,591.1076174220593</coordinates>
				</Point>
			</Placemark>
			<Placemark id="006582E4373319D4B881">
				<name>Pozos PBN</name>
				<LookAt>
					<longitude>-70.75046201700472</longitude>
					<latitude>-33.10160065090902</latitude>
					<altitude>593.6032895809647</altitude>
					<heading>-9.777999848260897</heading>
					<tilt>26.39678954211778</tilt>
					<range>1369.505382356001</range>
					<altitudeMode>absolute</altitudeMode>
					<gx:fovy>30.00000921045683</gx:fovy>
				</LookAt>
				<styleUrl>#__managed_style_08C3A00A423D3D1AF1E302</styleUrl>
				<Point>
					<coordinates>-70.74876933829604,-33.10161723018604,594.8860873058187</coordinates>
				</Point>
			</Placemark>
			<Placemark id="06B41DEAA53319D4DE45">
				<name>Transformadores</name>
				<LookAt>
					<longitude>-70.75046201700472</longitude>
					<latitude>-33.10160065090902</latitude>
					<altitude>593.6032895809647</altitude>
					<heading>-9.777999848260897</heading>
					<tilt>26.39678954211778</tilt>
					<range>1369.505382356001</range>
					<altitudeMode>absolute</altitudeMode>
					<gx:fovy>30.00000921045683</gx:fovy>
				</LookAt>
				<styleUrl>#__managed_style_08C3A00A423D3D1AF1E302</styleUrl>
				<Point>
					<coordinates>-70.74800869804092,-33.10170141890693,595.0324099296975</coordinates>
				</Point>
			</Placemark>
			<Placemark id="08C94027FA3319D5660E">
				<name>Piscinas Quilapilun</name>
				<LookAt>
					<longitude>-70.74134180611965</longitude>
					<latitude>-33.09362928657073</latitude>
					<altitude>606.7224118843081</altitude>
					<heading>-9.78224913710619</heading>
					<tilt>26.39339770372334</tilt>
					<range>520.9317501159967</range>
					<altitudeMode>absolute</altitudeMode>
					<gx:fovy>30.00000921045683</gx:fovy>
				</LookAt>
				<styleUrl>#__managed_style_08C3A00A423D3D1AF1E302</styleUrl>
				<Point>
					<coordinates>-70.74025749783405,-33.09345548840719,608.5539287366632</coordinates>
				</Point>
			</Placemark>
			<Placemark id="06346480833319D5C349">
				<name>Control Quilapilun</name>
				<LookAt>
					<longitude>-70.74086308292713</longitude>
					<latitude>-33.0931890766642</latitude>
					<altitude>608.0564857634597</altitude>
					<heading>-9.782404025890356</heading>
					<tilt>26.39199907213326</tilt>
					<range>171.0194978151594</range>
					<altitudeMode>absolute</altitudeMode>
					<gx:fovy>30.00000921045683</gx:fovy>
				</LookAt>
				<styleUrl>#__managed_style_08C3A00A423D3D1AF1E302</styleUrl>
				<Point>
					<coordinates>-70.74062392027993,-33.09297528816774,608.8818803944182</coordinates>
				</Point>
			</Placemark>
			<Placemark id="07CE0225593319D63F2D">
				<name>Camino La Virgen</name>
				<LookAt>
					<longitude>-70.7413752934154</longitude>
					<latitude>-33.09653332458942</latitude>
					<altitude>618.7920668232736</altitude>
					<heading>-9.782883096301912</heading>
					<tilt>26.4016797519363</tilt>
					<range>2592.954990007275</range>
					<altitudeMode>absolute</altitudeMode>
					<gx:fovy>30.00000921045683</gx:fovy>
				</LookAt>
				<styleUrl>#__managed_style_08C3A00A423D3D1AF1E302</styleUrl>
				<Point>
					<coordinates>-70.73647633554859,-33.0959764819384,613.4644307790244</coordinates>
				</Point>
			</Placemark>
			<Placemark id="0A35BA962A3319D6B9A3">
				<name>Tuberia Ovejeria</name>
				<LookAt>
					<longitude>-70.74232972308582</longitude>
					<latitude>-33.0926997427074</latitude>
					<altitude>602.3948884680414</altitude>
					<heading>-9.78356708548902</heading>
					<tilt>26.39212144259552</tilt>
					<range>201.6341977806951</range>
					<altitudeMode>absolute</altitudeMode>
					<gx:fovy>30.00000921045683</gx:fovy>
				</LookAt>
				<styleUrl>#__managed_style_08C3A00A423D3D1AF1E302</styleUrl>
				<Point>
					<coordinates>-70.74221586300033,-33.09264909176405,603.0429538607004</coordinates>
				</Point>
			</Placemark>
			<Placemark id="06E9AB42673319D7D988">
				<name>Pozos A -6, 5 Y 3</name>
				<LookAt>
					<longitude>-70.72248982905519</longitude>
					<latitude>-33.09306333521955</latitude>
					<altitude>627.3284423637483</altitude>
					<heading>5.689704445749016e-09</heading>
					<tilt>26.39344602244158</tilt>
					<range>533.0220666908281</range>
					<altitudeMode>absolute</altitudeMode>
					<gx:fovy>30.00000921045683</gx:fovy>
				</LookAt>
				<styleUrl>#__managed_style_08C3A00A423D3D1AF1E302</styleUrl>
				<Point>
					<coordinates>-70.72138678823629,-33.09308566707563,629.5125025049366</coordinates>
				</Point>
			</Placemark>
			<Placemark id="031D1B6ED8332ADA14DC">
				<name>copec</name>
				<LookAt>
					<longitude>-70.70488569208599</longitude>
					<latitude>-33.14076772172236</latitude>
					<altitude>746.0396417927772</altitude>
					<heading>-26.05308409181172</heading>
					<tilt>60.6450851513057</tilt>
					<range>334.8168556698147</range>
					<altitudeMode>absolute</altitudeMode>
					<gx:fovy>35</gx:fovy>
				</LookAt>
				<styleUrl>#__managed_style_08C3A00A423D3D1AF1E302</styleUrl>
				<Point>
					<coordinates>-70.70422766313355,-33.14073252090358,738.5581394884861</coordinates>
				</Point>
			</Placemark>
			<Placemark id="0594AD582534715CBE02">
				<name>Espesador Mixto</name>
				<LookAt>
					<longitude>-70.7053153645942</longitude>
					<latitude>-33.13895725202902</latitude>
					<altitude>748.1001621361319</altitude>
					<heading>0</heading>
					<tilt>0</tilt>
					<range>400.4064255924459</range>
					<altitudeMode>absolute</altitudeMode>
					<gx:fovy>35</gx:fovy>
				</LookAt>
				<styleUrl>#__managed_style_08C3A00A423D3D1AF1E302</styleUrl>
				<Point>
					<coordinates>-70.70510164074193,-33.13886777134631,747.6888795668006</coordinates>
				</Point>
			</Placemark>
			<Placemark id="0DBB506B4034715D8D9D">
				<name>Flotacion Colectiva</name>
				<LookAt>
					<longitude>-70.70782510832578</longitude>
					<latitude>-33.14092314477306</latitude>
					<altitude>790.1308904274786</altitude>
					<heading>0</heading>
					<tilt>0</tilt>
					<range>994.2367784115779</range>
					<altitudeMode>absolute</altitudeMode>
					<gx:fovy>35</gx:fovy>
				</LookAt>
				<styleUrl>#__managed_style_08C3A00A423D3D1AF1E302</styleUrl>
				<Point>
					<coordinates>-70.70980254754402,-33.14168960236226,835.9250082916921</coordinates>
				</Point>
			</Placemark>
			<Placemark id="08FE634D2F3A8D21E984">
				<name>Marcador sin título</name>
				<LookAt>
					<longitude>-70.70955086826177</longitude>
					<latitude>-33.14221540875142</latitude>
					<altitude>833.801408779081</altitude>
					<heading>359.6270120994468</heading>
					<tilt>0</tilt>
					<range>132.8592608452527</range>
					<altitudeMode>absolute</altitudeMode>
					<gx:fovy>35</gx:fovy>
				</LookAt>
				<styleUrl>#__managed_style_02E2BCAC973D3D1AF1EC</styleUrl>
				<Point>
					<coordinates>-70.70957566743009,-33.14221287627226,833.7865342788355</coordinates>
				</Point>
			</Placemark>
		</Folder>
		<Folder id="099F41EB29331526651D">
			<name>Los Bronces</name>
			<open>1</open>
			<styleUrl>#__managed_style_08C3A00A423D3D1AF1E302</styleUrl>
			<Placemark id="0FD808ADA43CC46683FB">
				<name>Stockpile</name>
				<LookAt>
					<longitude>-70.28815944865897</longitude>
					<latitude>-33.14595019610849</latitude>
					<altitude>3398.399261456916</altitude>
					<heading>0</heading>
					<tilt>0</tilt>
					<range>583.8824344635213</range>
					<altitudeMode>absolute</altitudeMode>
					<gx:fovy>30.00000338</gx:fovy>
				</LookAt>
				<styleUrl>#msn_red-pushpin6</styleUrl>
				<Point>
					<coordinates>-70.28643780899725,-33.14574163168734,3412.028075656493</coordinates>
				</Point>
			</Placemark>
			<Placemark id="0EE3633355331A0A54CD">
				<name>Cerro el Choclo</name>
				<styleUrl>#msn_red-pushpin3</styleUrl>
				<Point>
					<extrude>1</extrude>
					<coordinates>-70.27241939999999,-33.1303417,0</coordinates>
				</Point>
			</Placemark>
			<Placemark id="0692F0C317331A2083A3">
				<name>Domo</name>
				<LookAt>
					<longitude>-70.27193474752475</longitude>
					<latitude>-33.132025627777</latitude>
					<altitude>3851.499150372819</altitude>
					<heading>0</heading>
					<tilt>0</tilt>
					<range>264.2467673087594</range>
					<altitudeMode>absolute</altitudeMode>
					<gx:fovy>34.99999949962673</gx:fovy>
				</LookAt>
				<styleUrl>#msn_red-pushpin3</styleUrl>
				<Point>
					<coordinates>-70.27148183433948,-33.13204270618604,3857.57535852046</coordinates>
				</Point>
			</Placemark>
			<Placemark id="09DD85A14F331A279FB5">
				<name>Choquera Don2</name>
				<LookAt>
					<longitude>-70.27179697305684</longitude>
					<latitude>-33.13305661631239</latitude>
					<altitude>3847.304166365157</altitude>
					<heading>0</heading>
					<tilt>0</tilt>
					<range>383.1848434729545</range>
					<altitudeMode>absolute</altitudeMode>
					<gx:fovy>30.00013593692357</gx:fovy>
				</LookAt>
				<styleUrl>#msn_red-pushpin3</styleUrl>
				<Point>
					<coordinates>-70.27187349941045,-33.13286655004407,3852.884100828717</coordinates>
				</Point>
			</Placemark>
			<Placemark id="0F7DD5EBC7331A28251E">
				<name>Teodolito 1</name>
				<LookAt>
					<longitude>-70.28698076479033</longitude>
					<latitude>-33.13890178765157</latitude>
					<altitude>3561.371778283736</altitude>
					<heading>0</heading>
					<tilt>0</tilt>
					<range>1303.295603052102</range>
					<altitudeMode>absolute</altitudeMode>
					<gx:fovy>30.00013593692357</gx:fovy>
				</LookAt>
				<styleUrl>#msn_red-pushpin3</styleUrl>
				<Point>
					<coordinates>-70.28794298723169,-33.13851105928678,3595.990619074914</coordinates>
				</Point>
			</Placemark>
			<Placemark id="0554F9B734331A2AA488">
				<name>Curva Loro</name>
				<LookAt>
					<longitude>-70.28163351030651</longitude>
					<latitude>-33.1427282045352</latitude>
					<altitude>3362.766916656823</altitude>
					<heading>0</heading>
					<tilt>0</tilt>
					<range>742.7994126977866</range>
					<altitudeMode>absolute</altitudeMode>
					<gx:fovy>30.00013593692357</gx:fovy>
				</LookAt>
				<styleUrl>#msn_red-pushpin3</styleUrl>
				<Point>
					<coordinates>-70.28245930338329,-33.14295913823788,3403.349222039893</coordinates>
				</Point>
			</Placemark>
			<Placemark id="07EE73120F331A2C2EDC">
				<name>Manifold</name>
				<LookAt>
					<longitude>-70.28159922826971</longitude>
					<latitude>-33.14280053930995</latitude>
					<altitude>3364.545514560055</altitude>
					<heading>0</heading>
					<tilt>0</tilt>
					<range>480.8843814174179</range>
					<altitudeMode>absolute</altitudeMode>
					<gx:fovy>30.00013593692357</gx:fovy>
				</LookAt>
				<styleUrl>#msn_red-pushpin3</styleUrl>
				<Point>
					<coordinates>-70.28156003082019,-33.14292179242036,3371.111669403138</coordinates>
				</Point>
			</Placemark>
			<Placemark id="0EE9EF0F15331A2C656A">
				<name>Booster</name>
				<LookAt>
					<longitude>-70.28159922826971</longitude>
					<latitude>-33.14280053930995</latitude>
					<altitude>3364.545514560055</altitude>
					<heading>0</heading>
					<tilt>0</tilt>
					<range>480.8843814174179</range>
					<altitudeMode>absolute</altitudeMode>
					<gx:fovy>30.00013593692357</gx:fovy>
				</LookAt>
				<styleUrl>#msn_red-pushpin3</styleUrl>
				<Point>
					<coordinates>-70.28138707075905,-33.14307717837806,3364.005627934163</coordinates>
				</Point>
			</Placemark>
			<Placemark id="016726AB2E331A2C947A">
				<name>Sala Electrica</name>
				<LookAt>
					<longitude>-70.28159922826971</longitude>
					<latitude>-33.14280053930995</latitude>
					<altitude>3364.545514560055</altitude>
					<heading>0</heading>
					<tilt>0</tilt>
					<range>480.8843814174179</range>
					<altitudeMode>absolute</altitudeMode>
					<gx:fovy>30.00013593692357</gx:fovy>
				</LookAt>
				<styleUrl>#msn_red-pushpin3</styleUrl>
				<Point>
					<coordinates>-70.28113263363139,-33.14337785816142,3342.052705336536</coordinates>
				</Point>
			</Placemark>
			<Placemark id="0493A8E5B5331A2CDC98">
				<name>Lubricentro</name>
				<LookAt>
					<longitude>-70.2846049039526</longitude>
					<latitude>-33.14352205582784</latitude>
					<altitude>3486.827203942556</altitude>
					<heading>0</heading>
					<tilt>0</tilt>
					<range>751.8052543498197</range>
					<altitudeMode>absolute</altitudeMode>
					<gx:fovy>30.00013593692357</gx:fovy>
				</LookAt>
				<styleUrl>#msn_red-pushpin3</styleUrl>
				<Point>
					<coordinates>-70.28486631949526,-33.14298395570157,3495.348300167812</coordinates>
				</Point>
			</Placemark>
			<Placemark id="071B2CDC07331A2D12B7">
				<name>Chancador 1</name>
				<LookAt>
					<longitude>-70.2846049039526</longitude>
					<latitude>-33.14352205582784</latitude>
					<altitude>3486.827203942556</altitude>
					<heading>0</heading>
					<tilt>0</tilt>
					<range>751.8052543498197</range>
					<altitudeMode>absolute</altitudeMode>
					<gx:fovy>30.00013593692357</gx:fovy>
				</LookAt>
				<styleUrl>#msn_red-pushpin3</styleUrl>
				<Point>
					<coordinates>-70.28401378177128,-33.14411570284014,3492.376303195452</coordinates>
				</Point>
			</Placemark>
			<Placemark id="0BDD4998CF331A2D5811">
				<name>Choquera Chancador</name>
				<LookAt>
					<longitude>-70.28449568466274</longitude>
					<latitude>-33.14437080755975</latitude>
					<altitude>3488.435679208643</altitude>
					<heading>0</heading>
					<tilt>0</tilt>
					<range>750.1968216646492</range>
					<altitudeMode>absolute</altitudeMode>
					<gx:fovy>30.00013593692357</gx:fovy>
				</LookAt>
				<styleUrl>#msn_red-pushpin3</styleUrl>
				<Point>
					<coordinates>-70.28403094432761,-33.1448680190945,3486.750032211894</coordinates>
				</Point>
			</Placemark>
			<Placemark id="0F6A2B58B0331A2DA9B0">
				<name>Tub. Donoso Norte. Aguas de Contacto</name>
				<LookAt>
					<longitude>-70.28476126909217</longitude>
					<latitude>-33.14472484527978</latitude>
					<altitude>3478.258673644865</altitude>
					<heading>0</heading>
					<tilt>0</tilt>
					<range>760.373920122729</range>
					<altitudeMode>absolute</altitudeMode>
					<gx:fovy>30.00013593692357</gx:fovy>
				</LookAt>
				<styleUrl>#msn_red-pushpin3</styleUrl>
				<Point>
					<coordinates>-70.28514698530336,-33.14497687125979,3451.082931940497</coordinates>
				</Point>
			</Placemark>
			<Placemark id="0B3E319995331A2E067A">
				<name>Chancador 2</name>
				<LookAt>
					<longitude>-70.28446403895259</longitude>
					<latitude>-33.14501947656819</latitude>
					<altitude>3475.417213411085</altitude>
					<heading>0</heading>
					<tilt>0</tilt>
					<range>763.2153547386406</range>
					<altitudeMode>absolute</altitudeMode>
					<gx:fovy>30.00013593692357</gx:fovy>
				</LookAt>
				<styleUrl>#msn_red-pushpin3</styleUrl>
				<Point>
					<coordinates>-70.28323544039857,-33.14583695739071,3489.107141094211</coordinates>
				</Point>
			</Placemark>
			<Placemark id="0AD5408F7F331A2E5AAF">
				<name>Almacenamiento Transporte de Agua</name>
				<LookAt>
					<longitude>-70.28637490213198</longitude>
					<latitude>-33.14457421851476</latitude>
					<altitude>3432.015772470928</altitude>
					<heading>0</heading>
					<tilt>0</tilt>
					<range>806.6168001957703</range>
					<altitudeMode>absolute</altitudeMode>
					<gx:fovy>30.00013593692357</gx:fovy>
				</LookAt>
				<styleUrl>#msn_red-pushpin3</styleUrl>
				<Point>
					<coordinates>-70.28625977598912,-33.14435281499645,3440.274421785407</coordinates>
				</Point>
			</Placemark>
			<Placemark id="080CA71FEA331A2EB32D">
				<name>Porton 38</name>
				<LookAt>
					<longitude>-70.28604126793969</longitude>
					<latitude>-33.14479067860659</latitude>
					<altitude>3430.551512969958</altitude>
					<heading>0</heading>
					<tilt>0</tilt>
					<range>460.9436728738365</range>
					<altitudeMode>absolute</altitudeMode>
					<gx:fovy>30.00013593692357</gx:fovy>
				</LookAt>
				<styleUrl>#msn_red-pushpin3</styleUrl>
				<Point>
					<coordinates>-70.28558426409239,-33.14506635553449,3439.289829682364</coordinates>
				</Point>
			</Placemark>
			<Placemark id="0B82EC4C5C331A2F1F3F">
				<name>Enaex</name>
				<LookAt>
					<longitude>-70.29847458313779</longitude>
					<latitude>-33.15765334789657</latitude>
					<altitude>3407.578644867808</altitude>
					<heading>0</heading>
					<tilt>0</tilt>
					<range>717.2969147014373</range>
					<altitudeMode>absolute</altitudeMode>
					<gx:fovy>30.00013593692357</gx:fovy>
				</LookAt>
				<styleUrl>#msn_red-pushpin3</styleUrl>
				<Point>
					<coordinates>-70.29807530850533,-33.15732389655975,3410.38469524633</coordinates>
				</Point>
			</Placemark>
			<Placemark id="02666C7C9D331A2F88B6">
				<name>Polvorin 1</name>
				<LookAt>
					<longitude>-70.29847458313779</longitude>
					<latitude>-33.15765334789657</latitude>
					<altitude>3407.578644867808</altitude>
					<heading>0</heading>
					<tilt>0</tilt>
					<range>717.2969147014373</range>
					<altitudeMode>absolute</altitudeMode>
					<gx:fovy>30.00013593692357</gx:fovy>
				</LookAt>
				<styleUrl>#msn_red-pushpin3</styleUrl>
				<Point>
					<coordinates>-70.29711015563032,-33.15716518209113,3403.489709908554</coordinates>
				</Point>
			</Placemark>
			<Placemark id="0A016B1576331A2FAD3C">
				<name>Polvorin 2</name>
				<LookAt>
					<longitude>-70.29847457453481</longitude>
					<latitude>-33.15765334483657</latitude>
					<altitude>0</altitude>
					<heading>-4.70534122074926e-09</heading>
					<tilt>0</tilt>
					<range>713.7209630797712</range>
					<gx:altitudeMode>relativeToSeaFloor</gx:altitudeMode>
				</LookAt>
				<styleUrl>#msn_red-pushpin3</styleUrl>
				<Point>
					<coordinates>-70.29881592874059,-33.1575602857994,3409.480103873324</coordinates>
				</Point>
			</Placemark>
			<Placemark id="0040BC7F30331A30D5A8">
				<name>Curva 7</name>
				<LookAt>
					<longitude>-70.27667630755442</longitude>
					<latitude>-33.16228344864508</latitude>
					<altitude>3853.080086811511</altitude>
					<heading>0</heading>
					<tilt>0</tilt>
					<range>820.7359447529598</range>
					<altitudeMode>absolute</altitudeMode>
					<gx:fovy>30.00013593692357</gx:fovy>
				</LookAt>
				<styleUrl>#msn_red-pushpin3</styleUrl>
				<Point>
					<coordinates>-70.2754176167455,-33.16225212867452,3868.387012474494</coordinates>
				</Point>
			</Placemark>
			<Placemark id="0845231C79331A312913">
				<name>Curva 6</name>
				<LookAt>
					<longitude>-70.28059741809935</longitude>
					<latitude>-33.16254104101264</latitude>
					<altitude>3793.876030862478</altitude>
					<heading>0</heading>
					<tilt>0</tilt>
					<range>879.9399701639777</range>
					<altitudeMode>absolute</altitudeMode>
					<gx:fovy>30.00013593692357</gx:fovy>
				</LookAt>
				<styleUrl>#msn_red-pushpin3</styleUrl>
				<Point>
					<coordinates>-70.28116943701507,-33.16269363504266,3799.661064338331</coordinates>
				</Point>
			</Placemark>
			<Placemark id="0FD6BF6E38331A3177A0">
				<name>Mirador INF</name>
				<LookAt>
					<longitude>-70.27632031323729</longitude>
					<latitude>-33.16039497283146</latitude>
					<altitude>3762.96640451503</altitude>
					<heading>0</heading>
					<tilt>0</tilt>
					<range>910.8496166701661</range>
					<altitudeMode>absolute</altitudeMode>
					<gx:fovy>30.00013593692357</gx:fovy>
				</LookAt>
				<styleUrl>#msn_red-pushpin3</styleUrl>
				<Point>
					<coordinates>-70.27386460739956,-33.16061175611827,3860.127469780512</coordinates>
				</Point>
			</Placemark>
			<Placemark id="08A811BB83331A323A4E">
				<name>Cachimba INF05</name>
				<LookAt>
					<longitude>-70.27480499195363</longitude>
					<latitude>-33.15877795700004</latitude>
					<altitude>3744.482243465746</altitude>
					<heading>0</heading>
					<tilt>0</tilt>
					<range>494.414351398882</range>
					<altitudeMode>absolute</altitudeMode>
					<gx:fovy>30.00013593692357</gx:fovy>
				</LookAt>
				<styleUrl>#msn_red-pushpin3</styleUrl>
				<Point>
					<coordinates>-70.27433432813905,-33.15895142913387,3785.964078154208</coordinates>
				</Point>
			</Placemark>
			<Placemark id="0096B4ECD0331A329432">
				<name>Curva 5</name>
				<LookAt>
					<longitude>-70.27416360386438</longitude>
					<latitude>-33.1581565389648</latitude>
					<altitude>3759.864180424586</altitude>
					<heading>0</heading>
					<tilt>0</tilt>
					<range>479.0323985181749</range>
					<altitudeMode>absolute</altitudeMode>
					<gx:fovy>30.00013593692357</gx:fovy>
				</LookAt>
				<styleUrl>#msn_red-pushpin3</styleUrl>
				<Point>
					<coordinates>-70.27365214261862,-33.1578811571092,3790.406219627861</coordinates>
				</Point>
			</Placemark>
			<Placemark id="0DF9FD7918331A32CCC0">
				<name>Teodolito 3</name>
				<LookAt>
					<longitude>-70.27386597453673</longitude>
					<latitude>-33.15760018066251</latitude>
					<altitude>3758.93420399672</altitude>
					<heading>0</heading>
					<tilt>0</tilt>
					<range>479.9623765148863</range>
					<altitudeMode>absolute</altitudeMode>
					<gx:fovy>30.00013593692357</gx:fovy>
				</LookAt>
				<styleUrl>#msn_red-pushpin3</styleUrl>
				<Point>
					<coordinates>-70.27329506283826,-33.15737978157826,3800.289830531091</coordinates>
				</Point>
			</Placemark>
			<Placemark id="04966394B4331A33F679">
				<name>Cachimba BGAR</name>
				<LookAt>
					<longitude>-70.29389959968316</longitude>
					<latitude>-33.15217764845499</latitude>
					<altitude>3354.341065629356</altitude>
					<heading>0</heading>
					<tilt>0</tilt>
					<range>470.6456305450411</range>
					<altitudeMode>absolute</altitudeMode>
					<gx:fovy>30.00013593692357</gx:fovy>
				</LookAt>
				<styleUrl>#msn_red-pushpin3</styleUrl>
				<Point>
					<coordinates>-70.29381852035664,-33.15183087543726,3357.817731764242</coordinates>
				</Point>
			</Placemark>
			<Placemark id="0B9BF240CF331A35CCE9">
				<name>Cachimba San Fco.</name>
				<LookAt>
					<longitude>-70.29249282345936</longitude>
					<latitude>-33.15914672852507</latitude>
					<altitude>3548.32580903631</altitude>
					<heading>0</heading>
					<tilt>0</tilt>
					<range>497.0109842103558</range>
					<altitudeMode>absolute</altitudeMode>
					<gx:fovy>30.00013593692357</gx:fovy>
				</LookAt>
				<styleUrl>#msn_red-pushpin3</styleUrl>
				<Point>
					<coordinates>-70.29207523485746,-33.15879810070457,3545.647133141147</coordinates>
				</Point>
			</Placemark>
			<Placemark id="09D22F6F78331A36082B">
				<name>Instalaciones ICV</name>
				<LookAt>
					<longitude>-70.29249282345936</longitude>
					<latitude>-33.15914672852507</latitude>
					<altitude>3548.32580903631</altitude>
					<heading>0</heading>
					<tilt>0</tilt>
					<range>497.0109842103558</range>
					<altitudeMode>absolute</altitudeMode>
					<gx:fovy>30.00013593692357</gx:fovy>
				</LookAt>
				<styleUrl>#msn_red-pushpin3</styleUrl>
				<Point>
					<coordinates>-70.28825936642444,-33.15787645654124,3575.701251015671</coordinates>
				</Point>
			</Placemark>
			<Placemark id="0856B81B4A331A36E216">
				<name>Plataforma S&amp;E Mina</name>
				<LookAt>
					<longitude>-70.29334052851551</longitude>
					<latitude>-33.15940944102186</latitude>
					<altitude>3550.009575954447</altitude>
					<heading>0</heading>
					<tilt>0</tilt>
					<range>225.6098482416201</range>
					<altitudeMode>absolute</altitudeMode>
					<gx:fovy>30.00013593692357</gx:fovy>
				</LookAt>
				<styleUrl>#msn_red-pushpin3</styleUrl>
				<Point>
					<coordinates>-70.29339614321644,-33.15932796447751,3553.518084122635</coordinates>
				</Point>
			</Placemark>
			<Placemark id="0AC51F0B0F331A3745F7">
				<name>Containers</name>
				<LookAt>
					<longitude>-70.29365933759676</longitude>
					<latitude>-33.16031429481282</latitude>
					<altitude>3551.007831861326</altitude>
					<heading>0</heading>
					<tilt>0</tilt>
					<range>570.9448375664942</range>
					<altitudeMode>absolute</altitudeMode>
					<gx:fovy>30.00013593692357</gx:fovy>
				</LookAt>
				<styleUrl>#msn_red-pushpin3</styleUrl>
				<Point>
					<coordinates>-70.29358898182383,-33.15981570906999,3553.525012528187</coordinates>
				</Point>
			</Placemark>
			<Placemark id="076DF71F68331A3775E8">
				<name>Choquera San Francisco</name>
				<LookAt>
					<longitude>-70.29367756147494</longitude>
					<latitude>-33.16049736606202</latitude>
					<altitude>3550.642391907014</altitude>
					<heading>0</heading>
					<tilt>0</tilt>
					<range>571.3103483083978</range>
					<altitudeMode>absolute</altitudeMode>
					<gx:fovy>30.00013593692357</gx:fovy>
				</LookAt>
				<styleUrl>#msn_red-pushpin3</styleUrl>
				<Point>
					<coordinates>-70.29374526944916,-33.16044395492973,3554.297925080849</coordinates>
				</Point>
			</Placemark>
			<Placemark id="06062C4449331A37B52E">
				<name>Punto Encuentro Lesionados</name>
				<LookAt>
					<longitude>-70.29386097901119</longitude>
					<latitude>-33.16076058724397</latitude>
					<altitude>3549.706514250719</altitude>
					<heading>0</heading>
					<tilt>0</tilt>
					<range>572.2462134153466</range>
					<altitudeMode>absolute</altitudeMode>
					<gx:fovy>30.00013593692357</gx:fovy>
				</LookAt>
				<styleUrl>#msn_red-pushpin3</styleUrl>
				<Point>
					<coordinates>-70.31383810894803,-33.16542477863942,3550.312262465924</coordinates>
				</Point>
			</Placemark>
			<Placemark id="07519E03F3331A3827B7">
				<name>Instalaciones ROCMIN</name>
				<LookAt>
					<longitude>-70.29435291026309</longitude>
					<latitude>-33.1614565121851</latitude>
					<altitude>3549.576485530384</altitude>
					<heading>0</heading>
					<tilt>0</tilt>
					<range>279.7959697464466</range>
					<altitudeMode>absolute</altitudeMode>
					<gx:fovy>30.00013593692357</gx:fovy>
				</LookAt>
				<styleUrl>#msn_red-pushpin3</styleUrl>
				<Point>
					<coordinates>-70.30162708825884,-33.1651673606649,3554.1188812717</coordinates>
				</Point>
			</Placemark>
			<Placemark id="03334F6C3C331A3859A9">
				<name>Generador Pala SMR03</name>
				<LookAt>
					<longitude>-70.29442077334279</longitude>
					<latitude>-33.16177317646359</latitude>
					<altitude>3552.193063971828</altitude>
					<heading>0</heading>
					<tilt>0</tilt>
					<range>277.1793810219242</range>
					<altitudeMode>absolute</altitudeMode>
					<gx:fovy>30.00013593692357</gx:fovy>
				</LookAt>
				<styleUrl>#msn_red-pushpin3</styleUrl>
				<Point>
					<coordinates>-70.29402831867242,-33.16194474396347,3559.875524705969</coordinates>
				</Point>
			</Placemark>
			<Placemark id="06058D72B6331A398610">
				<name>Overland</name>
				<LookAt>
					<longitude>-70.28801043156295</longitude>
					<latitude>-33.14419287876139</latitude>
					<altitude>3411.020618992431</altitude>
					<heading>0</heading>
					<tilt>0</tilt>
					<range>577.5629692876829</range>
					<altitudeMode>absolute</altitudeMode>
					<gx:fovy>30.00013593692357</gx:fovy>
				</LookAt>
				<styleUrl>#msn_red-pushpin3</styleUrl>
				<Point>
					<coordinates>-70.28803400697248,-33.14401851205218,3417.315199172403</coordinates>
				</Point>
			</Placemark>
			<Placemark id="04AAD390CE331A3C3C04">
				<name>Correa 3</name>
				<LookAt>
					<longitude>-70.2878482559407</longitude>
					<latitude>-33.1443749852007</latitude>
					<altitude>3408.670551174866</altitude>
					<heading>0</heading>
					<tilt>0</tilt>
					<range>328.6919896182008</range>
					<altitudeMode>absolute</altitudeMode>
					<gx:fovy>30.00013593692357</gx:fovy>
				</LookAt>
				<styleUrl>#msn_red-pushpin3</styleUrl>
				<Point>
					<coordinates>-70.28796387039498,-33.14423051508865,3411.16015214563</coordinates>
				</Point>
			</Placemark>
			<Placemark id="0F73DFACBA331A3C7156">
				<name>Porton 26</name>
				<LookAt>
					<longitude>-70.2878482559407</longitude>
					<latitude>-33.1443749852007</latitude>
					<altitude>3408.670551174866</altitude>
					<heading>0</heading>
					<tilt>0</tilt>
					<range>328.6919896182008</range>
					<altitudeMode>absolute</altitudeMode>
					<gx:fovy>30.00013593692357</gx:fovy>
				</LookAt>
				<styleUrl>#msn_red-pushpin3</styleUrl>
				<Point>
					<coordinates>-70.28774813168997,-33.14441439949586,3413.096384106954</coordinates>
				</Point>
			</Placemark>
			<Placemark id="0B889BD54E331A3C9F8E">
				<name>Porton 27</name>
				<LookAt>
					<longitude>-70.2878482559407</longitude>
					<latitude>-33.1443749852007</latitude>
					<altitude>3408.670551174866</altitude>
					<heading>0</heading>
					<tilt>0</tilt>
					<range>328.6919896182008</range>
					<altitudeMode>absolute</altitudeMode>
					<gx:fovy>30.00013593692357</gx:fovy>
				</LookAt>
				<styleUrl>#msn_red-pushpin3</styleUrl>
				<Point>
					<coordinates>-70.28759704556728,-33.1444901102743,3414.841567437611</coordinates>
				</Point>
			</Placemark>
			<Placemark id="082039E91B331A3D2207">
				<name>Correa 4</name>
				<LookAt>
					<longitude>-70.28772754148372</longitude>
					<latitude>-33.144462822156</latitude>
					<altitude>3409.906163245074</altitude>
					<heading>0</heading>
					<tilt>0</tilt>
					<range>327.4563686187321</range>
					<altitudeMode>absolute</altitudeMode>
					<gx:fovy>30.00013593692357</gx:fovy>
				</LookAt>
				<styleUrl>#msn_red-pushpin3</styleUrl>
				<Point>
					<coordinates>-70.28702525843374,-33.14460135502967,3423.94651369269</coordinates>
				</Point>
			</Placemark>
			<Placemark id="01B13F061B331A3DFEC5">
				<name>Porton 28</name>
				<LookAt>
					<longitude>-70.28772754148372</longitude>
					<latitude>-33.144462822156</latitude>
					<altitude>3409.906163245074</altitude>
					<heading>0</heading>
					<tilt>0</tilt>
					<range>327.4563686187321</range>
					<altitudeMode>absolute</altitudeMode>
					<gx:fovy>30.00013593692357</gx:fovy>
				</LookAt>
				<styleUrl>#msn_red-pushpin3</styleUrl>
				<Point>
					<coordinates>-70.28728609411756,-33.14473045623194,3417.049036441393</coordinates>
				</Point>
			</Placemark>
			<Placemark id="07617A6763331A3EF7AE">
				<name>Planta Molienda</name>
				<LookAt>
					<longitude>-70.28833247032335</longitude>
					<latitude>-33.14472617359301</latitude>
					<altitude>3409.91406861862</altitude>
					<heading>0</heading>
					<tilt>0</tilt>
					<range>327.4484882349498</range>
					<altitudeMode>absolute</altitudeMode>
					<gx:fovy>30.00013593692357</gx:fovy>
				</LookAt>
				<styleUrl>#msn_red-pushpin3</styleUrl>
				<Point>
					<coordinates>-70.2875892567243,-33.14493491768709,3409.947967830749</coordinates>
				</Point>
			</Placemark>
			<Placemark id="074A92ED26331A3F4EFA">
				<name>Porton 29 (acceso principal)</name>
				<LookAt>
					<longitude>-70.28758806046136</longitude>
					<latitude>-33.14465691552528</latitude>
					<altitude>3411.500891789839</altitude>
					<heading>0</heading>
					<tilt>0</tilt>
					<range>325.8616570723825</range>
					<altitudeMode>absolute</altitudeMode>
					<gx:fovy>30.00013593692357</gx:fovy>
				</LookAt>
				<styleUrl>#msn_red-pushpin3</styleUrl>
				<Point>
					<coordinates>-70.28693902487369,-33.14498580017008,3418.809743216432</coordinates>
				</Point>
			</Placemark>
			<Placemark id="05CCE35C0B331A3FC54D">
				<name>Espesador</name>
				<LookAt>
					<longitude>-70.28863175218463</longitude>
					<latitude>-33.14580099634912</latitude>
					<altitude>3395.035738890128</altitude>
					<heading>0</heading>
					<tilt>0</tilt>
					<range>480.5366247166239</range>
					<altitudeMode>absolute</altitudeMode>
					<gx:fovy>30.00013593692357</gx:fovy>
				</LookAt>
				<styleUrl>#msn_red-pushpin3</styleUrl>
				<Point>
					<coordinates>-70.28816236054149,-33.14622965201313,3400.077454107768</coordinates>
				</Point>
			</Placemark>
			<Placemark id="03C29FBE3E331A4012AB">
				<name>Pre Chancado</name>
				<LookAt>
					<longitude>-70.28789821315978</longitude>
					<latitude>-33.14626980053148</latitude>
					<altitude>3396.323566132093</altitude>
					<heading>0</heading>
					<tilt>0</tilt>
					<range>479.2488772961952</range>
					<altitudeMode>absolute</altitudeMode>
					<gx:fovy>30.00013593692357</gx:fovy>
				</LookAt>
				<styleUrl>#msn_red-pushpin3</styleUrl>
				<Point>
					<coordinates>-70.28705314266657,-33.14644623450598,3404.894269528234</coordinates>
				</Point>
			</Placemark>
			<Placemark id="0DC2E948B7331A406036">
				<name>Petrolera</name>
				<LookAt>
					<longitude>-70.28617068877818</longitude>
					<latitude>-33.14597324636068</latitude>
					<altitude>3412.183312781769</altitude>
					<heading>0</heading>
					<tilt>0</tilt>
					<range>315.9633619570013</range>
					<altitudeMode>absolute</altitudeMode>
					<gx:fovy>30.00013593692357</gx:fovy>
				</LookAt>
				<styleUrl>#msn_red-pushpin3</styleUrl>
				<Point>
					<coordinates>-70.28561377827282,-33.14597982567524,3419.149030139968</coordinates>
				</Point>
			</Placemark>
			<Placemark id="0E124F0AA1331A408CAA">
				<name>Casino 220</name>
				<LookAt>
					<longitude>-70.28629764680321</longitude>
					<latitude>-33.14639481952268</latitude>
					<altitude>3407.614898807834</altitude>
					<heading>0</heading>
					<tilt>0</tilt>
					<range>320.5317826788087</range>
					<altitudeMode>absolute</altitudeMode>
					<gx:fovy>30.00013593692357</gx:fovy>
				</LookAt>
				<styleUrl>#msn_red-pushpin3</styleUrl>
				<Point>
					<coordinates>-70.28582509758893,-33.14644761290844,3413.735975192697</coordinates>
				</Point>
			</Placemark>
			<Placemark id="0DA105E166331A40B7A7">
				<name>Refugio 220</name>
				<LookAt>
					<longitude>-70.28631512988463</longitude>
					<latitude>-33.14658999513753</latitude>
					<altitude>3406.248807000504</altitude>
					<heading>0</heading>
					<tilt>0</tilt>
					<range>321.8978240298748</range>
					<altitudeMode>absolute</altitudeMode>
					<gx:fovy>30.00013593692357</gx:fovy>
				</LookAt>
				<styleUrl>#msn_red-pushpin3</styleUrl>
				<Point>
					<coordinates>-70.28592599216169,-33.14675412196818,3411.999285257982</coordinates>
				</Point>
			</Placemark>
			<Placemark id="0B498AB205331A413314">
				<name>Naves de Mantención</name>
				<LookAt>
					<longitude>-70.28851207924727</longitude>
					<latitude>-33.14741531866589</latitude>
					<altitude>3394.015774957425</altitude>
					<heading>0</heading>
					<tilt>0</tilt>
					<range>580.2374788330053</range>
					<altitudeMode>absolute</altitudeMode>
					<gx:fovy>30.00013593692357</gx:fovy>
				</LookAt>
				<styleUrl>#msn_red-pushpin3</styleUrl>
				<Point>
					<coordinates>-70.28841705174564,-33.14728602823291,3398.559972232753</coordinates>
				</Point>
			</Placemark>
			<Placemark id="0C787555D1331A4187C9">
				<name>Edificio Titan</name>
				<LookAt>
					<longitude>-70.28851207924727</longitude>
					<latitude>-33.14741531866589</latitude>
					<altitude>3394.015774957425</altitude>
					<heading>0</heading>
					<tilt>0</tilt>
					<range>580.2374788330053</range>
					<altitudeMode>absolute</altitudeMode>
					<gx:fovy>30.00013593692357</gx:fovy>
				</LookAt>
				<styleUrl>#msn_red-pushpin3</styleUrl>
				<Point>
					<coordinates>-70.28682387049865,-33.14760134913153,3400.770779081773</coordinates>
				</Point>
			</Placemark>
			<Placemark id="0749E1C8BE331A41DA78">
				<name>Nuevas Naves Taller</name>
				<LookAt>
					<longitude>-70.28874558902935</longitude>
					<latitude>-33.14755972812468</latitude>
					<altitude>3393.208025550271</altitude>
					<heading>0</heading>
					<tilt>0</tilt>
					<range>581.0452645258921</range>
					<altitudeMode>absolute</altitudeMode>
					<gx:fovy>30.00013593692357</gx:fovy>
				</LookAt>
				<styleUrl>#msn_red-pushpin3</styleUrl>
				<Point>
					<coordinates>-70.28899778553551,-33.14774532209139,3395.255733905773</coordinates>
				</Point>
			</Placemark>
			<Placemark id="0322710CD1331A4251EE">
				<name>Patio Copec</name>
				<LookAt>
					<longitude>-70.28874558902935</longitude>
					<latitude>-33.14755972812468</latitude>
					<altitude>3393.208025550271</altitude>
					<heading>0</heading>
					<tilt>0</tilt>
					<range>581.0452645258921</range>
					<altitudeMode>absolute</altitudeMode>
					<gx:fovy>30.00013593692357</gx:fovy>
				</LookAt>
				<styleUrl>#msn_red-pushpin3</styleUrl>
				<Point>
					<coordinates>-70.28858687750534,-33.14782660165114,3397.346056860248</coordinates>
				</Point>
			</Placemark>
			<Placemark id="0A1E1D013E331A42E6DE">
				<name>Muestrera</name>
				<LookAt>
					<longitude>-70.28882228347742</longitude>
					<latitude>-33.14796272129357</latitude>
					<altitude>3391.400089700932</altitude>
					<heading>0</heading>
					<tilt>0</tilt>
					<range>582.8531636311527</range>
					<altitudeMode>absolute</altitudeMode>
					<gx:fovy>30.00013593692357</gx:fovy>
				</LookAt>
				<styleUrl>#msn_red-pushpin3</styleUrl>
				<Point>
					<coordinates>-70.28853651594977,-33.14813884406656,3397.171392538417</coordinates>
				</Point>
			</Placemark>
			<Placemark id="0B9B57D9CF331A4316BB">
				<name>Taller First</name>
				<LookAt>
					<longitude>-70.28881135621857</longitude>
					<latitude>-33.14823879774105</latitude>
					<altitude>3387.389307351232</altitude>
					<heading>0</heading>
					<tilt>0</tilt>
					<range>297.8556538587873</range>
					<altitudeMode>absolute</altitudeMode>
					<gx:fovy>30.00013593692357</gx:fovy>
				</LookAt>
				<styleUrl>#msn_red-pushpin3</styleUrl>
				<Point>
					<coordinates>-70.28879088849963,-33.14835247170353,3389.479722998296</coordinates>
				</Point>
			</Placemark>
			<Placemark id="02BFC65D9D331A43507A">
				<name>Bodega Sal</name>
				<LookAt>
					<longitude>-70.28882487293491</longitude>
					<latitude>-33.14841194822971</latitude>
					<altitude>3383.631129872143</altitude>
					<heading>0</heading>
					<tilt>0</tilt>
					<range>301.6138552397752</range>
					<altitudeMode>absolute</altitudeMode>
					<gx:fovy>30.00013593692357</gx:fovy>
				</LookAt>
				<styleUrl>#msn_red-pushpin3</styleUrl>
				<Point>
					<coordinates>-70.28856780458671,-33.14852126320355,3392.013324171335</coordinates>
				</Point>
			</Placemark>
			<Placemark id="0A64D47B5F331A4386B3">
				<name>Galpon Oficinas</name>
				<LookAt>
					<longitude>-70.28855803844118</longitude>
					<latitude>-33.14820076472408</latitude>
					<altitude>3392.706627180225</altitude>
					<heading>0</heading>
					<tilt>0</tilt>
					<range>292.5383649016658</range>
					<altitudeMode>absolute</altitudeMode>
					<gx:fovy>30.00013593692357</gx:fovy>
				</LookAt>
				<styleUrl>#msn_red-pushpin3</styleUrl>
				<Point>
					<coordinates>-70.28804154211218,-33.14814079301482,3398.009814833145</coordinates>
				</Point>
			</Placemark>
			<Placemark id="0BFBD6AB3B331A5B9D43">
				<name>Punto Encuentro Lesionados</name>
				<LookAt>
					<longitude>-70.28837682647453</longitude>
					<latitude>-33.14824332647778</latitude>
					<altitude>3393.654695774217</altitude>
					<heading>0</heading>
					<tilt>0</tilt>
					<range>615.0844895632326</range>
					<altitudeMode>absolute</altitudeMode>
					<gx:fovy>30.0000004546614</gx:fovy>
				</LookAt>
				<styleUrl>#msn_red-pushpin3</styleUrl>
				<Point>
					<coordinates>-70.28698149903961,-33.14793031049012,3402.343136141636</coordinates>
				</Point>
			</Placemark>
			<Placemark id="098E178FC3331A5D4E19">
				<name>Estacionamiento Edificio Titan</name>
				<LookAt>
					<longitude>-70.28837682647453</longitude>
					<latitude>-33.14824332647778</latitude>
					<altitude>3393.654695774217</altitude>
					<heading>0</heading>
					<tilt>0</tilt>
					<range>615.0844895632326</range>
					<altitudeMode>absolute</altitudeMode>
					<gx:fovy>30.0000004546614</gx:fovy>
				</LookAt>
				<styleUrl>#msn_red-pushpin3</styleUrl>
				<Point>
					<coordinates>-70.28686941167456,-33.148321905129,3397.434583290451</coordinates>
				</Point>
			</Placemark>
			<Placemark id="0AC62C51D7331A5DD893">
				<name>Patio Neumaticos</name>
				<LookAt>
					<longitude>-70.28837682647453</longitude>
					<latitude>-33.14824332647778</latitude>
					<altitude>3393.654695774217</altitude>
					<heading>0</heading>
					<tilt>0</tilt>
					<range>615.0844895632326</range>
					<altitudeMode>absolute</altitudeMode>
					<gx:fovy>30.0000004546614</gx:fovy>
				</LookAt>
				<styleUrl>#msn_red-pushpin3</styleUrl>
				<Point>
					<coordinates>-70.28625306257868,-33.14843407944385,3396.814353066949</coordinates>
				</Point>
			</Placemark>
			<Placemark id="0EA9574DC0331A626E2C">
				<name>Carro Comunicacion</name>
				<LookAt>
					<longitude>-70.2867062288835</longitude>
					<latitude>-33.14870446485508</latitude>
					<altitude>3396.589584598379</altitude>
					<heading>0</heading>
					<tilt>0</tilt>
					<range>612.1496028667025</range>
					<altitudeMode>absolute</altitudeMode>
					<gx:fovy>30.0000004546614</gx:fovy>
				</LookAt>
				<styleUrl>#msn_red-pushpin3</styleUrl>
				<Point>
					<coordinates>-70.28681224308075,-33.14891351970274,3400.081976099075</coordinates>
				</Point>
			</Placemark>
			<Placemark id="0588632060331A62C547">
				<name>Tub. Donoso Norte. Aguas de Contacto</name>
				<LookAt>
					<longitude>-70.28658893172374</longitude>
					<latitude>-33.14882535737255</latitude>
					<altitude>3399.379208305192</altitude>
					<heading>0</heading>
					<tilt>0</tilt>
					<range>506.5759159141454</range>
					<altitudeMode>absolute</altitudeMode>
					<gx:fovy>30.0000004546614</gx:fovy>
				</LookAt>
				<styleUrl>#msn_red-pushpin3</styleUrl>
				<Point>
					<coordinates>-70.28626281886807,-33.14894116292302,3416.03581361741</coordinates>
				</Point>
			</Placemark>
			<Placemark id="0BECD4AB2A331A631D84">
				<name>SME03</name>
				<LookAt>
					<longitude>-70.2859338811558</longitude>
					<latitude>-33.14849411485334</latitude>
					<altitude>3413.643836110024</altitude>
					<heading>0</heading>
					<tilt>0</tilt>
					<range>492.3112623881752</range>
					<altitudeMode>absolute</altitudeMode>
					<gx:fovy>30.0000004546614</gx:fovy>
				</LookAt>
				<styleUrl>#msn_red-pushpin3</styleUrl>
				<Point>
					<coordinates>-70.28481081022349,-33.14838724167852,3435.964454410705</coordinates>
				</Point>
			</Placemark>
			<Placemark id="04C0CD8F0C331A43D50E">
				<name>Galpon Patio Neumaticos</name>
				<LookAt>
					<longitude>-70.28774198824314</longitude>
					<latitude>-33.14846474311902</latitude>
					<altitude>3393.786211087724</altitude>
					<heading>0</heading>
					<tilt>0</tilt>
					<range>291.4587523234878</range>
					<altitudeMode>absolute</altitudeMode>
					<gx:fovy>30.00013593692357</gx:fovy>
				</LookAt>
				<styleUrl>#msn_red-pushpin3</styleUrl>
				<Point>
					<coordinates>-70.28744730540896,-33.14827831544395,3398.944698851404</coordinates>
				</Point>
			</Placemark>
			<Placemark id="0225D6D80C33231DFA33">
				<name>SAG 1 - 2</name>
				<LookAt>
					<longitude>-70.28771367203662</longitude>
					<latitude>-33.14484031070086</latitude>
					<altitude>3409.298994112547</altitude>
					<heading>44.84364016449715</heading>
					<tilt>0</tilt>
					<range>181.9991785950697</range>
					<altitudeMode>absolute</altitudeMode>
					<gx:fovy>35</gx:fovy>
				</LookAt>
				<styleUrl>#msn_red-pushpin3</styleUrl>
				<Point>
					<coordinates>-70.28743845901802,-33.14506482341582,3411.852211759805</coordinates>
				</Point>
			</Placemark>
			<Placemark id="0AD35B63CC33231F2B21">
				<name>INFIERNILLO 5</name>
				<LookAt>
					<longitude>-70.28178164919879</longitude>
					<latitude>-33.14904579137031</latitude>
					<altitude>3340.392713682549</altitude>
					<heading>44.84346682948373</heading>
					<tilt>0</tilt>
					<range>1540.392988042004</range>
					<altitudeMode>absolute</altitudeMode>
					<gx:fovy>35</gx:fovy>
				</LookAt>
				<styleUrl>#msn_red-pushpin4</styleUrl>
				<Point>
					<coordinates>-70.28237939047997,-33.15045847428448,3324.787953031686</coordinates>
				</Point>
			</Placemark>
			<Placemark id="0C8048EDDC33231F7B66">
				<name>INFIERNILLO 6</name>
				<LookAt>
					<longitude>-70.27265295237127</longitude>
					<latitude>-33.1538729630845</latitude>
					<altitude>3846.524194174872</altitude>
					<heading>44.83991284525485</heading>
					<tilt>0</tilt>
					<range>1203.251071492414</range>
					<altitudeMode>absolute</altitudeMode>
					<gx:fovy>35</gx:fovy>
				</LookAt>
				<styleUrl>#msn_red-pushpin4</styleUrl>
				<Point>
					<coordinates>-70.27007620049864,-33.15632697312817,3950.759848423663</coordinates>
				</Point>
			</Placemark>
			<Placemark id="0ACDBE239C33231FE33E">
				<name>DONOSO 2</name>
				<LookAt>
					<longitude>-70.28246159068233</longitude>
					<latitude>-33.1376318133794</latitude>
					<altitude>3558.337142709929</altitude>
					<heading>44.83845332496661</heading>
					<tilt>0</tilt>
					<range>3411.325058127987</range>
					<altitudeMode>absolute</altitudeMode>
					<gx:fovy>35</gx:fovy>
				</LookAt>
				<styleUrl>#msn_red-pushpin4</styleUrl>
				<Point>
					<coordinates>-70.27802382136919,-33.13539329531815,3602.048321025369</coordinates>
				</Point>
			</Placemark>
			<Placemark id="081AA922F33327B39A66">
				<name>Patio Neumaticos</name>
				<LookAt>
					<longitude>-70.28792375424787</longitude>
					<latitude>-33.14809278632236</latitude>
					<altitude>3394.247658373764</altitude>
					<heading>-5.382178879945084</heading>
					<tilt>0.08900017303058308</tilt>
					<range>712.8836216521449</range>
					<altitudeMode>absolute</altitudeMode>
					<gx:fovy>30.0000004546614</gx:fovy>
				</LookAt>
				<styleUrl>#msn_red-pushpin0</styleUrl>
				<Point>
					<coordinates>-70.28766848430908,-33.14865756314019,3396.682462814661</coordinates>
				</Point>
			</Placemark>
			<Placemark id="0860755DEE333A556996">
				<name>Ventilación Andina</name>
				<LookAt>
					<longitude>-70.26787078392684</longitude>
					<latitude>-33.13844045841022</latitude>
					<altitude>3742.991137744993</altitude>
					<heading>0</heading>
					<tilt>0</tilt>
					<range>930.5184056180588</range>
					<altitudeMode>absolute</altitudeMode>
					<gx:fovy>30.00051066531075</gx:fovy>
				</LookAt>
				<styleUrl>#msn_red-pushpin00</styleUrl>
				<Point>
					<coordinates>-70.26688908563357,-33.13878908069197,3705.927454442623</coordinates>
				</Point>
			</Placemark>
			<Placemark id="038110B6E7333A5759A7">
				<name>Estacionamientos</name>
				<LookAt>
					<longitude>-70.27736391874119</longitude>
					<latitude>-33.13011205116411</latitude>
					<altitude>3866.1761121646</altitude>
					<heading>355.5980061980608</heading>
					<tilt>0</tilt>
					<range>1808.921700944484</range>
					<altitudeMode>absolute</altitudeMode>
					<gx:fovy>30.00000058221699</gx:fovy>
				</LookAt>
				<styleUrl>#msn_red-pushpin00</styleUrl>
				<Point>
					<coordinates>-70.27719118519305,-33.12975724275071,3867.40713145005</coordinates>
				</Point>
			</Placemark>
			<Placemark id="0192F10CAA33780FE70C">
				<name>Domos</name>
				<LookAt>
					<longitude>-70.29134762400045</longitude>
					<latitude>-33.14856411601482</latitude>
					<altitude>3367.647801667426</altitude>
					<heading>0</heading>
					<tilt>0</tilt>
					<range>369.0997236316252</range>
					<altitudeMode>absolute</altitudeMode>
					<gx:fovy>30</gx:fovy>
				</LookAt>
				<styleUrl>#msn_red-pushpin00</styleUrl>
				<Point>
					<coordinates>-70.29113028451694,-33.14860960791962,3361.927780636629</coordinates>
				</Point>
			</Placemark>
			<Placemark id="032AE985773378110AC6">
				<name>DONOSO 1</name>
				<LookAt>
					<longitude>-70.28027919825256</longitude>
					<latitude>-33.14377102410784</latitude>
					<altitude>3321.412963386721</altitude>
					<heading>0</heading>
					<tilt>0</tilt>
					<range>2206.383041696681</range>
					<altitudeMode>absolute</altitudeMode>
					<gx:fovy>30</gx:fovy>
				</LookAt>
				<styleUrl>#msn_red-pushpin4</styleUrl>
				<Point>
					<coordinates>-70.27931002668296,-33.14329089657836,3299.876415152887</coordinates>
				</Point>
			</Placemark>
			<Placemark id="0358B2CADE3418A83650">
				<name>CERRO EL CHOCLO</name>
				<LookAt>
					<longitude>-70.2716131645103</longitude>
					<latitude>-33.13134406508969</latitude>
					<altitude>3861.094113002379</altitude>
					<heading>13.78901670989379</heading>
					<tilt>66.1513341176593</tilt>
					<range>488.9632118054578</range>
					<altitudeMode>absolute</altitudeMode>
					<gx:fovy>35</gx:fovy>
				</LookAt>
				<styleUrl>#msn_red-pushpin2</styleUrl>
				<Point>
					<coordinates>-70.27219925918412,-33.13108211174212,3886.735645343889</coordinates>
				</Point>
			</Placemark>
			<Placemark id="0FA62C8AA933AA1D395A">
				<name>LA MORRENA</name>
				<LookAt>
					<longitude>-70.29110584763151</longitude>
					<latitude>-33.1603709318118</latitude>
					<altitude>3569.138081473565</altitude>
					<heading>0</heading>
					<tilt>0</tilt>
					<range>4544.797185435891</range>
					<altitudeMode>absolute</altitudeMode>
					<gx:fovy>35</gx:fovy>
				</LookAt>
				<styleUrl>#msn_red-pushpin2</styleUrl>
				<Point>
					<coordinates>-70.27636194261414,-33.1633926688417,3888.66762523644</coordinates>
				</Point>
			</Placemark>
			<Placemark id="0B155F9CB73414B33EC1">
				<name>Tunel Dolores</name>
				<snippet></snippet>
				<LookAt>
					<longitude>-70.30237454905458</longitude>
					<latitude>-33.15340648472311</latitude>
					<altitude>3661.56987466473</altitude>
					<heading>46.09817813142225</heading>
					<tilt>47.43027578051749</tilt>
					<range>1569.8940854799</range>
					<altitudeMode>absolute</altitudeMode>
					<gx:fovy>35</gx:fovy>
				</LookAt>
				<styleUrl>#__managed_style_6734B4C7BC3D3D1AF224</styleUrl>
				<LineString>
					<coordinates>
						-70.30811732412842,-33.14917796009377,0 -70.30644173201981,-33.15035646916189,0 -70.30444505223794,-33.1518441496035,0 -70.3035088047997,-33.1524965697058,0 -70.30262424869757,-33.15287567098339,0 -70.30181483387111,-33.1531791006233,0 -70.30046599655731,-33.15354177195606,0 -70.29912354680802,-33.15378707305801,0 -70.2981648138831,-33.15407312504001,0 -70.29690927906523,-33.15444264772193,0 
					</coordinates>
				</LineString>
			</Placemark>
			<Placemark id="0851438092344A0FB824">
				<name>Refugio</name>
				<LookAt>
					<longitude>-70.27295804482408</longitude>
					<latitude>-33.1562852659141</latitude>
					<altitude>3841.007341878684</altitude>
					<heading>-2.90931684690445e-09</heading>
					<tilt>1.068720509546447</tilt>
					<range>2294.63369817735</range>
					<altitudeMode>absolute</altitudeMode>
					<gx:fovy>35</gx:fovy>
				</LookAt>
				<styleUrl>#msn_red-pushpin2</styleUrl>
				<Point>
					<coordinates>-70.26651082628477,-33.15687746045065,4007.168108493065</coordinates>
				</Point>
			</Placemark>
			<Placemark id="08723D01AF344A1148C9">
				<name>Planta Enaex</name>
				<LookAt>
					<longitude>-70.26619541291886</longitude>
					<latitude>-33.15636377948291</latitude>
					<altitude>3998.203492949053</altitude>
					<heading>4.99934672220756e-09</heading>
					<tilt>1.068484064523733</tilt>
					<range>883.6879734012473</range>
					<altitudeMode>absolute</altitudeMode>
					<gx:fovy>35</gx:fovy>
				</LookAt>
				<styleUrl>#msn_red-pushpin2</styleUrl>
				<Point>
					<coordinates>-70.26282585920858,-33.15682939228465,3936.878559906105</coordinates>
				</Point>
			</Placemark>
			<Placemark id="017966A1BE344A11A7D1">
				<name>Petrolera COPEC</name>
				<LookAt>
					<longitude>-70.26671954579218</longitude>
					<latitude>-33.15524872541683</latitude>
					<altitude>4000.076177800227</altitude>
					<heading>5.399998762423654e-10</heading>
					<tilt>1.068483750582247</tilt>
					<range>881.8150379521833</range>
					<altitudeMode>absolute</altitudeMode>
					<gx:fovy>35</gx:fovy>
				</LookAt>
				<styleUrl>#msn_red-pushpin2</styleUrl>
				<Point>
					<coordinates>-70.26639940004094,-33.15467916036311,3975.788276273386</coordinates>
				</Point>
			</Placemark>
			<Placemark id="0BE52B27A0344A10AE1F">
				<name>Refugio Sur Sur</name>
				<LookAt>
					<longitude>-70.26871916381523</longitude>
					<latitude>-33.15814463466527</latitude>
					<altitude>4086.707760079978</altitude>
					<heading>7.48655978848284e-09</heading>
					<tilt>1.068473213375578</tilt>
					<range>818.9386609882058</range>
					<altitudeMode>absolute</altitudeMode>
					<gx:fovy>35</gx:fovy>
				</LookAt>
				<styleUrl>#msn_red-pushpin2</styleUrl>
				<Point>
					<coordinates>-70.2659912427321,-33.15925576457307,4059.611949214298</coordinates>
				</Point>
			</Placemark>
			<Placemark id="0A402C76B3344A12CD13">
				<name>Explanta Lixiviación</name>
				<LookAt>
					<longitude>-70.2655538243238</longitude>
					<latitude>-33.15324509575039</latitude>
					<altitude>3941.48490242001</altitude>
					<heading>2.061840413925584e-09</heading>
					<tilt>1.068439838266844</tilt>
					<range>619.7657620163228</range>
					<altitudeMode>absolute</altitudeMode>
					<gx:fovy>35</gx:fovy>
				</LookAt>
				<styleUrl>#msn_red-pushpin2</styleUrl>
				<Point>
					<coordinates>-70.26606813495961,-33.15330058880861,3961.371490843277</coordinates>
				</Point>
			</Placemark>
			<Placemark id="09C30FCE1B344A137F38">
				<name>Naves Finning</name>
				<LookAt>
					<longitude>-70.26604719308705</longitude>
					<latitude>-33.15208269300919</latitude>
					<altitude>3926.810648024773</altitude>
					<heading>8.877935534294461e-09</heading>
					<tilt>1.068442297337907</tilt>
					<range>634.4425596141082</range>
					<altitudeMode>absolute</altitudeMode>
					<gx:fovy>35</gx:fovy>
				</LookAt>
				<styleUrl>#msn_red-pushpin2</styleUrl>
				<Point>
					<coordinates>-70.26842998843257,-33.15179768345244,3973.833921735907</coordinates>
				</Point>
			</Placemark>
			<Placemark id="0FB8AC5A8837B258391F">
				<name>MORRENA</name>
				<LookAt>
					<longitude>-70.28563112745786</longitude>
					<latitude>-33.15350936829392</latitude>
					<altitude>3378.907141986173</altitude>
					<heading>7.71627527233628</heading>
					<tilt>0.9292333246986167</tilt>
					<range>4950.38255289488</range>
					<altitudeMode>absolute</altitudeMode>
					<gx:fovy>35</gx:fovy>
				</LookAt>
				<styleUrl>#msn_red-pushpin2</styleUrl>
				<Point>
					<coordinates>-70.2821452241825,-33.15589340571828,3466.167733186041</coordinates>
				</Point>
			</Placemark>
			<Placemark id="0B24E7FA0E37B2590F2C">
				<name>CRÁTER ANDINA</name>
				<LookAt>
					<longitude>-70.27130470026944</longitude>
					<latitude>-33.14335124660573</latitude>
					<altitude>3549.54422339994</altitude>
					<heading>7.708439638597927</heading>
					<tilt>0.9292084470512091</tilt>
					<range>4779.723107496976</range>
					<altitudeMode>absolute</altitudeMode>
					<gx:fovy>35</gx:fovy>
				</LookAt>
				<styleUrl>#msn_red-pushpin2</styleUrl>
				<Point>
					<coordinates>-70.26880191030706,-33.14205012912702,3699.237927029465</coordinates>
				</Point>
			</Placemark>
			<Placemark id="01A89397053968A1D184">
				<name>PRISMA</name>
				<LookAt>
					<longitude>-70.31193844116956</longitude>
					<latitude>-33.15964546944129</latitude>
					<altitude>3613.658814710976</altitude>
					<heading>-2.09361214386655e-07</heading>
					<tilt>0.2098215004206022</tilt>
					<range>12567.82444357407</range>
					<altitudeMode>absolute</altitudeMode>
					<gx:fovy>30.00068647989741</gx:fovy>
				</LookAt>
				<styleUrl>#msn_red-pushpin10</styleUrl>
				<Point>
					<coordinates>-70.31017978095217,-33.16871124197855,3249.544042308629</coordinates>
				</Point>
			</Placemark>
			<Placemark id="00281B261639DA63A9F1">
				<name>Ex Placa</name>
				<LookAt>
					<longitude>-70.28599773466537</longitude>
					<latitude>-33.14785746213673</latitude>
					<altitude>3396.558813248466</altitude>
					<heading>0</heading>
					<tilt>0</tilt>
					<range>1183.950064691162</range>
					<altitudeMode>absolute</altitudeMode>
					<gx:fovy>30.00055240934225</gx:fovy>
				</LookAt>
				<styleUrl>#msn_red-pushpin2</styleUrl>
				<Point>
					<coordinates>-70.28517545964095,-33.14842826748649,3431.691770113158</coordinates>
				</Point>
			</Placemark>
			<Placemark id="00117CC6D13A12658A86">
				<name>Domos</name>
				<LookAt>
					<longitude>-70.28949563508084</longitude>
					<latitude>-33.14659679683254</latitude>
					<altitude>3383.432940119891</altitude>
					<heading>16.55787217044944</heading>
					<tilt>0</tilt>
					<range>486.0613300104161</range>
					<altitudeMode>absolute</altitudeMode>
					<gx:fovy>35</gx:fovy>
				</LookAt>
				<styleUrl>#msn_red-pushpin2</styleUrl>
				<Point>
					<coordinates>-70.29089576722136,-33.14683902323284,3421.591570134095</coordinates>
				</Point>
			</Placemark>
			<Placemark id="092C773FF13A1265F6CC">
				<name>Taller titan</name>
				<LookAt>
					<longitude>-70.2892008954973</longitude>
					<latitude>-33.14743429580146</latitude>
					<altitude>3392.071158995328</altitude>
					<heading>16.55771100646555</heading>
					<tilt>0</tilt>
					<range>477.4231314394274</range>
					<altitudeMode>absolute</altitudeMode>
					<gx:fovy>35</gx:fovy>
				</LookAt>
				<styleUrl>#msn_red-pushpin2</styleUrl>
				<Point>
					<coordinates>-70.28752298577548,-33.14734702301083,3394.521730235331</coordinates>
				</Point>
			</Placemark>
			<Placemark id="01A133FEEB3A128847B0">
				<name>Porton 25 A</name>
				<LookAt>
					<longitude>-70.28819669107003</longitude>
					<latitude>-33.14447712525116</latitude>
					<altitude>3404.735094233554</altitude>
					<heading>16.54867399907163</heading>
					<tilt>0</tilt>
					<range>181.0108162255711</range>
					<altitudeMode>absolute</altitudeMode>
					<gx:fovy>35</gx:fovy>
				</LookAt>
				<styleUrl>#msn_red-pushpin2</styleUrl>
				<Point>
					<coordinates>-70.28810249952723,-33.144656367838,3407.12654090863</coordinates>
				</Point>
			</Placemark>
			<Placemark id="0AA714259B3A1288DCA8">
				<name>Porton 25 (Acceso principal)</name>
				<LookAt>
					<longitude>-70.28826715480145</longitude>
					<latitude>-33.14473871732215</latitude>
					<altitude>3409.076658612352</altitude>
					<heading>16.5487125272298</heading>
					<tilt>0</tilt>
					<range>176.6692694350968</range>
					<altitudeMode>absolute</altitudeMode>
					<gx:fovy>35</gx:fovy>
				</LookAt>
				<styleUrl>#msn_red-pushpin2</styleUrl>
				<Point>
					<coordinates>-70.28795345768759,-33.14491716818548,3408.113403459409</coordinates>
				</Point>
			</Placemark>
			<Placemark id="07F0D7A34C3A1289B02C">
				<name>Porton 32</name>
				<LookAt>
					<longitude>-70.2881202716202</longitude>
					<latitude>-33.14506093240844</latitude>
					<altitude>3407.204357514264</altitude>
					<heading>16.54863221949343</heading>
					<tilt>0</tilt>
					<range>178.5415443225793</range>
					<altitudeMode>absolute</altitudeMode>
					<gx:fovy>35</gx:fovy>
				</LookAt>
				<styleUrl>#msn_red-pushpin2</styleUrl>
				<Point>
					<coordinates>-70.28790456321535,-33.14525675990481,3401.107038076269</coordinates>
				</Point>
			</Placemark>
			<Placemark id="0CD5C5A4C73A128BB7C6">
				<name>Porton 31</name>
				<LookAt>
					<longitude>-70.2881202716202</longitude>
					<latitude>-33.14506093240844</latitude>
					<altitude>3407.204357514264</altitude>
					<heading>16.54863221949343</heading>
					<tilt>0</tilt>
					<range>178.5415443225793</range>
					<altitudeMode>absolute</altitudeMode>
					<gx:fovy>35</gx:fovy>
				</LookAt>
				<styleUrl>#msn_red-pushpin2</styleUrl>
				<Point>
					<coordinates>-70.28741587304498,-33.14531152532694,3404.783413984212</coordinates>
				</Point>
			</Placemark>
			<Placemark id="0E887087BB3A128C023F">
				<name>Porton 30</name>
				<LookAt>
					<longitude>-70.2881202716202</longitude>
					<latitude>-33.14506093240844</latitude>
					<altitude>3407.204357514264</altitude>
					<heading>16.54863221949343</heading>
					<tilt>0</tilt>
					<range>178.5415443225793</range>
					<altitudeMode>absolute</altitudeMode>
					<gx:fovy>35</gx:fovy>
				</LookAt>
				<styleUrl>#msn_red-pushpin2</styleUrl>
				<Point>
					<coordinates>-70.28727512910163,-33.14524011050386,3407.588313692535</coordinates>
				</Point>
			</Placemark>
			<Placemark id="03193029233A128C50A0">
				<name>Porton 33</name>
				<LookAt>
					<longitude>-70.28760039611474</longitude>
					<latitude>-33.14537869756315</latitude>
					<altitude>3401.623637110725</altitude>
					<heading>16.54834797459368</heading>
					<tilt>0</tilt>
					<range>184.1222814628236</range>
					<altitudeMode>absolute</altitudeMode>
					<gx:fovy>35</gx:fovy>
				</LookAt>
				<styleUrl>#msn_red-pushpin2</styleUrl>
				<Point>
					<coordinates>-70.28672128656379,-33.14547791270718,3411.614214174643</coordinates>
				</Point>
			</Placemark>
			<Placemark id="0AB4EF4FFE3A128CA8B6">
				<name>Porton 34</name>
				<LookAt>
					<longitude>-70.28778890258435</longitude>
					<latitude>-33.14586521450907</latitude>
					<altitude>3396.279690981773</altitude>
					<heading>16.54845105068596</heading>
					<tilt>0</tilt>
					<range>189.4662362480085</range>
					<altitudeMode>absolute</altitudeMode>
					<gx:fovy>35</gx:fovy>
				</LookAt>
				<styleUrl>#msn_red-pushpin2</styleUrl>
				<Point>
					<coordinates>-70.28694608369688,-33.14603227309481,3404.343715106548</coordinates>
				</Point>
			</Placemark>
			<Placemark id="054D4C8BF73A128CF47F">
				<name>Porton 35</name>
				<LookAt>
					<longitude>-70.28778890258435</longitude>
					<latitude>-33.14586521450907</latitude>
					<altitude>3396.279690981773</altitude>
					<heading>16.54845105068596</heading>
					<tilt>0</tilt>
					<range>189.4662362480085</range>
					<altitudeMode>absolute</altitudeMode>
					<gx:fovy>35</gx:fovy>
				</LookAt>
				<styleUrl>#msn_red-pushpin2</styleUrl>
				<Point>
					<coordinates>-70.28661411835508,-33.1462668666618,3406.76169883283</coordinates>
				</Point>
			</Placemark>
			<Placemark id="067FBAAAA13A128D7B96">
				<name>Porton 36</name>
				<LookAt>
					<longitude>-70.28720053054437</longitude>
					<latitude>-33.1452984189811</latitude>
					<altitude>3407.778925420881</altitude>
					<heading>16.5481293379199</heading>
					<tilt>0</tilt>
					<range>177.9670064008496</range>
					<altitudeMode>absolute</altitudeMode>
					<gx:fovy>35</gx:fovy>
				</LookAt>
				<styleUrl>#msn_red-pushpin2</styleUrl>
				<Point>
					<coordinates>-70.28620653360592,-33.14538654354023,3418.453669332514</coordinates>
				</Point>
			</Placemark>
			<Placemark id="0BE32E60E53A128DA9D0">
				<name>Porton 37</name>
				<LookAt>
					<longitude>-70.28720053054437</longitude>
					<latitude>-33.1452984189811</latitude>
					<altitude>3407.778925420881</altitude>
					<heading>16.5481293379199</heading>
					<tilt>0</tilt>
					<range>177.9670064008496</range>
					<altitudeMode>absolute</altitudeMode>
					<gx:fovy>35</gx:fovy>
				</LookAt>
				<styleUrl>#msn_red-pushpin2</styleUrl>
				<Point>
					<coordinates>-70.28596688099384,-33.14555438242687,3418.583608440531</coordinates>
				</Point>
			</Placemark>
			<Placemark id="03928236E13A7E7E4390">
				<name>Cuesta Peble</name>
				<LookAt>
					<longitude>-70.2858108302927</longitude>
					<latitude>-33.1454459829297</latitude>
					<altitude>3421.355701704146</altitude>
					<heading>358.7008809640409</heading>
					<tilt>0</tilt>
					<range>959.5312901030413</range>
					<altitudeMode>absolute</altitudeMode>
					<gx:fovy>35</gx:fovy>
				</LookAt>
				<styleUrl>#msn_red-pushpin2</styleUrl>
				<Point>
					<coordinates>-70.2849788770896,-33.14612423159033,3421.192800449559</coordinates>
				</Point>
			</Placemark>
			<Placemark id="0E906A5A163A7E7F875F">
				<name>Nodo Vial</name>
				<LookAt>
					<longitude>-70.28637228402869</longitude>
					<latitude>-33.15250908610192</latitude>
					<altitude>3406.003801756895</altitude>
					<heading>358.7008765867949</heading>
					<tilt>0</tilt>
					<range>2453.126016436145</range>
					<altitudeMode>absolute</altitudeMode>
					<gx:fovy>35</gx:fovy>
				</LookAt>
				<styleUrl>#__managed_style_17E523489C3D3D1AF1F10</styleUrl>
				<LineString>
					<coordinates>
						-70.28534357193986,-33.14972032542957,0 -70.28513995521328,-33.14993158460091,0 -70.28755763608268,-33.15198683004024,0 -70.28819727934071,-33.15234491405561,0 -70.28881445435455,-33.15271411354929,0 -70.28920857787438,-33.1530910772277,0 -70.28941021716362,-33.15343974672403,0 -70.28927324256151,-33.154044397127,0 -70.28853627861086,-33.15471313723896,0 -70.28774397712685,-33.15517755302497,0 -70.28686056515699,-33.15564269157547,0 -70.28567102889738,-33.1557860234235,0 -70.28328050624796,-33.15621223451749,0 -70.28249979494451,-33.1564239769331,0 -70.28181734304722,-33.15652934455714,0 -70.28094365936386,-33.15653673822756,0 -70.28027874560082,-33.1566673293249,0 -70.27906499450201,-33.15720272293868,0 -70.27852029510116,-33.15725340217059,0 -70.2786240582255,-33.15685521128179,0 -70.27915214988984,-33.15661411108749,0 -70.28022749709704,-33.15619829758413,0 -70.28091152210253,-33.15596995179565,0 -70.28154549288293,-33.15589007519955,0 -70.28300533861857,-33.15578980707227,0 -70.28394891382248,-33.15550721170836,0 -70.28488402079383,-33.15521929811607,0 -70.28625553404646,-33.15490024279476,0 -70.28686715447691,-33.15481940439111,0 -70.28717372366361,-33.15421663980736,0 -70.28718095120786,-33.15392068450626,0 -70.2866249046387,-33.15338416790392,0 -70.28606822998532,-33.15301173615818,0 -70.28517342867457,-33.15235473914563,0 -70.28436506063166,-33.15192854667703,0 
					</coordinates>
				</LineString>
			</Placemark>
			<Placemark id="0685B8C5B43B145246CE">
				<name>Ingreso Tunel Sulfatos</name>
				<LookAt>
					<longitude>-70.29177032969146</longitude>
					<latitude>-33.16237263425504</latitude>
					<altitude>3611.180899191684</altitude>
					<heading>128.7602206621504</heading>
					<tilt>29.1150028590776</tilt>
					<range>125.6626857768424</range>
					<altitudeMode>absolute</altitudeMode>
					<gx:fovy>35</gx:fovy>
				</LookAt>
				<styleUrl>#msn_red-pushpin2</styleUrl>
				<Point>
					<coordinates>-70.29197346958087,-33.16246170021406,3608.264800941319</coordinates>
				</Point>
			</Placemark>
			<Placemark>
				<name>Planta TAS</name>
				<LookAt>
					<longitude>-70.28816600267864</longitude>
					<latitude>-33.14853205805267</latitude>
					<altitude>0</altitude>
					<heading>0.0009328298646107625</heading>
					<tilt>60.00093716286138</tilt>
					<range>120.5464667032505</range>
					<gx:altitudeMode>relativeToSeaFloor</gx:altitudeMode>
				</LookAt>
				<styleUrl>#msn_red-pushpin</styleUrl>
				<Point>
					<gx:drawOrder>1</gx:drawOrder>
					<coordinates>-70.28838297823576,-33.14897028294993,0</coordinates>
				</Point>
			</Placemark>
			<Placemark>
				<name>Star 3</name>
				<LookAt>
					<longitude>-70.294909681601</longitude>
					<latitude>-33.14218855736167</latitude>
					<altitude>0</altitude>
					<heading>-8.907239180516639</heading>
					<tilt>49.2156064682096</tilt>
					<range>1596.164396608481</range>
					<gx:altitudeMode>relativeToSeaFloor</gx:altitudeMode>
				</LookAt>
				<styleUrl>#msn_red-pushpin</styleUrl>
				<Point>
					<gx:drawOrder>1</gx:drawOrder>
					<coordinates>-70.29336784341929,-33.14450358889993,0</coordinates>
				</Point>
			</Placemark>
			<Placemark>
				<name>Stock Donoso</name>
				<LookAt>
					<longitude>-70.28551865952201</longitude>
					<latitude>-33.13595417956329</latitude>
					<altitude>0</altitude>
					<heading>-8.905134527356131</heading>
					<tilt>60.00984317911342</tilt>
					<range>1265.994235394477</range>
					<gx:altitudeMode>relativeToSeaFloor</gx:altitudeMode>
				</LookAt>
				<styleUrl>#msn_red-pushpin</styleUrl>
				<Point>
					<gx:drawOrder>1</gx:drawOrder>
					<coordinates>-70.28634772228553,-33.140000783441,0</coordinates>
				</Point>
			</Placemark>
			<Placemark>
				<name>Zig zag</name>
				<LookAt>
					<longitude>-70.29175512701536</longitude>
					<latitude>-33.148252788442</latitude>
					<altitude>0</altitude>
					<heading>-8.921769813175136</heading>
					<tilt>52.26563512363104</tilt>
					<range>1298.828093155422</range>
					<gx:altitudeMode>relativeToSeaFloor</gx:altitudeMode>
				</LookAt>
				<styleUrl>#msn_red-pushpin</styleUrl>
				<Point>
					<gx:drawOrder>1</gx:drawOrder>
					<coordinates>-70.28985808207048,-33.15316191981529,0</coordinates>
				</Point>
			</Placemark>
			<Placemark>
				<name>Nodo vial</name>
				<LookAt>
					<longitude>-70.28355797873455</longitude>
					<latitude>-33.15777309079875</latitude>
					<altitude>0</altitude>
					<heading>115.4781503216989</heading>
					<tilt>80.49675774528228</tilt>
					<range>645.6480213083299</range>
					<gx:altitudeMode>relativeToSeaFloor</gx:altitudeMode>
				</LookAt>
				<styleUrl>#msn_red-pushpin</styleUrl>
				<Point>
					<gx:drawOrder>1</gx:drawOrder>
					<coordinates>-70.28523270405447,-33.15636610805802,0</coordinates>
				</Point>
			</Placemark>
			<Placemark>
				<name>Rampa 7A</name>
				<LookAt>
					<longitude>-70.28397182847178</longitude>
					<latitude>-33.14823015540818</latitude>
					<altitude>0</altitude>
					<heading>-0.1531547834988534</heading>
					<tilt>50.23344647979755</tilt>
					<range>1280.713675034596</range>
					<gx:altitudeMode>relativeToSeaFloor</gx:altitudeMode>
				</LookAt>
				<styleUrl>#msn_red-pushpin</styleUrl>
				<Point>
					<gx:drawOrder>1</gx:drawOrder>
					<coordinates>-70.2854835813696,-33.15253061508713,0</coordinates>
				</Point>
			</Placemark>
			<Placemark>
				<name>Rampa sur</name>
				<LookAt>
					<longitude>-70.27786687469549</longitude>
					<latitude>-33.14355832358873</latitude>
					<altitude>0</altitude>
					<heading>-0.1575224535490135</heading>
					<tilt>54.13605744442696</tilt>
					<range>1315.691254305545</range>
					<gx:altitudeMode>relativeToSeaFloor</gx:altitudeMode>
				</LookAt>
				<styleUrl>#msn_red-pushpin</styleUrl>
				<Point>
					<gx:drawOrder>1</gx:drawOrder>
					<coordinates>-70.2754374662437,-33.14857355155865,0</coordinates>
				</Point>
			</Placemark>
			<Placemark>
				<name>Patio armado de pala 35.80</name>
				<LookAt>
					<longitude>-70.29582065808364</longitude>
					<latitude>-33.15634702609304</latitude>
					<altitude>0</altitude>
					<heading>-0.1476702803379903</heading>
					<tilt>53.16074805028645</tilt>
					<range>977.3022172905534</range>
					<gx:altitudeMode>relativeToSeaFloor</gx:altitudeMode>
				</LookAt>
				<styleUrl>#msn_red-pushpin</styleUrl>
				<Point>
					<gx:drawOrder>1</gx:drawOrder>
					<coordinates>-70.2958183848263,-33.16106888769667,0</coordinates>
				</Point>
			</Placemark>
			<Placemark>
				<name>DONOSO 3</name>
				<LookAt>
					<longitude>-70.27324801571908</longitude>
					<latitude>-33.13097354818446</latitude>
					<altitude>0</altitude>
					<heading>-0.01184122279431614</heading>
					<tilt>45.87770241027347</tilt>
					<range>1205.51683881358</range>
					<gx:altitudeMode>relativeToSeaFloor</gx:altitudeMode>
				</LookAt>
				<styleUrl>#msn_red-pushpin4</styleUrl>
				<Point>
					<gx:drawOrder>1</gx:drawOrder>
					<coordinates>-70.2747361780134,-33.12628012741855,0</coordinates>
				</Point>
			</Placemark>
			<Placemark>
				<name>Domo AMDA</name>
				<LookAt>
					<longitude>-70.29204877376954</longitude>
					<latitude>-33.15607237152254</latitude>
					<altitude>0</altitude>
					<heading>-0.3507665400068365</heading>
					<tilt>60.00759081845807</tilt>
					<range>976.2585903943375</range>
					<gx:altitudeMode>relativeToSeaFloor</gx:altitudeMode>
				</LookAt>
				<styleUrl>#m_ylw-pushpin</styleUrl>
				<Point>
					<gx:drawOrder>1</gx:drawOrder>
					<coordinates>-70.29228397264724,-33.1605747432939,0</coordinates>
				</Point>
			</Placemark>
			<Placemark>
				<name>Reactores TK</name>
				<LookAt>
					<longitude>-70.33644917228678</longitude>
					<latitude>-33.17400444998717</latitude>
					<altitude>0</altitude>
					<heading>37.40972981658786</heading>
					<tilt>60.00218740446163</tilt>
					<range>281.2921525171301</range>
					<gx:altitudeMode>relativeToSeaFloor</gx:altitudeMode>
				</LookAt>
				<styleUrl>#msn_red-pushpin4</styleUrl>
				<Point>
					<gx:drawOrder>1</gx:drawOrder>
					<coordinates>-70.33691103197833,-33.17423461032411,0</coordinates>
				</Point>
			</Placemark>
		</Folder>
		<Folder id="029F99D5043315266C28">
			<name>Mineroducto</name>
			<styleUrl>#__managed_style_08C3A00A423D3D1AF1E302</styleUrl>
			<Placemark id="07DDB6B605331A65B1E6">
				<name>Acceso Camino Mineroducto</name>
				<LookAt>
					<longitude>-70.60632992540995</longitude>
					<latitude>-33.19167376237734</latitude>
					<altitude>816.3308446002567</altitude>
					<heading>0</heading>
					<tilt>0</tilt>
					<range>277.4468041633373</range>
					<altitudeMode>absolute</altitudeMode>
					<gx:fovy>30.0000004546614</gx:fovy>
				</LookAt>
				<styleUrl>#msn_ltblu-pushpin1</styleUrl>
				<Point>
					<coordinates>-70.60615647894151,-33.19157194995945,821.0056112654893</coordinates>
				</Point>
			</Placemark>
			<Placemark id="080787D615331A6742BC">
				<name>Porton Azul Primer Acceso Mineroducto (Km 7)</name>
				<LookAt>
					<longitude>-70.58062580515043</longitude>
					<latitude>-33.20194701370522</latitude>
					<altitude>925.1705573540875</altitude>
					<heading>0</heading>
					<tilt>0</tilt>
					<range>430.9541307070322</range>
					<altitudeMode>absolute</altitudeMode>
					<gx:fovy>30.0000004546614</gx:fovy>
				</LookAt>
				<styleUrl>#msn_ltblu-pushpin1</styleUrl>
				<Point>
					<coordinates>-70.57976920319588,-33.20236401660694,924.2953723538561</coordinates>
				</Point>
			</Placemark>
			<Placemark id="075CBE8156332D205E8E">
				<name>Estacion de Bombeo 4A</name>
				<LookAt>
					<longitude>-70.49168073110648</longitude>
					<latitude>-33.19217826639932</latitude>
					<altitude>2275.947694383011</altitude>
					<heading>0</heading>
					<tilt>0</tilt>
					<range>289.0221840131926</range>
					<altitudeMode>absolute</altitudeMode>
					<gx:fovy>35</gx:fovy>
				</LookAt>
				<styleUrl>#msn_ltblu-pushpin1</styleUrl>
				<Point>
					<coordinates>-70.49168073110648,-33.19217826639932,2275.947694383011</coordinates>
				</Point>
			</Placemark>
			<Placemark id="05C48374C134146BA7F1">
				<name>Salida Tunel Ortiga (hacia stp)</name>
				<LookAt>
					<longitude>-70.3615894454752</longitude>
					<latitude>-33.18517612929214</latitude>
					<altitude>2666.625267813836</altitude>
					<heading>69.67745203146367</heading>
					<tilt>0</tilt>
					<range>380.4758920149834</range>
					<altitudeMode>absolute</altitudeMode>
					<gx:fovy>35</gx:fovy>
				</LookAt>
				<styleUrl>#msn_ltblu-pushpin1</styleUrl>
				<Point>
					<coordinates>-70.36150226255313,-33.18607013634281,2658.757715596983</coordinates>
				</Point>
			</Placemark>
			<Placemark id="0501DF8AF2332D24CEDE">
				<name>Disipadora 1</name>
				<LookAt>
					<longitude>-70.51400711846861</longitude>
					<latitude>-33.1916302182339</latitude>
					<altitude>1921.708836136125</altitude>
					<heading>3.032749023327783e-12</heading>
					<tilt>0</tilt>
					<range>1797.442114112782</range>
					<altitudeMode>absolute</altitudeMode>
					<gx:fovy>34.99999996193645</gx:fovy>
				</LookAt>
				<styleUrl>#msn_ltblu-pushpin1</styleUrl>
				<Point>
					<coordinates>-70.51400711846861,-33.1916302182339,1921.708836136125</coordinates>
				</Point>
			</Placemark>
			<Placemark id="0A0655612133842BA5EB">
				<name>Disipadora 1,5</name>
				<LookAt>
					<longitude>-70.54092841369805</longitude>
					<latitude>-33.1930576153482</latitude>
					<altitude>1551.762042783841</altitude>
					<heading>166.4818889292043</heading>
					<tilt>9.530782336959344</tilt>
					<range>303.1920875129799</range>
					<altitudeMode>absolute</altitudeMode>
					<gx:fovy>35</gx:fovy>
				</LookAt>
				<styleUrl>#msn_ltblu-pushpin1</styleUrl>
				<Point>
					<coordinates>-70.5412871233238,-33.19309787071149,1552.891911755017</coordinates>
				</Point>
			</Placemark>
			<Placemark id="0D5667F48C3384571964">
				<name>Disipadora 2</name>
				<LookAt>
					<longitude>-70.56869612066031</longitude>
					<latitude>-33.19532922763972</latitude>
					<altitude>1142.00228739542</altitude>
					<heading>136.5928564984513</heading>
					<tilt>0.168696814674787</tilt>
					<range>381.8758421939128</range>
					<altitudeMode>absolute</altitudeMode>
					<gx:fovy>35</gx:fovy>
				</LookAt>
				<styleUrl>#msn_ltblu-pushpin1</styleUrl>
				<Point>
					<coordinates>-70.56843703410394,-33.19530945177327,1144.190831647692</coordinates>
				</Point>
			</Placemark>
			<Placemark id="0D1CD9E34933845C64F0">
				<name>ED-2A</name>
				<LookAt>
					<longitude>-70.56659993740956</longitude>
					<latitude>-33.1951275451298</latitude>
					<altitude>1156.677668491617</altitude>
					<heading>136.591925881517</heading>
					<tilt>0.1686933485502913</tilt>
					<range>251.0868740562728</range>
					<altitudeMode>absolute</altitudeMode>
					<gx:fovy>35</gx:fovy>
				</LookAt>
				<styleUrl>#msn_ltblu-pushpin1</styleUrl>
				<Point>
					<coordinates>-70.5663587201547,-33.19490666431838,1158.146153656281</coordinates>
				</Point>
			</Placemark>
			<Placemark id="02A05531E333ECF92469">
				<name>SAR4</name>
				<LookAt>
					<longitude>-70.49093132805314</longitude>
					<latitude>-33.19152887054197</latitude>
					<altitude>2275.670225892638</altitude>
					<heading>0</heading>
					<tilt>0</tilt>
					<range>712.662136512663</range>
					<altitudeMode>absolute</altitudeMode>
					<gx:fovy>35</gx:fovy>
				</LookAt>
				<styleUrl>#msn_ltblu-pushpin1</styleUrl>
				<Point>
					<coordinates>-70.49172967069683,-33.19233626708085,2279.016384627857</coordinates>
				</Point>
			</Placemark>
			<Placemark id="0B9FFE39B534146620ED">
				<name>Tunel Ortiga</name>
				<LookAt>
					<longitude>-70.33697811282353</longitude>
					<latitude>-33.18253334184551</latitude>
					<altitude>2694.913091038522</altitude>
					<heading>8.735649117582676</heading>
					<tilt>0</tilt>
					<range>254.9085357043077</range>
					<altitudeMode>absolute</altitudeMode>
					<gx:fovy>35</gx:fovy>
				</LookAt>
				<styleUrl>#msn_ltblu-pushpin1</styleUrl>
				<Point>
					<coordinates>-70.33693303482681,-33.18272793262044,2693.353966545724</coordinates>
				</Point>
			</Placemark>
			<Placemark id="0D024C09BF3414748532">
				<name>Tunel Vizcachas</name>
				<LookAt>
					<longitude>-70.44798893817244</longitude>
					<latitude>-33.20674396022358</latitude>
					<altitude>2466.748047809729</altitude>
					<heading>14.16227094155935</heading>
					<tilt>12.66821265896703</tilt>
					<range>310.4526095780238</range>
					<altitudeMode>absolute</altitudeMode>
					<gx:fovy>35</gx:fovy>
				</LookAt>
				<styleUrl>#msn_ltblu-pushpin1</styleUrl>
				<Point>
					<coordinates>-70.44797564130853,-33.20664456556765,2468.154327071836</coordinates>
				</Point>
			</Placemark>
			<Placemark id="0C8B730AD83414761123">
				<name>Tunel Vizcachas</name>
				<LookAt>
					<longitude>-70.48312139635426</longitude>
					<latitude>-33.19605951007217</latitude>
					<altitude>2425.530166444113</altitude>
					<heading>69.65195119422823</heading>
					<tilt>55.9154056716018</tilt>
					<range>537.262547559294</range>
					<altitudeMode>absolute</altitudeMode>
					<gx:fovy>35</gx:fovy>
				</LookAt>
				<styleUrl>#msn_ltblu-pushpin1</styleUrl>
				<Point>
					<coordinates>-70.48329013738295,-33.19637050805699,2422.37464377485</coordinates>
				</Point>
			</Placemark>
			<Placemark id="0DED3DD897341471113A">
				<name>Laguna Seca (kM 47)</name>
				<LookAt>
					<longitude>-70.39974496747458</longitude>
					<latitude>-33.22459667420746</latitude>
					<altitude>2279.840148799868</altitude>
					<heading>14.13248176504642</heading>
					<tilt>12.67170174253569</tilt>
					<range>2080.24498335697</range>
					<altitudeMode>absolute</altitudeMode>
					<gx:fovy>35</gx:fovy>
				</LookAt>
				<styleUrl>#msn_ltblu-pushpin1</styleUrl>
				<Point>
					<coordinates>-70.39673112900353,-33.22620801463752,2255.649127578622</coordinates>
				</Point>
			</Placemark>
			<Placemark id="0CEDAB0D813414770139">
				<name>Tunel Viscachas</name>
				<LookAt>
					<longitude>-70.47670078199621</longitude>
					<latitude>-33.1881705902458</latitude>
					<altitude>2697.273471501447</altitude>
					<heading>63.66997065479784</heading>
					<tilt>36.15456590384808</tilt>
					<range>4709.259497027379</range>
					<altitudeMode>absolute</altitudeMode>
					<gx:fovy>35</gx:fovy>
				</LookAt>
				<styleUrl>#__managed_style_09C25839183D3D1AF224</styleUrl>
				<LineString>
					<coordinates>
						-70.48312123517957,-33.19636111823853,0 -70.44831225651741,-33.20646611293105,0 
					</coordinates>
				</LineString>
			</Placemark>
			<Placemark id="039AB5EBCB341477F716">
				<name>Punto Alto Venteo (Km 37)</name>
				<LookAt>
					<longitude>-70.45136158498116</longitude>
					<latitude>-33.20421821453829</latitude>
					<altitude>2586.313792915028</altitude>
					<heading>63.66796274971097</heading>
					<tilt>36.13351181542889</tilt>
					<range>736.9813253512984</range>
					<altitudeMode>absolute</altitudeMode>
					<gx:fovy>35</gx:fovy>
				</LookAt>
				<styleUrl>#msn_ltblu-pushpin1</styleUrl>
				<Point>
					<coordinates>-70.44795077342938,-33.2067962875804,2486.701591128616</coordinates>
				</Point>
			</Placemark>
			<Placemark id="0745411B3B3414ADBB14">
				<name>Tunel Ortiga</name>
				<LookAt>
					<longitude>-70.35232962407092</longitude>
					<latitude>-33.18416730487391</latitude>
					<altitude>3146.747065068684</altitude>
					<heading>-35.11427964552171</heading>
					<tilt>0.05918610645187162</tilt>
					<range>1279.958912650327</range>
					<altitudeMode>absolute</altitudeMode>
					<gx:fovy>35</gx:fovy>
				</LookAt>
				<styleUrl>#__managed_style_3D4A21614A3D3D1AF224</styleUrl>
				<LineString>
					<coordinates>
						-70.33691139461159,-33.18268872063224,0 -70.35965754847834,-33.18584730052446,0 -70.3613968615077,-33.18608324221692,0 
					</coordinates>
				</LineString>
			</Placemark>
			<Placemark id="09BCB4A8BF3449D81D19">
				<name>Puente El Durazno</name>
				<LookAt>
					<longitude>-70.55425163270799</longitude>
					<latitude>-33.19761378138172</latitude>
					<altitude>1143.23143925586</altitude>
					<heading>0</heading>
					<tilt>0</tilt>
					<range>169.6901350150802</range>
					<altitudeMode>absolute</altitudeMode>
					<gx:fovy>57.28376553760381</gx:fovy>
				</LookAt>
				<styleUrl>#msn_ltblu-pushpin1</styleUrl>
				<Point>
					<coordinates>-70.55307363063525,-33.19807383054167,1132.243801000903</coordinates>
				</Point>
			</Placemark>
			<Placemark id="01F7FFAF473449D8D572">
				<name>Salida By Pass Duraznito</name>
				<Camera>
					<longitude>-70.54896514266478</longitude>
					<latitude>-33.19368693361712</latitude>
					<altitude>9084.996313089956</altitude>
					<heading>-27.37172361652259</heading>
					<tilt>0.02495686953807023</tilt>
					<roll>-20.02675750925196</roll>
					<gx:altitudeMode>relativeToSeaFloor</gx:altitudeMode>
				</Camera>
				<styleUrl>#msn_ltblu-pushpin0</styleUrl>
				<Point>
					<coordinates>-70.55199067574725,-33.19169908694784,1262.590458313491</coordinates>
				</Point>
			</Placemark>
			<Placemark id="05DFEA87B83449E1004F">
				<name>Intersección Lomas de Caballo (Km 22,3)</name>
				<LookAt>
					<longitude>-70.50371026894258</longitude>
					<latitude>-33.19224537746785</latitude>
					<altitude>2028.036840570847</altitude>
					<heading>0</heading>
					<tilt>0</tilt>
					<range>723.5167625552276</range>
					<altitudeMode>absolute</altitudeMode>
					<gx:fovy>57.28376553760381</gx:fovy>
				</LookAt>
				<styleUrl>#msn_ltblu-pushpin1</styleUrl>
				<Point>
					<coordinates>-70.50748392145474,-33.19255044832895,1984.755980057251</coordinates>
				</Point>
			</Placemark>
			<Placemark id="0EA834F1273449E4653F">
				<name>Z Chica</name>
				<LookAt>
					<longitude>-70.49263297020134</longitude>
					<latitude>-33.19111298874743</latitude>
					<altitude>2252.55643953825</altitude>
					<heading>0</heading>
					<tilt>0</tilt>
					<range>498.9972117650906</range>
					<altitudeMode>absolute</altitudeMode>
					<gx:fovy>57.28376553760381</gx:fovy>
				</LookAt>
				<styleUrl>#msn_ltblu-pushpin1</styleUrl>
				<Point>
					<coordinates>-70.49425679844541,-33.19252181444273,2234.27231469548</coordinates>
				</Point>
			</Placemark>
			<Placemark id="0D8B194D903449E55BE9">
				<name>La greda</name>
				<LookAt>
					<longitude>-70.49006036328352</longitude>
					<latitude>-33.1923120146228</latitude>
					<altitude>2297.17817987376</altitude>
					<heading>0</heading>
					<tilt>0</tilt>
					<range>265.7244319783422</range>
					<altitudeMode>absolute</altitudeMode>
					<gx:fovy>57.28376553760381</gx:fovy>
				</LookAt>
				<styleUrl>#msn_ltblu-pushpin1</styleUrl>
				<Point>
					<coordinates>-70.48887311458839,-33.19238495425218,2323.883171680224</coordinates>
				</Point>
			</Placemark>
			<Placemark id="03B1E277ED3449F2108A">
				<name>Puente El Arrayán</name>
				<LookAt>
					<longitude>-70.42722041035243</longitude>
					<latitude>-33.19267793538909</latitude>
					<altitude>2341.980714110803</altitude>
					<heading>0</heading>
					<tilt>0</tilt>
					<range>118.4278444918891</range>
					<altitudeMode>absolute</altitudeMode>
					<gx:fovy>57.28376553760381</gx:fovy>
				</LookAt>
				<styleUrl>#__managed_style_09C4A1A92B3D3D1AF1F3</styleUrl>
				<Point>
					<coordinates>-70.42700371186346,-33.19278379162295,2344.788090728421</coordinates>
				</Point>
			</Placemark>
			<Placemark id="08F506E2743449EC5EA1">
				<name>Salida By Pass Lomas de Caballo</name>
				<LookAt>
					<longitude>-70.48460771207949</longitude>
					<latitude>-33.19308850370988</latitude>
					<altitude>2432.053819569122</altitude>
					<heading>359.9999991404968</heading>
					<tilt>0</tilt>
					<range>436.3387969454925</range>
					<altitudeMode>absolute</altitudeMode>
					<gx:fovy>57.28376553760381</gx:fovy>
				</LookAt>
				<styleUrl>#__managed_style_09C4A1A92B3D3D1AF1F3</styleUrl>
				<Point>
					<coordinates>-70.48299326229632,-33.19268869601723,2445.833979306573</coordinates>
				</Point>
			</Placemark>
			<Placemark id="0E88D8D12F3449F7A8AC">
				<name>Puente Ortiga (Km 51)</name>
				<LookAt>
					<longitude>-70.37206838223375</longitude>
					<latitude>-33.21180315821098</latitude>
					<altitude>2382.327123072302</altitude>
					<heading>0</heading>
					<tilt>0</tilt>
					<range>148.0125435306763</range>
					<altitudeMode>absolute</altitudeMode>
					<gx:fovy>57.28376553760381</gx:fovy>
				</LookAt>
				<styleUrl>#__managed_style_09C4A1A92B3D3D1AF1F3</styleUrl>
				<Point>
					<coordinates>-70.37112617120184,-33.21192308726762,2374.330279850205</coordinates>
				</Point>
			</Placemark>
			<Placemark id="03D1FAE5CB3449F5A64E">
				<name>SAR 3</name>
				<LookAt>
					<longitude>-70.52434112100997</longitude>
					<latitude>-33.19117869013367</latitude>
					<altitude>1770.729823031806</altitude>
					<heading>0</heading>
					<tilt>0</tilt>
					<range>369.3937314795039</range>
					<altitudeMode>absolute</altitudeMode>
					<gx:fovy>57.28376553760381</gx:fovy>
				</LookAt>
				<styleUrl>#__managed_style_09C4A1A92B3D3D1AF1F3</styleUrl>
				<Point>
					<coordinates>-70.52644509168005,-33.19151139017739,1728.07295742503</coordinates>
				</Point>
			</Placemark>
			<Placemark id="0706F0241F3A3B230263">
				<name>CONTROL RUTA STP</name>
				<LookAt>
					<longitude>-70.56988892160217</longitude>
					<latitude>-33.19665388134852</latitude>
					<altitude>1119.440103938821</altitude>
					<heading>-5.750194884126563</heading>
					<tilt>16.15920265597341</tilt>
					<range>214.7936043035953</range>
					<altitudeMode>absolute</altitudeMode>
					<gx:fovy>35</gx:fovy>
				</LookAt>
				<styleUrl>#__managed_style_09C4A1A92B3D3D1AF1F3</styleUrl>
				<Point>
					<coordinates>-70.56994102250728,-33.19672413776602,1119.124522765111</coordinates>
				</Point>
			</Placemark>
			<Placemark>
				<name>Túnel San Francisco</name>
				<Camera>
					<longitude>-70.3379794420641</longitude>
					<latitude>-33.19180947810652</latitude>
					<altitude>2385.87012041455</altitude>
					<heading>1.097791683156611</heading>
					<tilt>6.829910887698902</tilt>
					<roll>-1.199362218006586</roll>
					<gx:altitudeMode>relativeToSeaFloor</gx:altitudeMode>
				</Camera>
				<styleUrl>#msn_ltblu-pushpin</styleUrl>
				<Point>
					<gx:drawOrder>1</gx:drawOrder>
					<coordinates>-70.34126377886453,-33.19806529225396,0</coordinates>
				</Point>
			</Placemark>
		</Folder>
		<Folder id="05508A6AE13315267EAE">
			<name>Perez Caldera</name>
			<styleUrl>#__managed_style_08C3A00A423D3D1AF1E302</styleUrl>
			<Placemark id="02EAC6410A331A712EC9">
				<name>Bodega Perez Caldera</name>
				<LookAt>
					<longitude>-70.34046171181248</longitude>
					<latitude>-33.18930964217545</latitude>
					<altitude>2647.700543709304</altitude>
					<heading>0</heading>
					<tilt>0</tilt>
					<range>438.5699190150626</range>
					<altitudeMode>absolute</altitudeMode>
					<gx:fovy>30.0000004546614</gx:fovy>
				</LookAt>
				<styleUrl>#msn_purple-pushpin</styleUrl>
				<Point>
					<coordinates>-70.34065952126475,-33.18909692233147,2655.235656188112</coordinates>
				</Point>
			</Placemark>
			<Placemark id="0C66AE7776331A78C290">
				<name>Edificio 8</name>
				<LookAt>
					<longitude>-70.33979295229781</longitude>
					<latitude>-33.18989048653339</latitude>
					<altitude>2646.367932040445</altitude>
					<heading>0</heading>
					<tilt>0</tilt>
					<range>305.3026397106805</range>
					<altitudeMode>absolute</altitudeMode>
					<gx:fovy>30.0000004546614</gx:fovy>
				</LookAt>
				<styleUrl>#msn_purple-pushpin</styleUrl>
				<Point>
					<coordinates>-70.33937683931065,-33.18970080451793,2652.329248759595</coordinates>
				</Point>
			</Placemark>
			<Placemark id="007898EEBE331A882775">
				<name>Edificio 7</name>
				<LookAt>
					<longitude>-70.33979020258123</longitude>
					<latitude>-33.18994456218893</latitude>
					<altitude>2647.255561241532</altitude>
					<heading>0</heading>
					<tilt>0</tilt>
					<range>304.4150303655989</range>
					<altitudeMode>absolute</altitudeMode>
					<gx:fovy>30.0000004546614</gx:fovy>
				</LookAt>
				<styleUrl>#msn_purple-pushpin</styleUrl>
				<Point>
					<coordinates>-70.33943515571545,-33.18988525191859,2652.704736493934</coordinates>
				</Point>
			</Placemark>
			<Placemark id="01655EDD50331A884E96">
				<name>Edificio 6</name>
				<LookAt>
					<longitude>-70.33979020258123</longitude>
					<latitude>-33.18994456218893</latitude>
					<altitude>2647.255561241532</altitude>
					<heading>0</heading>
					<tilt>0</tilt>
					<range>304.4150303655989</range>
					<altitudeMode>absolute</altitudeMode>
					<gx:fovy>30.0000004546614</gx:fovy>
				</LookAt>
				<styleUrl>#msn_purple-pushpin</styleUrl>
				<Point>
					<coordinates>-70.33953099562592,-33.19008590589013,2652.132167439859</coordinates>
				</Point>
			</Placemark>
			<Placemark id="09FE673945331A8877FD">
				<name>Edificio 5</name>
				<LookAt>
					<longitude>-70.33987562994753</longitude>
					<latitude>-33.19024897360855</latitude>
					<altitude>2648.242487660856</altitude>
					<heading>0</heading>
					<tilt>0</tilt>
					<range>303.4281050072605</range>
					<altitudeMode>absolute</altitudeMode>
					<gx:fovy>30.0000004546614</gx:fovy>
				</LookAt>
				<styleUrl>#msn_purple-pushpin</styleUrl>
				<Point>
					<coordinates>-70.33959301458538,-33.19027262416414,2652.165554171517</coordinates>
				</Point>
			</Placemark>
			<Placemark id="0AC2692353331A88A255">
				<name>Edificio 4</name>
				<LookAt>
					<longitude>-70.34004107684662</longitude>
					<latitude>-33.19060780343002</latitude>
					<altitude>2648.094933563179</altitude>
					<heading>0</heading>
					<tilt>0</tilt>
					<range>303.5756767823841</range>
					<altitudeMode>absolute</altitudeMode>
					<gx:fovy>30.0000004546614</gx:fovy>
				</LookAt>
				<styleUrl>#msn_purple-pushpin</styleUrl>
				<Point>
					<coordinates>-70.33963030351839,-33.19050909345616,2658.597796280284</coordinates>
				</Point>
			</Placemark>
			<Placemark id="07A3721514331A88C5B9">
				<name>Edificio 3</name>
				<LookAt>
					<longitude>-70.34004107684662</longitude>
					<latitude>-33.19060780343002</latitude>
					<altitude>2648.094933563179</altitude>
					<heading>0</heading>
					<tilt>0</tilt>
					<range>303.5756767823841</range>
					<altitudeMode>absolute</altitudeMode>
					<gx:fovy>30.0000004546614</gx:fovy>
				</LookAt>
				<styleUrl>#msn_purple-pushpin</styleUrl>
				<Point>
					<coordinates>-70.33972832082907,-33.19070694350671,2657.589744916942</coordinates>
				</Point>
			</Placemark>
			<Placemark id="0937CF702F331A88FF1A">
				<name>Edificio 2</name>
				<LookAt>
					<longitude>-70.34015428950491</longitude>
					<latitude>-33.19087376711111</latitude>
					<altitude>2650.65898532163</altitude>
					<heading>0</heading>
					<tilt>0</tilt>
					<range>301.0115853204115</range>
					<altitudeMode>absolute</altitudeMode>
					<gx:fovy>30.0000004546614</gx:fovy>
				</LookAt>
				<styleUrl>#msn_purple-pushpin</styleUrl>
				<Point>
					<coordinates>-70.33983725775072,-33.19089824789608,2656.112369496096</coordinates>
				</Point>
			</Placemark>
			<Placemark id="0815FC7CFD331A977A8F">
				<name>Edificio 1</name>
				<LookAt>
					<longitude>-70.34018838686535</longitude>
					<latitude>-33.19094754689929</latitude>
					<altitude>2651.205130234285</altitude>
					<heading>0</heading>
					<tilt>0</tilt>
					<range>222.6618430238523</range>
					<altitudeMode>absolute</altitudeMode>
					<gx:fovy>30.0000004546614</gx:fovy>
				</LookAt>
				<styleUrl>#msn_purple-pushpin</styleUrl>
				<Point>
					<coordinates>-70.33995353952187,-33.19108906643901,2656.642051655177</coordinates>
				</Point>
			</Placemark>
			<Placemark id="0FABDE5BA3331A97C379">
				<name>Andenes Perez Caldera</name>
				<LookAt>
					<longitude>-70.34069897874744</longitude>
					<latitude>-33.19182700211917</latitude>
					<altitude>2647.791927904992</altitude>
					<heading>0</heading>
					<tilt>0</tilt>
					<range>226.07504583837</range>
					<altitudeMode>absolute</altitudeMode>
					<gx:fovy>30.0000004546614</gx:fovy>
				</LookAt>
				<styleUrl>#msn_purple-pushpin</styleUrl>
				<Point>
					<coordinates>-70.34047373082467,-33.19174081965777,2654.225679181267</coordinates>
				</Point>
			</Placemark>
		</Folder>
		<Folder id="038947D9F6332B02DDCF">
			<name>Botaderos</name>
			<styleUrl>#__managed_style_08C3A00A423D3D1AF1E302</styleUrl>
			<Placemark id="092970E5DB3327A02A71">
				<name>Botadero San Francisco 3535</name>
				<LookAt>
					<longitude>-70.29900042556005</longitude>
					<latitude>-33.15954434682827</latitude>
					<altitude>3465.238112554978</altitude>
					<heading>18.58072156443149</heading>
					<tilt>2.123240072587352</tilt>
					<range>793.8831198179105</range>
					<altitudeMode>absolute</altitudeMode>
					<gx:fovy>30.0000004546614</gx:fovy>
				</LookAt>
				<styleUrl>#msn_donut</styleUrl>
				<Point>
					<coordinates>-70.3089110281187,-33.16292625061752,3470.866800259618</coordinates>
				</Point>
			</Placemark>
			<Placemark id="0B9F262D623327A8B097">
				<name>bOTADERO stk 3630 ENTREDIENTE</name>
				<LookAt>
					<longitude>-70.27953866460854</longitude>
					<latitude>-33.18406118340911</latitude>
					<altitude>0</altitude>
					<heading>14.74283460696335</heading>
					<tilt>11.04412368023834</tilt>
					<range>10440.6469255968</range>
					<gx:altitudeMode>relativeToSeaFloor</gx:altitudeMode>
				</LookAt>
				<styleUrl>#msn_donut</styleUrl>
				<Point>
					<coordinates>-70.31765264880781,-33.17340618532953,3489.470297048882</coordinates>
				</Point>
			</Placemark>
			<Placemark id="0E0E3A572F3327AC0EB1">
				<name>Botadero San Francisco Lix</name>
				<LookAt>
					<longitude>-70.27953866460854</longitude>
					<latitude>-33.18406118340911</latitude>
					<altitude>0</altitude>
					<heading>14.74283460696335</heading>
					<tilt>11.04412368023834</tilt>
					<range>10440.6469255968</range>
					<gx:altitudeMode>relativeToSeaFloor</gx:altitudeMode>
				</LookAt>
				<styleUrl>#msn_donut</styleUrl>
				<Point>
					<coordinates>-70.3220661257461,-33.17155108827144,3336.320269248305</coordinates>
				</Point>
			</Placemark>
			<Placemark id="02CEEE1ACF3327AEA2E9">
				<name>Botadero San Francisco 3170 CLASE Z</name>
				<LookAt>
					<longitude>-70.31283729336637</longitude>
					<latitude>-33.17249126684763</latitude>
					<altitude>3131.771463789532</altitude>
					<heading>47.39804794774626</heading>
					<tilt>5.48923151075579</tilt>
					<range>4981.568847227027</range>
					<altitudeMode>absolute</altitudeMode>
					<gx:fovy>30.0000004546614</gx:fovy>
				</LookAt>
				<styleUrl>#msn_donut</styleUrl>
				<Point>
					<coordinates>-70.31486427486411,-33.17432930821265,3188.840115770588</coordinates>
				</Point>
			</Placemark>
			<Placemark id="00837AC5913327AFFB7A">
				<name>Botadero San Francisco Clase 1 PRISMA INF.</name>
				<LookAt>
					<longitude>-70.31860052481493</longitude>
					<latitude>-33.16744852008429</latitude>
					<altitude>3248.419356075862</altitude>
					<heading>47.40120157851543</heading>
					<tilt>5.489130749254833</tilt>
					<range>4864.383275705623</range>
					<altitudeMode>absolute</altitudeMode>
					<gx:fovy>30.0000004546614</gx:fovy>
				</LookAt>
				<styleUrl>#msn_donut</styleUrl>
				<Point>
					<coordinates>-70.32067058403653,-33.16922151333218,3106.52419887956</coordinates>
				</Point>
			</Placemark>
			<Placemark id="0A703C8164332795BC6B">
				<name>Botadero  San FraNCISCO 3580</name>
				<LookAt>
					<longitude>-70.29269139012744</longitude>
					<latitude>-33.16239704026935</latitude>
					<altitude>3596.498886720336</altitude>
					<heading>56.84578732805647</heading>
					<tilt>0.1150235378400672</tilt>
					<range>5072.799586722977</range>
					<altitudeMode>absolute</altitudeMode>
					<gx:fovy>30.0000004546614</gx:fovy>
				</LookAt>
				<styleUrl>#msn_donut</styleUrl>
				<Point>
					<coordinates>-70.30140361284685,-33.16006159477844,3390.75376497244</coordinates>
				</Point>
			</Placemark>
			<Placemark id="08DFA1CEFE3327AA81F9">
				<name>Botadero San Francisco Borde 3645 Esteril</name>
				<LookAt>
					<longitude>-70.30176320291869</longitude>
					<latitude>-33.1644248049589</latitude>
					<altitude>3366.985458084208</altitude>
					<heading>18.57936609060836</heading>
					<tilt>2.123171419739101</tilt>
					<range>587.691580207902</range>
					<altitudeMode>absolute</altitudeMode>
					<gx:fovy>30.0000004546614</gx:fovy>
				</LookAt>
				<styleUrl>#msn_donut</styleUrl>
				<Point>
					<coordinates>-70.30141106586738,-33.16461368440432,3372.898147426938</coordinates>
				</Point>
			</Placemark>
		</Folder>
		<Folder id="01B1DE07CF343E876D32">
			<name>Puntos de Interes</name>
			<styleUrl>#__managed_style_08C3A00A423D3D1AF1E302</styleUrl>
			<Placemark id="0CC636E150341472FE65">
				<name>R/E Viscachas</name>
				<LookAt>
					<longitude>-70.46729318968225</longitude>
					<latitude>-33.19966297469882</latitude>
					<altitude>2920.82366847198</altitude>
					<heading>14.17048937282899</heading>
					<tilt>12.66852701773822</tilt>
					<range>469.9458061099723</range>
					<altitudeMode>absolute</altitudeMode>
					<gx:fovy>35</gx:fovy>
				</LookAt>
				<styleUrl>#msn_movies</styleUrl>
				<Point>
					<coordinates>-70.46763569711075,-33.19942334306326,2931.028798626615</coordinates>
				</Point>
			</Placemark>
			<Placemark id="058260FCD53414719292">
				<name>R/E Tornamesa</name>
				<LookAt>
					<longitude>-70.41009491144663</longitude>
					<latitude>-33.23048011892859</latitude>
					<altitude>2234.354039151313</altitude>
					<heading>14.13967066527974</heading>
					<tilt>12.66809760303891</tilt>
					<range>252.0803586752299</range>
					<altitudeMode>absolute</altitudeMode>
					<gx:fovy>35</gx:fovy>
				</LookAt>
				<styleUrl>#msn_movies</styleUrl>
				<Point>
					<coordinates>-70.40951455159836,-33.23069733483188,2261.980195665258</coordinates>
				</Point>
			</Placemark>
			<Placemark id="062F369BF633153AB07A">
				<name>IROC Titanium</name>
				<LookAt>
					<longitude>-70.6038518</longitude>
					<latitude>-33.4133297</latitude>
					<altitude>626.9328570258782</altitude>
					<heading>0</heading>
					<tilt>0</tilt>
					<range>500</range>
					<altitudeMode>absolute</altitudeMode>
					<gx:fovy>35</gx:fovy>
				</LookAt>
				<styleUrl>#msn_phone</styleUrl>
				<ExtendedData>
					<SchemaData schemaUrl="#__managed_schema">
						<SimpleData name="0956E0217C33153AB085">16</SimpleData>
					</SchemaData>
				</ExtendedData>
				<Point>
					<extrude>1</extrude>
					<coordinates>-70.60381743202161,-33.41284594342908,625.4443748229224</coordinates>
				</Point>
			</Placemark>
			<Placemark id="0A045F7AA134499DAF11">
				<name>Tunel Dolores</name>
				<description><![CDATA[<div><b>Km 45</b></div>]]></description>
				<LookAt>
					<longitude>-70.31175145427164</longitude>
					<latitude>-33.14900554020033</latitude>
					<altitude>3255.108305446709</altitude>
					<heading>0</heading>
					<tilt>0</tilt>
					<range>5240.149270932307</range>
					<altitudeMode>absolute</altitudeMode>
					<gx:fovy>30</gx:fovy>
				</LookAt>
				<styleUrl>#msn_subway</styleUrl>
				<Point>
					<coordinates>-70.30417511745635,-33.15106774997566,3657.735600068161</coordinates>
				</Point>
			</Placemark>
			<Placemark id="0A62D26EEE34499E51BA">
				<name>Tunel Corrugado</name>
				<LookAt>
					<longitude>-70.29746380748286</longitude>
					<latitude>-33.15239933199546</latitude>
					<altitude>3486.09786213728</altitude>
					<heading>0</heading>
					<tilt>0</tilt>
					<range>684.5350535200123</range>
					<altitudeMode>absolute</altitudeMode>
					<gx:fovy>30</gx:fovy>
				</LookAt>
				<styleUrl>#msn_subway</styleUrl>
				<Point>
					<coordinates>-70.2948561575358,-33.15291742132469,3359.29362810867</coordinates>
				</Point>
			</Placemark>
			<Placemark id="086BA454A534498AD62E">
				<name>Perez Caldera</name>
				<description><![CDATA[<div><b>Km 37</b><br></div><div><br></div>]]></description>
				<LookAt>
					<longitude>-70.33593053729035</longitude>
					<latitude>-33.18978337284451</latitude>
					<altitude>2802.688286887624</altitude>
					<heading>0</heading>
					<tilt>0</tilt>
					<range>3549.42016184621</range>
					<altitudeMode>absolute</altitudeMode>
					<gx:fovy>30</gx:fovy>
				</LookAt>
				<styleUrl>#__managed_style_1981959A1C3D3D1AF1E90</styleUrl>
				<Point>
					<coordinates>-70.33914615280516,-33.19156104621806,2673.517965338056</coordinates>
				</Point>
			</Placemark>
			<Placemark id="0C1BFBC3C336E5970D14">
				<name>R/E EL ANGULO</name>
				<LookAt>
					<longitude>-70.32182998769186</longitude>
					<latitude>-33.18165256026347</latitude>
					<altitude>3572.800647323546</altitude>
					<heading>14.76463144781299</heading>
					<tilt>0</tilt>
					<range>1074.246222243092</range>
					<altitudeMode>absolute</altitudeMode>
					<gx:fovy>35.00007473911914</gx:fovy>
				</LookAt>
				<styleUrl>#msn_movies</styleUrl>
				<Point>
					<coordinates>-70.31977697791882,-33.18180617535712,3656.482598697055</coordinates>
				</Point>
			</Placemark>
			<Placemark>
				<name>R/E EL TOLLO</name>
				<LookAt>
					<longitude>-70.35781958321469</longitude>
					<latitude>-33.36530332096845</latitude>
					<altitude>0</altitude>
					<heading>-7.12004909608892</heading>
					<tilt>17.49901030061617</tilt>
					<range>292.8761291484966</range>
					<gx:altitudeMode>relativeToSeaFloor</gx:altitudeMode>
				</LookAt>
				<styleUrl>#msn_movies</styleUrl>
				<Point>
					<gx:drawOrder>1</gx:drawOrder>
					<coordinates>-70.35865942952515,-33.36551099372814,0</coordinates>
				</Point>
			</Placemark>
			<Placemark>
				<name>R/E TORTOLAS</name>
				<LookAt>
					<longitude>-70.71377279115327</longitude>
					<latitude>-33.14344878562129</latitude>
					<altitude>0</altitude>
					<heading>0.2075545669142502</heading>
					<tilt>45.77297893240802</tilt>
					<range>252.2165375271122</range>
					<gx:altitudeMode>relativeToSeaFloor</gx:altitudeMode>
				</LookAt>
				<styleUrl>#msn_movies</styleUrl>
				<Point>
					<gx:drawOrder>1</gx:drawOrder>
					<coordinates>-70.71457298990266,-33.14350667149713,0</coordinates>
				</Point>
			</Placemark>
		</Folder>
		<Folder id="0AF5DBB8353A38639587">
			<name>BARRERAS</name>
			<open>1</open>
			<styleUrl>#__managed_style_08C3A00A423D3D1AF1E302</styleUrl>
			<Folder id="0AF5DBB8353A38639587">
				<name>BARRERAS</name>
				<open>1</open>
				<styleUrl>#__managed_style_08C3A00A423D3D1AF1E302</styleUrl>
				<Folder id="0AF5DBB8353A38639587">
					<name>BARRERAS</name>
					<open>1</open>
					<styleUrl>#__managed_style_08C3A00A423D3D1AF1E302</styleUrl>
					<Placemark id="02DA00434537B259F284">
						<name>Barrera +1000</name>
						<LookAt>
							<longitude>-70.28497837721753</longitude>
							<latitude>-33.1485694632823</latitude>
							<altitude>3432.454069946961</altitude>
							<heading>7.714310428088595</heading>
							<tilt>0.9285915243882988</tilt>
							<range>544.1555656088896</range>
							<altitudeMode>absolute</altitudeMode>
							<gx:fovy>35</gx:fovy>
						</LookAt>
						<styleUrl>#msn_forbidden</styleUrl>
						<Point>
							<coordinates>-70.28566788293519,-33.14904777905551,3431.153944766123</coordinates>
						</Point>
					</Placemark>
					<Placemark id="076B1A179E37B25C6566">
						<name>Barrera BGAR</name>
						<LookAt>
							<longitude>-70.29247789249253</longitude>
							<latitude>-33.1484543840385</latitude>
							<altitude>3388.704863686557</altitude>
							<heading>7.715022036156652</heading>
							<tilt>0.928547319484183</tilt>
							<range>240.6749865166785</range>
							<altitudeMode>absolute</altitudeMode>
							<gx:fovy>35</gx:fovy>
						</LookAt>
						<styleUrl>#msn_forbidden</styleUrl>
						<Point>
							<coordinates>-70.29263493991778,-33.14844227547081,3390.989114288549</coordinates>
						</Point>
					</Placemark>
					<Placemark id="08D61FA99B3A386BAC2F">
						<name>Barrera Corrugado</name>
						<description><![CDATA[<div>Ingreso a Autonomia</div>]]></description>
						<LookAt>
							<longitude>-70.29555662206498</longitude>
							<latitude>-33.15336174732757</latitude>
							<altitude>3376.626122127072</altitude>
							<heading>-5.896210191252806</heading>
							<tilt>16.16129272441922</tilt>
							<range>1050.406670645607</range>
							<altitudeMode>absolute</altitudeMode>
							<gx:fovy>35</gx:fovy>
						</LookAt>
						<styleUrl>#msn_forbidden</styleUrl>
						<Point>
							<coordinates>-70.29520329731551,-33.15405146324938,3361.491032595279</coordinates>
						</Point>
					</Placemark>
				</Folder>
				<Placemark id="076B1A179E37B25C6566">
					<name>Barrera BGAR</name>
					<LookAt>
						<longitude>-70.29247789249253</longitude>
						<latitude>-33.1484543840385</latitude>
						<altitude>3388.704863686557</altitude>
						<heading>7.715022036156652</heading>
						<tilt>0.928547319484183</tilt>
						<range>240.6749865166785</range>
						<altitudeMode>absolute</altitudeMode>
						<gx:fovy>35</gx:fovy>
					</LookAt>
					<styleUrl>#msn_forbidden</styleUrl>
					<Point>
						<coordinates>-70.29263493991778,-33.14844227547081,3390.989114288549</coordinates>
					</Point>
				</Placemark>
				<Placemark id="08D61FA99B3A386BAC2F">
					<name>Barrera Corrugado</name>
					<description><![CDATA[<div>Ingreso a Autonomia</div>]]></description>
					<LookAt>
						<longitude>-70.29555662206498</longitude>
						<latitude>-33.15336174732757</latitude>
						<altitude>3376.626122127072</altitude>
						<heading>-5.896210191252806</heading>
						<tilt>16.16129272441922</tilt>
						<range>1050.406670645607</range>
						<altitudeMode>absolute</altitudeMode>
						<gx:fovy>35</gx:fovy>
					</LookAt>
					<styleUrl>#msn_forbidden</styleUrl>
					<Point>
						<coordinates>-70.29520329731551,-33.15405146324938,3361.491032595279</coordinates>
					</Point>
				</Placemark>
				<Placemark id="02DA00434537B259F284">
					<name>Barrera +1000</name>
					<LookAt>
						<longitude>-70.28497837721753</longitude>
						<latitude>-33.1485694632823</latitude>
						<altitude>3432.454069946961</altitude>
						<heading>7.714310428088595</heading>
						<tilt>0.9285915243882988</tilt>
						<range>544.1555656088896</range>
						<altitudeMode>absolute</altitudeMode>
						<gx:fovy>35</gx:fovy>
					</LookAt>
					<styleUrl>#msn_forbidden</styleUrl>
					<Point>
						<coordinates>-70.28566788293519,-33.14904777905551,3431.153944766123</coordinates>
					</Point>
				</Placemark>
			</Folder>
			<Placemark id="02DA00434537B259F284">
				<name>Barrera +1000</name>
				<LookAt>
					<longitude>-70.28497837721753</longitude>
					<latitude>-33.1485694632823</latitude>
					<altitude>3432.454069946961</altitude>
					<heading>7.714310428088595</heading>
					<tilt>0.9285915243882988</tilt>
					<range>544.1555656088896</range>
					<altitudeMode>absolute</altitudeMode>
					<gx:fovy>35</gx:fovy>
				</LookAt>
				<styleUrl>#msn_forbidden</styleUrl>
				<Point>
					<coordinates>-70.28566788293519,-33.14904777905551,3431.153944766123</coordinates>
				</Point>
			</Placemark>
			<Placemark id="076B1A179E37B25C6566">
				<name>Barrera BGAR</name>
				<LookAt>
					<longitude>-70.29247789249253</longitude>
					<latitude>-33.1484543840385</latitude>
					<altitude>3388.704863686557</altitude>
					<heading>7.715022036156652</heading>
					<tilt>0.928547319484183</tilt>
					<range>240.6749865166785</range>
					<altitudeMode>absolute</altitudeMode>
					<gx:fovy>35</gx:fovy>
				</LookAt>
				<styleUrl>#msn_forbidden</styleUrl>
				<Point>
					<coordinates>-70.29263493991778,-33.14844227547081,3390.989114288549</coordinates>
				</Point>
			</Placemark>
			<Placemark id="08D61FA99B3A386BAC2F">
				<name>Barrera Corrugado</name>
				<description><![CDATA[<div>Ingreso a Autonomia</div>]]></description>
				<LookAt>
					<longitude>-70.29555662206498</longitude>
					<latitude>-33.15336174732757</latitude>
					<altitude>3376.626122127072</altitude>
					<heading>-5.896210191252806</heading>
					<tilt>16.16129272441922</tilt>
					<range>1050.406670645607</range>
					<altitudeMode>absolute</altitudeMode>
					<gx:fovy>35</gx:fovy>
				</LookAt>
				<styleUrl>#msn_forbidden</styleUrl>
				<Point>
					<coordinates>-70.29520329731551,-33.15405146324938,3361.491032595279</coordinates>
				</Point>
			</Placemark>
		</Folder>
	</Folder>
	<Folder id="0AF628B8583310D53155">
		<name>Camaras</name>
		<description><![CDATA[<div>Ubicación aproximada de cámaras</div>]]></description>
		<styleUrl>#__managed_style_096CE0C23A3D3D1AF1E1</styleUrl>
		<Folder id="096917EEA9331AB2D46D">
			<name>La Ermita - Paso Marchat- Otros</name>
			<styleUrl>#__managed_style_08C3A00A423D3D1AF1E302</styleUrl>
			<Placemark id="05EA9F4FD0331ACF3869">
				<name>1009 - Casino Posterior Ermita</name>
				<LookAt>
					<longitude>-70.39744809012689</longitude>
					<latitude>-33.36970277513175</latitude>
					<altitude>1170.03429129628</altitude>
					<heading>355.5976571841784</heading>
					<tilt>0</tilt>
					<range>150.382951383599</range>
					<altitudeMode>absolute</altitudeMode>
					<gx:fovy>30.0000004546614</gx:fovy>
				</LookAt>
				<styleUrl>#msn_camera</styleUrl>
				<Point>
					<coordinates>-70.39743938742288,-33.36973716025476,1170.777012109877</coordinates>
				</Point>
			</Placemark>
			<Placemark id="030210E734331AD23114">
				<name>1007 - Casino Frontal Ermita</name>
				<LookAt>
					<longitude>-70.39741175322592</longitude>
					<latitude>-33.36957686725503</latitude>
					<altitude>1170.894572958728</altitude>
					<heading>355.5976552762453</heading>
					<tilt>0</tilt>
					<range>81.27469159736393</range>
					<altitudeMode>absolute</altitudeMode>
					<gx:fovy>30.0000004546614</gx:fovy>
				</LookAt>
				<styleUrl>#msn_camera</styleUrl>
				<Point>
					<coordinates>-70.39732474774857,-33.36951829727789,1170.822991938465</coordinates>
				</Point>
			</Placemark>
			<Placemark id="0C86A1D0CD331AD63E07">
				<name>341 - Interior Somacor</name>
				<LookAt>
					<longitude>-70.34964820996989</longitude>
					<latitude>-33.26092739892655</latitude>
					<altitude>2069.306621026255</altitude>
					<heading>355.5976516437214</heading>
					<tilt>0</tilt>
					<range>300.8256082631488</range>
					<altitudeMode>absolute</altitudeMode>
					<gx:fovy>30.0000004546614</gx:fovy>
				</LookAt>
				<styleUrl>#msn_camera</styleUrl>
				<Point>
					<coordinates>-70.34929137578334,-33.26082377649373,2069.134407353823</coordinates>
				</Point>
			</Placemark>
			<Placemark id="0C789350163384968A28">
				<name>943 - Palomera</name>
				<LookAt>
					<longitude>-70.49391826838186</longitude>
					<latitude>-33.3655793185707</latitude>
					<altitude>880.3113743197919</altitude>
					<heading>125.0624789264535</heading>
					<tilt>40.58085363408833</tilt>
					<range>44.75451604415412</range>
					<altitudeMode>absolute</altitudeMode>
					<gx:fovy>46.6409137074588</gx:fovy>
				</LookAt>
				<styleUrl>#msn_camera</styleUrl>
				<Point>
					<coordinates>-70.49397441321887,-33.36557242666854,877.3971559716344</coordinates>
				</Point>
			</Placemark>
		</Folder>
		<Folder id="0F5554153B331AB339E4">
			<name>Las Tortolas</name>
			<styleUrl>#__managed_style_08C3A00A423D3D1AF1E302</styleUrl>
			<Placemark id="05A01603C4331ADD6108">
				<name>538 - Camara 3</name>
				<LookAt>
					<longitude>-70.68982273822223</longitude>
					<latitude>-33.15026851109879</latitude>
					<altitude>702.889832749283</altitude>
					<heading>355.597649777317</heading>
					<tilt>0</tilt>
					<range>221.8720895032675</range>
					<altitudeMode>absolute</altitudeMode>
					<gx:fovy>30.0000004546614</gx:fovy>
				</LookAt>
				<styleUrl>#msn_camera00</styleUrl>
				<Point>
					<coordinates>-70.68973572053672,-33.15032188739875,703.76496728464</coordinates>
				</Point>
			</Placemark>
			<Placemark id="02D4A5121B331ADDE87F">
				<name>537 - Camara 2</name>
				<LookAt>
					<longitude>-70.69209235364356</longitude>
					<latitude>-33.14929064056061</latitude>
					<altitude>700.6247668223259</altitude>
					<heading>355.5976487235447</heading>
					<tilt>0</tilt>
					<range>224.1371435783004</range>
					<altitudeMode>absolute</altitudeMode>
					<gx:fovy>30.0000004546614</gx:fovy>
				</LookAt>
				<styleUrl>#msn_camera00</styleUrl>
				<Point>
					<coordinates>-70.69197843571915,-33.14942035095395,702.4026215627761</coordinates>
				</Point>
			</Placemark>
			<Placemark id="0364A7809B331ADE5721">
				<name>536 - Camara 1</name>
				<LookAt>
					<longitude>-70.69364412188028</longitude>
					<latitude>-33.14875648172349</latitude>
					<altitude>698.9865405625078</altitude>
					<heading>355.5976478755738</heading>
					<tilt>0</tilt>
					<range>213.2759814527162</range>
					<altitudeMode>absolute</altitudeMode>
					<gx:fovy>30.0000004546614</gx:fovy>
				</LookAt>
				<styleUrl>#msn_camera00</styleUrl>
				<Point>
					<coordinates>-70.69370392371513,-33.14871844331139,699.7310288773151</coordinates>
				</Point>
			</Placemark>
			<Placemark id="0E68C2755B331AE21E08">
				<name>1085 - Ingreso Gerencia LT</name>
				<styleUrl>#msn_camera00</styleUrl>
				<Point>
					<extrude>1</extrude>
					<coordinates>-70.699375,-33.1470361,0</coordinates>
				</Point>
			</Placemark>
			<Placemark id="0A59544A7C331AE341C9">
				<name>1159 - Exterior LTO05</name>
				<LookAt>
					<longitude>-70.69966828404117</longitude>
					<latitude>-33.14746913179875</latitude>
					<altitude>707.2704766571103</altitude>
					<heading>0</heading>
					<tilt>0</tilt>
					<range>88.61639899856527</range>
					<altitudeMode>absolute</altitudeMode>
					<gx:fovy>34.99999999987539</gx:fovy>
				</LookAt>
				<styleUrl>#msn_camera00</styleUrl>
				<Point>
					<coordinates>-70.6996468798627,-33.14745140996719,707.9758119653912</coordinates>
				</Point>
			</Placemark>
			<Placemark id="03DC6E7A5D331AE3BD6A">
				<name>1161 - Estacionamiento Gerencia LT</name>
				<LookAt>
					<longitude>-70.69972787726495</longitude>
					<latitude>-33.14742381400499</latitude>
					<altitude>707.0666616743318</altitude>
					<heading>0</heading>
					<tilt>0</tilt>
					<range>75.52754508811631</range>
					<altitudeMode>absolute</altitudeMode>
					<gx:fovy>34.99999999987539</gx:fovy>
				</LookAt>
				<styleUrl>#msn_camera00</styleUrl>
				<Point>
					<coordinates>-70.69969748160612,-33.14741617923631,707.8065279996771</coordinates>
				</Point>
			</Placemark>
			<Placemark id="0D7F879C7C331AE48930">
				<name>1173 - Exterior Gerencia LT</name>
				<LookAt>
					<longitude>-70.69981633084471</longitude>
					<latitude>-33.14724158595249</latitude>
					<altitude>706.1412622494065</altitude>
					<heading>0</heading>
					<tilt>0</tilt>
					<range>40.03657083447707</range>
					<altitudeMode>absolute</altitudeMode>
					<gx:fovy>34.99999999987539</gx:fovy>
				</LookAt>
				<styleUrl>#msn_camera00</styleUrl>
				<Point>
					<coordinates>-70.69979319621062,-33.14716918373477,706.6442399880852</coordinates>
				</Point>
			</Placemark>
			<Placemark id="05EAB0868A331AE6CA63">
				<name>142 - Testigoteca Exterior</name>
				<LookAt>
					<longitude>-70.69975460652446</longitude>
					<latitude>-33.14255045120807</latitude>
					<altitude>709.5138312974802</altitude>
					<heading>0</heading>
					<tilt>0</tilt>
					<range>55.83903200316854</range>
					<altitudeMode>absolute</altitudeMode>
					<gx:fovy>34.99999999987539</gx:fovy>
				</LookAt>
				<styleUrl>#msn_camera00</styleUrl>
				<Point>
					<coordinates>-70.6998515677879,-33.14239039404934,710.4174346142246</coordinates>
				</Point>
			</Placemark>
			<Placemark id="03C97EAB3F331AE83C39">
				<name>250 - Piscina Remolienda</name>
				<styleUrl>#msn_camera00</styleUrl>
				<Point>
					<extrude>1</extrude>
					<coordinates>-70.70805559999999,-33.1441667,0</coordinates>
				</Point>
			</Placemark>
			<Placemark id="0635015F58331AE936ED">
				<name>257 - Piscina Concentrado</name>
				<styleUrl>#msn_camera00</styleUrl>
				<Point>
					<extrude>1</extrude>
					<coordinates>-70.70535142431565,-33.14226343309043,0</coordinates>
				</Point>
			</Placemark>
			<Placemark id="064A96D2D2331AED35F9">
				<name>359 - General Planta</name>
				<styleUrl>#msn_camera00</styleUrl>
				<Point>
					<extrude>1</extrude>
					<coordinates>-70.70618486248372,-33.13900354748754,0</coordinates>
				</Point>
			</Placemark>
			<Placemark id="063EE8EFB0331AEE3252">
				<name>360 - Piscina Remolienda</name>
				<LookAt>
					<longitude>-70.70578414876515</longitude>
					<latitude>-33.13904846169311</latitude>
					<altitude>751.789412880808</altitude>
					<heading>0</heading>
					<tilt>0</tilt>
					<range>136.9710133268745</range>
					<altitudeMode>absolute</altitudeMode>
					<gx:fovy>35</gx:fovy>
				</LookAt>
				<styleUrl>#msn_camera00</styleUrl>
				<Point>
					<coordinates>-70.70561397193535,-33.13910240577399,750.9366347064408</coordinates>
				</Point>
			</Placemark>
			<Placemark id="0698761FCF331AF899CE">
				<name>362 -  Scanverger Note - Rougher Sur</name>
				<LookAt>
					<longitude>-70.70594352492634</longitude>
					<latitude>-33.1387701896592</latitude>
					<altitude>755.5411476493299</altitude>
					<heading>0</heading>
					<tilt>0</tilt>
					<range>228.0659784457748</range>
					<altitudeMode>absolute</altitudeMode>
					<gx:fovy>35</gx:fovy>
				</LookAt>
				<styleUrl>#msn_camera00</styleUrl>
				<Point>
					<coordinates>-70.70623136654113,-33.13871295014997,758.6819145615959</coordinates>
				</Point>
			</Placemark>
			<Placemark id="026588D71A331AFB9DEC">
				<name>361 - Piscina Emergencia</name>
				<LookAt>
					<longitude>-70.70767352797304</longitude>
					<latitude>-33.13768714332728</latitude>
					<altitude>774.0784517891818</altitude>
					<heading>0</heading>
					<tilt>0</tilt>
					<range>176.1815779781682</range>
					<altitudeMode>absolute</altitudeMode>
					<gx:fovy>35</gx:fovy>
				</LookAt>
				<styleUrl>#msn_camera00</styleUrl>
				<Point>
					<coordinates>-70.70162685062108,-33.14310227161372,777.9647210502724</coordinates>
				</Point>
			</Placemark>
			<Placemark id="0E7870A23F331AFFA3EB">
				<name>364 - 1er Centro Rougher</name>
				<LookAt>
					<longitude>-70.70651811105029</longitude>
					<latitude>-33.13866200341794</latitude>
					<altitude>760.5957550368568</altitude>
					<heading>0</heading>
					<tilt>0</tilt>
					<range>125.1087063857449</range>
					<altitudeMode>absolute</altitudeMode>
					<gx:fovy>35</gx:fovy>
				</LookAt>
				<styleUrl>#msn_camera00</styleUrl>
				<Point>
					<coordinates>-70.70636486506916,-33.1385630538151,759.5242783572404</coordinates>
				</Point>
			</Placemark>
			<Placemark id="065E26740B331B003FE9">
				<name>363 - 2da Centro Rougher</name>
				<LookAt>
					<longitude>-70.70626559266172</longitude>
					<latitude>-33.13859535936518</latitude>
					<altitude>757.8323697433133</altitude>
					<heading>0</heading>
					<tilt>0</tilt>
					<range>76.12109443572082</range>
					<altitudeMode>absolute</altitudeMode>
					<gx:fovy>35</gx:fovy>
				</LookAt>
				<styleUrl>#msn_camera00</styleUrl>
				<Point>
					<coordinates>-70.70616261360192,-33.13856090210489,757.6661731522177</coordinates>
				</Point>
			</Placemark>
			<Placemark id="0B84E7FF25331B00CAFB">
				<name>365 - 3ro Centro Rougher</name>
				<LookAt>
					<longitude>-70.70617005093617</longitude>
					<latitude>-33.13854318406904</latitude>
					<altitude>756.7653008977528</altitude>
					<heading>0</heading>
					<tilt>0</tilt>
					<range>77.18815634384555</range>
					<altitudeMode>absolute</altitudeMode>
					<gx:fovy>35</gx:fovy>
				</LookAt>
				<styleUrl>#msn_camera00</styleUrl>
				<Point>
					<coordinates>-70.70595315653543,-33.13852528189393,756.8059022978487</coordinates>
				</Point>
			</Placemark>
			<Placemark id="0746B03978331B012B62">
				<name>765 - Rougher Norte Pta 1</name>
				<LookAt>
					<longitude>-70.70624933387816</longitude>
					<latitude>-33.13853588491176</latitude>
					<altitude>757.3134729463923</altitude>
					<heading>0</heading>
					<tilt>0</tilt>
					<range>76.63998873578748</range>
					<altitudeMode>absolute</altitudeMode>
					<gx:fovy>35</gx:fovy>
				</LookAt>
				<styleUrl>#msn_camera00</styleUrl>
				<Point>
					<coordinates>-70.70617864946101,-33.13849810920489,757.2515793254958</coordinates>
				</Point>
			</Placemark>
			<Placemark id="050C9C48DC331B0A0DF2">
				<name>419 - Salida Vehiculos Control Carretera</name>
				<LookAt>
					<longitude>-70.65147257706063</longitude>
					<latitude>-33.15740673287669</latitude>
					<altitude>731.9695029775471</altitude>
					<heading>0</heading>
					<tilt>0</tilt>
					<range>100.355146157508</range>
					<altitudeMode>absolute</altitudeMode>
					<gx:fovy>35</gx:fovy>
				</LookAt>
				<styleUrl>#msn_camera00</styleUrl>
				<Point>
					<coordinates>-70.65132388613246,-33.15745054783245,733.0504098447564</coordinates>
				</Point>
			</Placemark>
			<Placemark id="089801B00E331B0A8BEC">
				<name>423 - Salida Vehiculos Vista Inferior</name>
				<LookAt>
					<longitude>-70.65147257706063</longitude>
					<latitude>-33.15740673287669</latitude>
					<altitude>731.9695029775471</altitude>
					<heading>0</heading>
					<tilt>0</tilt>
					<range>100.355146157508</range>
					<altitudeMode>absolute</altitudeMode>
					<gx:fovy>35</gx:fovy>
				</LookAt>
				<styleUrl>#msn_camera00</styleUrl>
				<Point>
					<coordinates>-70.76451349260006,-33.0056949552306,733.1215143036468</coordinates>
				</Point>
			</Placemark>
			<Placemark id="0475C6A8BB331B0BA0DA">
				<name>422 - Ingreso Vehiculos Vista Inferior</name>
				<LookAt>
					<longitude>-70.65147257706063</longitude>
					<latitude>-33.15740673287669</latitude>
					<altitude>731.9695029775471</altitude>
					<heading>0</heading>
					<tilt>0</tilt>
					<range>100.355146157508</range>
					<altitudeMode>absolute</altitudeMode>
					<gx:fovy>35</gx:fovy>
				</LookAt>
				<styleUrl>#msn_camera00</styleUrl>
				<Point>
					<coordinates>-70.65148715672301,-33.15736220480003,732.4535341654391</coordinates>
				</Point>
			</Placemark>
			<Placemark id="0624C871A0331B0C3432">
				<name>421 - Ingreso Vehiculos Control Carretera</name>
				<LookAt>
					<longitude>-70.65147257706063</longitude>
					<latitude>-33.15740673287669</latitude>
					<altitude>731.9695029775471</altitude>
					<heading>0</heading>
					<tilt>0</tilt>
					<range>100.355146157508</range>
					<altitudeMode>absolute</altitudeMode>
					<gx:fovy>35</gx:fovy>
				</LookAt>
				<styleUrl>#msn_camera00</styleUrl>
				<Point>
					<coordinates>-70.65149267524556,-33.15711562551179,732.321635393107</coordinates>
				</Point>
			</Placemark>
			<Placemark id="0EF16E9E7E331B0D2C2D">
				<name>420 - Estacionamiento Sector Poniente</name>
				<LookAt>
					<longitude>-70.65154197966173</longitude>
					<latitude>-33.15714202121361</latitude>
					<altitude>731.1434163786755</altitude>
					<heading>0</heading>
					<tilt>0</tilt>
					<range>65.53579789211655</range>
					<altitudeMode>absolute</altitudeMode>
					<gx:fovy>35</gx:fovy>
				</LookAt>
				<styleUrl>#msn_camera00</styleUrl>
				<Point>
					<coordinates>-70.65153283251453,-33.15709504384198,731.8954106227462</coordinates>
				</Point>
			</Placemark>
			<Placemark id="0883BAA66A331B0E8A3A">
				<name>435 - Exterior Sur</name>
				<LookAt>
					<longitude>-70.69975053086623</longitude>
					<latitude>-33.14767954629999</latitude>
					<altitude>708.8549443142563</altitude>
					<heading>0</heading>
					<tilt>0</tilt>
					<range>137.4981067027147</range>
					<altitudeMode>absolute</altitudeMode>
					<gx:fovy>35</gx:fovy>
				</LookAt>
				<styleUrl>#msn_camera00</styleUrl>
				<Point>
					<coordinates>-70.69979000983844,-33.14772252478416,710.3056210807518</coordinates>
				</Point>
			</Placemark>
			<Placemark id="0CBCD9D460331B0EFBF7">
				<name>437 - Exterior Oriente</name>
				<LookAt>
					<longitude>-70.69925701732005</longitude>
					<latitude>-33.14752023956486</latitude>
					<altitude>707.0984436518899</altitude>
					<heading>0</heading>
					<tilt>0</tilt>
					<range>139.2545978925955</range>
					<altitudeMode>absolute</altitudeMode>
					<gx:fovy>35</gx:fovy>
				</LookAt>
				<styleUrl>#msn_camera00</styleUrl>
				<Point>
					<coordinates>-70.69904754620013,-33.14748161945853,707.0327353742172</coordinates>
				</Point>
			</Placemark>
			<Placemark id="074998E749331B0F6741">
				<name>436 - Exterior Norte</name>
				<LookAt>
					<longitude>-70.69922698957325</longitude>
					<latitude>-33.14695100215983</latitude>
					<altitude>703.8342835087292</altitude>
					<heading>0</heading>
					<tilt>0</tilt>
					<range>108.3376967978074</range>
					<altitudeMode>absolute</altitudeMode>
					<gx:fovy>35</gx:fovy>
				</LookAt>
				<styleUrl>#msn_camera00</styleUrl>
				<Point>
					<coordinates>-70.69920187262171,-33.14685783560081,704.0281138063658</coordinates>
				</Point>
			</Placemark>
			<Placemark id="04331EDFD0331B111A55">
				<name>583 - Piscina Emergencia CU2</name>
				<LookAt>
					<longitude>-70.70573939030412</longitude>
					<latitude>-33.14222981257585</latitude>
					<altitude>758.6463353885584</altitude>
					<heading>0</heading>
					<tilt>0</tilt>
					<range>209.8518851664994</range>
					<altitudeMode>absolute</altitudeMode>
					<gx:fovy>35</gx:fovy>
				</LookAt>
				<styleUrl>#msn_camera00</styleUrl>
				<Point>
					<coordinates>-70.70574051534497,-33.14213231358083,759.5261768303541</coordinates>
				</Point>
			</Placemark>
			<Placemark id="07EA3EF93D331B12C694">
				<name>584 - Alumini - Camara 1</name>
				<LookAt>
					<longitude>-70.69671664330214</longitude>
					<latitude>-33.1474580767147</latitude>
					<altitude>698.4926369048959</altitude>
					<heading>0</heading>
					<tilt>0</tilt>
					<range>153.7299473855455</range>
					<altitudeMode>absolute</altitudeMode>
					<gx:fovy>35</gx:fovy>
				</LookAt>
				<styleUrl>#msn_camera00</styleUrl>
				<Point>
					<coordinates>-70.69651749804522,-33.14758450756007,699.5419626951721</coordinates>
				</Point>
			</Placemark>
			<Placemark id="0530A426C3331B1BF231">
				<name>602 - Porton Estacionamiento</name>
				<LookAt>
					<longitude>-70.73110146117486</longitude>
					<latitude>-33.0926646968077</latitude>
					<altitude>618.757664247753</altitude>
					<heading>0</heading>
					<tilt>0</tilt>
					<range>122.5868329210061</range>
					<altitudeMode>absolute</altitudeMode>
					<gx:fovy>35</gx:fovy>
				</LookAt>
				<styleUrl>#msn_camera00</styleUrl>
				<Point>
					<coordinates>-70.73107047933819,-33.09261803074909,619.0311736431323</coordinates>
				</Point>
			</Placemark>
			<Placemark id="098E0ED2FF331B1C8E0C">
				<name>654 - Casona Quilapilun Sur</name>
				<LookAt>
					<longitude>-70.7310409515778</longitude>
					<latitude>-33.09193211857973</latitude>
					<altitude>617.894899059699</altitude>
					<heading>0</heading>
					<tilt>0</tilt>
					<range>131.8729844596965</range>
					<altitudeMode>absolute</altitudeMode>
					<gx:fovy>35</gx:fovy>
				</LookAt>
				<styleUrl>#msn_camera00</styleUrl>
				<Point>
					<coordinates>-70.73089207380464,-33.09194660121904,618.7961912749859</coordinates>
				</Point>
			</Placemark>
			<Placemark id="0C27E90484331B1DB167">
				<name>900 - Agua Filtrada</name>
				<LookAt>
					<longitude>-70.70505967993557</longitude>
					<latitude>-33.1392157571163</latitude>
					<altitude>746.9622996107159</altitude>
					<heading>0</heading>
					<tilt>0</tilt>
					<range>145.7971590510715</range>
					<altitudeMode>absolute</altitudeMode>
					<gx:fovy>35</gx:fovy>
				</LookAt>
				<styleUrl>#msn_camera00</styleUrl>
				<Point>
					<coordinates>-70.70463004091425,-33.13939359087061,740.752264276032</coordinates>
				</Point>
			</Placemark>
			<Placemark id="052AF0D5B6331B1E4867">
				<name>939 - Estanques Verdes</name>
				<LookAt>
					<longitude>-70.71107146799703</longitude>
					<latitude>-33.14075045121716</latitude>
					<altitude>878.03678363873</altitude>
					<heading>0</heading>
					<tilt>0</tilt>
					<range>193.6494452684565</range>
					<altitudeMode>absolute</altitudeMode>
					<gx:fovy>35</gx:fovy>
				</LookAt>
				<styleUrl>#msn_camera00</styleUrl>
				<Point>
					<coordinates>-70.7107570575188,-33.14080889004965,874.8624790659128</coordinates>
				</Point>
			</Placemark>
			<Placemark id="00717A149F331B1F6F74">
				<name>940 - Control Quilapilun</name>
				<LookAt>
					<longitude>-70.74107343639588</longitude>
					<latitude>-33.09299591698733</latitude>
					<altitude>607.6550085692069</altitude>
					<heading>0</heading>
					<tilt>0</tilt>
					<range>329.4161041773987</range>
					<altitudeMode>absolute</altitudeMode>
					<gx:fovy>35</gx:fovy>
				</LookAt>
				<styleUrl>#msn_camera00</styleUrl>
				<Point>
					<coordinates>-70.7406452357333,-33.09294498396,608.9361389070099</coordinates>
				</Point>
			</Placemark>
			<Placemark id="0774CFE977331B2C51F5">
				<name>986 - Vista Sur de Terminal LTO</name>
				<LookAt>
					<longitude>-70.70045941023866</longitude>
					<latitude>-33.14594140748223</latitude>
					<altitude>700.8087911215739</altitude>
					<heading>0</heading>
					<tilt>0</tilt>
					<range>131.6646526078512</range>
					<altitudeMode>absolute</altitudeMode>
					<gx:fovy>35</gx:fovy>
				</LookAt>
				<styleUrl>#msn_camera00</styleUrl>
				<Point>
					<coordinates>-70.70033671328248,-33.1459924780933,701.7533761116422</coordinates>
				</Point>
			</Placemark>
			<Placemark id="0E49F513AC331B2EADC9">
				<name>980 - Vista Norte de Terminal LTO</name>
				<LookAt>
					<longitude>-70.70038835312042</longitude>
					<latitude>-33.14585126347054</latitude>
					<altitude>699.9837335733135</altitude>
					<heading>0</heading>
					<tilt>0</tilt>
					<range>132.4897056122609</range>
					<altitudeMode>absolute</altitudeMode>
					<gx:fovy>35</gx:fovy>
				</LookAt>
				<styleUrl>#msn_camera00</styleUrl>
				<Point>
					<coordinates>-70.70013498829044,-33.14564603605699,699.4019535904533</coordinates>
				</Point>
			</Placemark>
			<Placemark id="0543BC6285331B2F1D2D">
				<name>981 - Anden 1/ Anden 2 - Termianl LTO</name>
				<LookAt>
					<longitude>-70.70038835312042</longitude>
					<latitude>-33.14585126347054</latitude>
					<altitude>699.9837335733135</altitude>
					<heading>0</heading>
					<tilt>0</tilt>
					<range>132.4897056122609</range>
					<altitudeMode>absolute</altitudeMode>
					<gx:fovy>35</gx:fovy>
				</LookAt>
				<styleUrl>#msn_camera00</styleUrl>
				<Point>
					<coordinates>-70.70017048302483,-33.14570488848846,699.6588924548635</coordinates>
				</Point>
			</Placemark>
			<Placemark id="0322AF7B28331B2F8C70">
				<name>982 - Anden 3/ Anden 4 - Terminal LTO</name>
				<LookAt>
					<longitude>-70.70038835312042</longitude>
					<latitude>-33.14585126347054</latitude>
					<altitude>699.9837335733135</altitude>
					<heading>0</heading>
					<tilt>0</tilt>
					<range>132.4897056122609</range>
					<altitudeMode>absolute</altitudeMode>
					<gx:fovy>35</gx:fovy>
				</LookAt>
				<styleUrl>#msn_camera00</styleUrl>
				<Point>
					<coordinates>-70.70020566569113,-33.14575605576493,699.9659029179593</coordinates>
				</Point>
			</Placemark>
			<Placemark id="05AFB1743E331B301088">
				<name>983 - Anden 5 - Termianl LTO</name>
				<LookAt>
					<longitude>-70.70038835311411</longitude>
					<latitude>-33.14585126349167</latitude>
					<altitude>699.983743006189</altitude>
					<heading>0</heading>
					<tilt>0</tilt>
					<range>132.4896940234612</range>
					<altitudeMode>absolute</altitudeMode>
					<gx:fovy>35</gx:fovy>
				</LookAt>
				<styleUrl>#msn_camera00</styleUrl>
				<Point>
					<coordinates>-70.7002333606315,-33.14581306954834,700.2182020767816</coordinates>
				</Point>
			</Placemark>
			<Placemark id="0849A2CAE3331B30F924">
				<name>984 - Anden 6 - Terminal LTO</name>
				<LookAt>
					<longitude>-70.70038835311411</longitude>
					<latitude>-33.14585126349167</latitude>
					<altitude>699.983743006189</altitude>
					<heading>0</heading>
					<tilt>0</tilt>
					<range>132.4896940234612</range>
					<altitudeMode>absolute</altitudeMode>
					<gx:fovy>35</gx:fovy>
				</LookAt>
				<styleUrl>#msn_camera00</styleUrl>
				<Point>
					<coordinates>-70.70025902408044,-33.14585037098949,700.7367432188954</coordinates>
				</Point>
			</Placemark>
			<Placemark id="095AA5E781331B320B18">
				<name>985 Anden 7/ 8 - Terminal LTO</name>
				<LookAt>
					<longitude>-70.70045946773659</longitude>
					<latitude>-33.14594412928902</latitude>
					<altitude>700.8379366231557</altitude>
					<heading>0</heading>
					<tilt>0</tilt>
					<range>131.6355067766563</range>
					<altitudeMode>absolute</altitudeMode>
					<gx:fovy>35</gx:fovy>
				</LookAt>
				<styleUrl>#msn_camera00</styleUrl>
				<Point>
					<coordinates>-70.70028879382259,-33.14591240618081,701.1865371674846</coordinates>
				</Point>
			</Placemark>
			<Placemark id="09F45B51B53384AF52D9">
				<name>1018 - Monitoreo Operacion Petrolera 1 LT</name>
				<LookAt>
					<longitude>-70.70406255451515</longitude>
					<latitude>-33.1406436567013</latitude>
					<altitude>737.1002085562729</altitude>
					<heading>0</heading>
					<tilt>0</tilt>
					<range>106.250635097058</range>
					<altitudeMode>absolute</altitudeMode>
					<gx:fovy>46.6409137074588</gx:fovy>
				</LookAt>
				<styleUrl>#msn_camera00</styleUrl>
				<Point>
					<coordinates>-70.70426735508499,-33.14086188146995,737.6623882411562</coordinates>
				</Point>
			</Placemark>
			<Placemark id="0B8209286E3384AFEC8E">
				<name>1019- Monitoreo Operacion Petrolera 2 LT</name>
				<LookAt>
					<longitude>-70.70406255451515</longitude>
					<latitude>-33.1406436567013</latitude>
					<altitude>737.1002085562729</altitude>
					<heading>0</heading>
					<tilt>0</tilt>
					<range>106.250635097058</range>
					<altitudeMode>absolute</altitudeMode>
					<gx:fovy>46.6409137074588</gx:fovy>
				</LookAt>
				<styleUrl>#msn_camera00</styleUrl>
				<Point>
					<coordinates>-70.70268901670532,-33.14092231352313,738.1479679038824</coordinates>
				</Point>
			</Placemark>
			<Placemark id="0B489313693384C516BA">
				<name>534 - Entrada Bascula</name>
				<LookAt>
					<longitude>-70.70503989327143</longitude>
					<latitude>-33.13985382202362</latitude>
					<altitude>745.2097430517434</altitude>
					<heading>0</heading>
					<tilt>0</tilt>
					<range>220.2907746093479</range>
					<altitudeMode>absolute</altitudeMode>
					<gx:fovy>46.6409137074588</gx:fovy>
				</LookAt>
				<styleUrl>#msn_camera00</styleUrl>
				<Point>
					<coordinates>-70.70450560667659,-33.13983110773175,739.8303478978996</coordinates>
				</Point>
			</Placemark>
			<Placemark id="0681513B533384CD36FA">
				<name>261 - Salida Stock Pile</name>
				<LookAt>
					<longitude>-70.70573252239814</longitude>
					<latitude>-33.14335722824941</latitude>
					<altitude>758.9928275054414</altitude>
					<heading>0</heading>
					<tilt>0</tilt>
					<range>123.0628776342565</range>
					<altitudeMode>absolute</altitudeMode>
					<gx:fovy>46.6409137074588</gx:fovy>
				</LookAt>
				<styleUrl>#msn_camera00</styleUrl>
				<Point>
					<coordinates>-70.70576779801283,-33.14358429955743,758.6504064368411</coordinates>
				</Point>
			</Placemark>
			<Placemark id="02DCF9066B3384CEF335">
				<name>262 - Entrada Bascula</name>
				<LookAt>
					<longitude>-70.70578347402999</longitude>
					<latitude>-33.14349725252394</latitude>
					<altitude>759.0391127667734</altitude>
					<heading>0</heading>
					<tilt>0</tilt>
					<range>123.016591968335</range>
					<altitudeMode>absolute</altitudeMode>
					<gx:fovy>46.6409137074588</gx:fovy>
				</LookAt>
				<styleUrl>#msn_camera00</styleUrl>
				<Point>
					<coordinates>-70.70578526535031,-33.14332214109309,759.1106470079922</coordinates>
				</Point>
			</Placemark>
			<Placemark>
				<name>1189 - Las Tórtolas exterior</name>
				<LookAt>
					<longitude>-70.71743655644518</longitude>
					<latitude>-33.12546097709176</latitude>
					<altitude>0</altitude>
					<heading>0.007399087542219292</heading>
					<tilt>60.01870133838234</tilt>
					<range>2404.110613025025</range>
					<gx:altitudeMode>relativeToSeaFloor</gx:altitudeMode>
				</LookAt>
				<styleUrl>#msn_camera0</styleUrl>
				<Point>
					<gx:drawOrder>1</gx:drawOrder>
					<coordinates>-70.71634663702126,-33.14050040802521,0</coordinates>
				</Point>
			</Placemark>
		</Folder>
		<Folder id="052624CC12331AB3A185">
			<name>Los Bronces</name>
			<styleUrl>#__managed_style_08C3A00A423D3D1AF1E302</styleUrl>
			<Placemark id="0A055B39BC332B4BB292">
				<name>623 - Bocatoma 2800</name>
				<LookAt>
					<longitude>-70.3334464503689</longitude>
					<latitude>-33.17396923374149</latitude>
					<altitude>2809.835947863486</altitude>
					<heading>5.730081238550182e-09</heading>
					<tilt>48.90978582058331</tilt>
					<range>132.2079007704451</range>
					<altitudeMode>absolute</altitudeMode>
					<gx:fovy>34.99998017601216</gx:fovy>
				</LookAt>
				<styleUrl>#msn_camera00</styleUrl>
				<Point>
					<coordinates>-70.33329808735866,-33.17318551633625,2809.835947863486</coordinates>
				</Point>
			</Placemark>
			<Placemark id="0ECED491CF332B4E27AC">
				<name>624 - Planta Acido</name>
				<LookAt>
					<longitude>-70.33501426380431</longitude>
					<latitude>-33.1725817293258</latitude>
					<altitude>2851.392691789267</altitude>
					<heading>-2.001019699081542</heading>
					<tilt>0.1670276509638723</tilt>
					<range>134.8622458043246</range>
					<altitudeMode>absolute</altitudeMode>
					<gx:fovy>34.99998017601216</gx:fovy>
				</LookAt>
				<styleUrl>#__managed_style_38EBB314873D3D1AF1F6</styleUrl>
				<Point>
					<coordinates>-70.33501426380431,-33.1725817293258,2851.392691789267</coordinates>
				</Point>
			</Placemark>
			<Placemark id="0C9C6387B8332B50BDF3">
				<name>14 - Clarificador</name>
				<styleUrl>#__managed_style_38EBB314873D3D1AF1F6</styleUrl>
				<Point>
					<extrude>1</extrude>
					<coordinates>-70.33677152412031,-33.17366495021822,0</coordinates>
				</Point>
			</Placemark>
			<Placemark id="08F23510D5332B524C7D">
				<name>15 - Descarga de Cal</name>
				<styleUrl>#__managed_style_38EBB314873D3D1AF1F6</styleUrl>
				<Point>
					<extrude>1</extrude>
					<coordinates>-70.33653419331105,-33.17371346574967,0</coordinates>
				</Point>
			</Placemark>
			<Placemark id="0F4E652C1D332B7B9120">
				<name>1169 - Plataforma 3 Sn Fco 1</name>
				<styleUrl>#__managed_style_38EBB314873D3D1AF1F6</styleUrl>
				<Point>
					<extrude>1</extrude>
					<coordinates>-70.33559074372923,-33.171968044142,0</coordinates>
				</Point>
			</Placemark>
			<Placemark id="00C77ADA82332BC1313D">
				<name>1160 - Plataforma 3 San Fco</name>
				<styleUrl>#__managed_style_38EBB314873D3D1AF1F6</styleUrl>
				<Point>
					<extrude>1</extrude>
					<coordinates>-70.33651729871117,-33.17086875639313,0</coordinates>
				</Point>
			</Placemark>
			<Placemark id="0A0F252394332BCB580F">
				<name>1177 - Espesadores Planta SAG</name>
				<LookAt>
					<longitude>-70.32824195422667</longitude>
					<latitude>-33.16769384865297</latitude>
					<altitude>3138.673205442478</altitude>
					<heading>0</heading>
					<tilt>0</tilt>
					<range>112.3298296891335</range>
					<altitudeMode>absolute</altitudeMode>
					<gx:fovy>35</gx:fovy>
				</LookAt>
				<styleUrl>#__managed_style_38EBB314873D3D1AF1F6</styleUrl>
				<Point>
					<coordinates>-70.32814605812199,-33.1677381198547,3138.673205442478</coordinates>
				</Point>
			</Placemark>
			<Placemark id="0E63C8BFE2332BCF5225">
				<name>1067 - Autonomia CF</name>
				<LookAt>
					<longitude>-70.32525779951197</longitude>
					<latitude>-33.1676065396399</latitude>
					<altitude>3162.3018323498</altitude>
					<heading>0</heading>
					<tilt>0</tilt>
					<range>319.9542896131607</range>
					<altitudeMode>absolute</altitudeMode>
					<gx:fovy>35</gx:fovy>
				</LookAt>
				<styleUrl>#__managed_style_38EBB314873D3D1AF1F6</styleUrl>
				<Point>
					<coordinates>-70.32525779951197,-33.1676065396399,3162.301832349799</coordinates>
				</Point>
			</Placemark>
			<Placemark id="02F3F75AA8332BE9181D">
				<name>617 - CM08 Botadero 3530</name>
				<LookAt>
					<longitude>-70.30624311145182</longitude>
					<latitude>-33.1553223711887</latitude>
					<altitude>3755.783590359695</altitude>
					<heading>0</heading>
					<tilt>0</tilt>
					<range>197.7512777375524</range>
					<altitudeMode>absolute</altitudeMode>
					<gx:fovy>30</gx:fovy>
				</LookAt>
				<styleUrl>#__managed_style_38EBB314873D3D1AF1F6</styleUrl>
				<Point>
					<coordinates>-70.30735902319006,-33.15664158273355,3755.783590359695</coordinates>
				</Point>
			</Placemark>
			<Placemark id="0BED7ED79D332BF7E4A2">
				<name>650 - CM01 Red Estacion Gasex</name>
				<LookAt>
					<longitude>-70.28671077774592</longitude>
					<latitude>-33.16492829987461</latitude>
					<altitude>3959.178777344904</altitude>
					<heading>0</heading>
					<tilt>0</tilt>
					<range>202.6212622046296</range>
					<altitudeMode>absolute</altitudeMode>
					<gx:fovy>34.99972329742802</gx:fovy>
				</LookAt>
				<styleUrl>#__managed_style_38EBB314873D3D1AF1F6</styleUrl>
				<Point>
					<coordinates>-70.28570344017189,-33.16555045091332,3959.178777344904</coordinates>
				</Point>
			</Placemark>
			<Placemark id="0A6F22AF87332BF8A475">
				<name>1064 - CM01 Mina</name>
				<LookAt>
					<longitude>-70.28696138898268</longitude>
					<latitude>-33.16485859444333</latitude>
					<altitude>3959.868490112296</altitude>
					<heading>51.81540025328094</heading>
					<tilt>0</tilt>
					<range>262.6335832157201</range>
					<altitudeMode>absolute</altitudeMode>
					<gx:fovy>34.99972329742802</gx:fovy>
				</LookAt>
				<styleUrl>#__managed_style_38EBB314873D3D1AF1F6</styleUrl>
				<Point>
					<coordinates>-70.28744769020201,-33.16516951230055,3959.868490112296</coordinates>
				</Point>
			</Placemark>
			<Placemark id="0DACAD6E3C332C00CFC4">
				<name>580 - CM18</name>
				<LookAt>
					<longitude>-70.28825356867813</longitude>
					<latitude>-33.15821939956386</latitude>
					<altitude>3575.718107255045</altitude>
					<heading>-7.618752197355518</heading>
					<tilt>9.958326641270327</tilt>
					<range>490.2450257604505</range>
					<altitudeMode>absolute</altitudeMode>
					<gx:fovy>34.99972329742803</gx:fovy>
				</LookAt>
				<styleUrl>#__managed_style_38EBB314873D3D1AF1F6</styleUrl>
				<Point>
					<coordinates>-70.28804134076961,-33.15812033311411,3575.718107255045</coordinates>
				</Point>
			</Placemark>
			<Placemark id="0DAB014EA0332C1F30E6">
				<name>937 - Interior Bailac</name>
				<LookAt>
					<longitude>-70.28753611956454</longitude>
					<latitude>-33.14831974857239</latitude>
					<altitude>3394.826042564634</altitude>
					<heading>4.299313243753058e-11</heading>
					<tilt>9.957873205243516</tilt>
					<range>198.4947455922156</range>
					<altitudeMode>absolute</altitudeMode>
					<gx:fovy>34.99972329742803</gx:fovy>
				</LookAt>
				<styleUrl>#__managed_style_38EBB314873D3D1AF1F6</styleUrl>
				<Point>
					<coordinates>-70.28753611956454,-33.14831974857239,3394.826042564634</coordinates>
				</Point>
			</Placemark>
			<Placemark id="0BBCDAB535332C1FC5E2">
				<name>973 - Camara Exterior Bailac</name>
				<LookAt>
					<longitude>-70.2874139839341</longitude>
					<latitude>-33.14810321756849</latitude>
					<altitude>3396.148649951777</altitude>
					<heading>-1.603299307888744e-10</heading>
					<tilt>9.957871118033232</tilt>
					<range>197.1519050181087</range>
					<altitudeMode>absolute</altitudeMode>
					<gx:fovy>34.99972329742803</gx:fovy>
				</LookAt>
				<styleUrl>#__managed_style_38EBB314873D3D1AF1F6</styleUrl>
				<Point>
					<coordinates>-70.2874139839341,-33.14810321756849,3396.148649951777</coordinates>
				</Point>
			</Placemark>
			<Placemark id="010186E13E332C28C4BA">
				<name>1044 - Control acceso loza Bailac</name>
				<LookAt>
					<longitude>-70.28701466611425</longitude>
					<latitude>-33.14773535066319</latitude>
					<altitude>3398.889700091716</altitude>
					<heading>-165.4284076476604</heading>
					<tilt>32.79705598449582</tilt>
					<range>195.4335641567741</range>
					<altitudeMode>absolute</altitudeMode>
					<gx:fovy>34.99972329742803</gx:fovy>
				</LookAt>
				<styleUrl>#__managed_style_38EBB314873D3D1AF1F6</styleUrl>
				<Point>
					<altitudeMode>relativeToGround</altitudeMode>
					<coordinates>-70.28701466611425,-33.14773535066319,2.009539262363214</coordinates>
				</Point>
			</Placemark>
			<Placemark id="0F2B22CEDD332C29A540">
				<name>977 - Acceso Principal Titan</name>
				<LookAt>
					<longitude>-70.2863583625882</longitude>
					<latitude>-33.1481552400402</latitude>
					<altitude>3395.132728971025</altitude>
					<heading>-165.4287665170823</heading>
					<tilt>32.79707774499313</tilt>
					<range>199.9030165293152</range>
					<altitudeMode>absolute</altitudeMode>
					<gx:fovy>34.99972329742803</gx:fovy>
				</LookAt>
				<styleUrl>#__managed_style_38EBB314873D3D1AF1F6</styleUrl>
				<Point>
					<coordinates>-70.2863583625882,-33.1481552400402,3395.132728971024</coordinates>
				</Point>
			</Placemark>
			<Placemark id="0F47A15405332C3A0538">
				<name>1042 - Patio Equipos de servicio</name>
				<LookAt>
					<longitude>-70.28672097337467</longitude>
					<latitude>-33.14793611909772</latitude>
					<altitude>3397.899102043011</altitude>
					<heading>-165.4282909066908</heading>
					<tilt>32.79703372157187</tilt>
					<range>190.8607396910884</range>
					<altitudeMode>absolute</altitudeMode>
					<gx:fovy>34.99972329742803</gx:fovy>
				</LookAt>
				<styleUrl>#__managed_style_38EBB314873D3D1AF1F6</styleUrl>
				<Point>
					<coordinates>-70.28672097337467,-33.14793611909772,3397.899102043011</coordinates>
				</Point>
			</Placemark>
			<Placemark id="01AEA526DD332C3B175D">
				<name>1041 - Control Acceso Manga 220</name>
				<LookAt>
					<longitude>-70.28686382520827</longitude>
					<latitude>-33.14718452765551</latitude>
					<altitude>3395.378294116909</altitude>
					<heading>-165.4279361999706</heading>
					<tilt>32.79851463807012</tilt>
					<range>495.0388022808329</range>
					<altitudeMode>absolute</altitudeMode>
					<gx:fovy>34.99972329742803</gx:fovy>
				</LookAt>
				<styleUrl>#__managed_style_38EBB314873D3D1AF1F6</styleUrl>
				<Point>
					<coordinates>-70.28682584456487,-33.1471759950381,3395.378294116909</coordinates>
				</Point>
			</Placemark>
			<Placemark id="0A85BBFF4A332C440FB9">
				<name>1043 - Control Equipo de Transporte</name>
				<LookAt>
					<longitude>-70.28726556992711</longitude>
					<latitude>-33.14668442311298</latitude>
					<altitude>3396.84932015561</altitude>
					<heading>0</heading>
					<tilt>0</tilt>
					<range>346.4051917977122</range>
					<altitudeMode>absolute</altitudeMode>
					<gx:fovy>30</gx:fovy>
				</LookAt>
				<styleUrl>#__managed_style_38EBB314873D3D1AF1F6</styleUrl>
				<Point>
					<coordinates>-70.28726556992711,-33.14668442311298,3396.84932015561</coordinates>
				</Point>
			</Placemark>
			<Placemark id="0E009CA60C332C4AA135">
				<name>387 - Porton 38</name>
				<LookAt>
					<longitude>-70.28569123262966</longitude>
					<latitude>-33.145140106681</latitude>
					<altitude>3433.670152921933</altitude>
					<heading>0</heading>
					<tilt>0</tilt>
					<range>565.0249078484194</range>
					<altitudeMode>absolute</altitudeMode>
					<gx:fovy>30</gx:fovy>
				</LookAt>
				<styleUrl>#__managed_style_38EBB314873D3D1AF1F6</styleUrl>
				<Point>
					<coordinates>-70.28569123262966,-33.145140106681,3433.670152921933</coordinates>
				</Point>
			</Placemark>
			<Placemark id="0CD7A980A3332C534BFF">
				<name>1050 - Camara 2 CH2</name>
				<LookAt>
					<longitude>-70.28324992470581</longitude>
					<latitude>-33.14570727715601</latitude>
					<altitude>3486.115580616958</altitude>
					<heading>0</heading>
					<tilt>0</tilt>
					<range>172.5146036282604</range>
					<altitudeMode>absolute</altitudeMode>
					<gx:fovy>30</gx:fovy>
				</LookAt>
				<styleUrl>#__managed_style_38EBB314873D3D1AF1F6</styleUrl>
				<Point>
					<coordinates>-70.28324992470581,-33.14570727715601,3486.115580616958</coordinates>
				</Point>
			</Placemark>
			<Placemark id="0CF8E3E5F3332C53D092">
				<name>1049 - Camara 1 CH2</name>
				<LookAt>
					<longitude>-70.28315318383059</longitude>
					<latitude>-33.14572848373319</latitude>
					<altitude>3487.587802692782</altitude>
					<heading>0</heading>
					<tilt>0</tilt>
					<range>171.0423856945272</range>
					<altitudeMode>absolute</altitudeMode>
					<gx:fovy>30</gx:fovy>
				</LookAt>
				<styleUrl>#__managed_style_38EBB314873D3D1AF1F6</styleUrl>
				<Point>
					<coordinates>-70.28315318383059,-33.14572848373319,3487.587802692782</coordinates>
				</Point>
			</Placemark>
			<Placemark id="05C66ADE42332CC7C42D">
				<name>1051 - Camara 3 CH2</name>
				<LookAt>
					<longitude>-70.28315223529773</longitude>
					<latitude>-33.14570808873663</latitude>
					<altitude>3487.726707859325</altitude>
					<heading>0.8004059095512088</heading>
					<tilt>0</tilt>
					<range>92.4738758320109</range>
					<altitudeMode>absolute</altitudeMode>
					<gx:fovy>29.99999999999999</gx:fovy>
				</LookAt>
				<styleUrl>#__managed_style_38EBB314873D3D1AF1F6</styleUrl>
				<Point>
					<coordinates>-70.28315223529773,-33.14570808873663,3487.726707859325</coordinates>
				</Point>
			</Placemark>
			<Placemark id="0E199D31F4332CC8278D">
				<name>390 - Tolva Del Grueso 2</name>
				<LookAt>
					<longitude>-70.2832488763632</longitude>
					<latitude>-33.14568581533402</latitude>
					<altitude>3486.281735513349</altitude>
					<heading>0.800405909497012</heading>
					<tilt>0</tilt>
					<range>93.91884849769667</range>
					<altitudeMode>absolute</altitudeMode>
					<gx:fovy>29.99999999999999</gx:fovy>
				</LookAt>
				<styleUrl>#__managed_style_38EBB314873D3D1AF1F6</styleUrl>
				<Point>
					<coordinates>-70.2832488763632,-33.14568581533402,3486.281735513349</coordinates>
				</Point>
			</Placemark>
			<Placemark id="0110941ED7332CDAA87B">
				<name>1174 - Chancador 2 Split</name>
				<LookAt>
					<longitude>-70.28320999113753</longitude>
					<latitude>-33.14574531630263</latitude>
					<altitude>3486.512496230767</altitude>
					<heading>0.8004059094414574</heading>
					<tilt>0</tilt>
					<range>93.68808652407097</range>
					<altitudeMode>absolute</altitudeMode>
					<gx:fovy>29.99999999999999</gx:fovy>
				</LookAt>
				<styleUrl>#__managed_style_38EBB314873D3D1AF1F6</styleUrl>
				<Point>
					<coordinates>-70.28320999113753,-33.14574531630263,3486.512496230767</coordinates>
				</Point>
			</Placemark>
			<Placemark id="0026F33FCD332CF12F27">
				<name>380 - Tolva del Grueso 2</name>
				<LookAt>
					<longitude>-70.28402456492428</longitude>
					<latitude>-33.14406356119452</latitude>
					<altitude>3488.594157615939</altitude>
					<heading>159.7305158037771</heading>
					<tilt>0.163956471784951</tilt>
					<range>814.7027229292144</range>
					<altitudeMode>absolute</altitudeMode>
					<gx:fovy>29.99999999999999</gx:fovy>
				</LookAt>
				<styleUrl>#__managed_style_38EBB314873D3D1AF1F6</styleUrl>
				<Point>
					<coordinates>-70.2840538041106,-33.14407414031658,3488.594157615939</coordinates>
				</Point>
			</Placemark>
			<Placemark id="006379BC0C332CF76DEE">
				<name>39 - Tolva del Grueso 1</name>
				<LookAt>
					<longitude>-70.2840413050468</longitude>
					<latitude>-33.14415849995346</latitude>
					<altitude>3488.314451471511</altitude>
					<heading>159.7307436953798</heading>
					<tilt>0.1639412751838281</tilt>
					<range>223.9990282637155</range>
					<altitudeMode>absolute</altitudeMode>
					<gx:fovy>29.99999999999999</gx:fovy>
				</LookAt>
				<styleUrl>#__managed_style_38EBB314873D3D1AF1F6</styleUrl>
				<Point>
					<coordinates>-70.2840413050468,-33.14415849995346,3488.314451471511</coordinates>
				</Point>
			</Placemark>
			<Placemark id="04CD6194C0332D07C68C">
				<name>1046 - Camara 1 CH1</name>
				<LookAt>
					<longitude>-70.28392667580843</longitude>
					<latitude>-33.14396570043272</latitude>
					<altitude>3489.12529157278</altitude>
					<heading>0</heading>
					<tilt>0</tilt>
					<range>223.3323709733304</range>
					<altitudeMode>absolute</altitudeMode>
					<gx:fovy>35</gx:fovy>
				</LookAt>
				<styleUrl>#__managed_style_38EBB314873D3D1AF1F6</styleUrl>
				<Point>
					<coordinates>-70.28392667580843,-33.14396570043272,3489.12529157278</coordinates>
				</Point>
			</Placemark>
			<Placemark id="07515595AA332D0816C1">
				<name>1047 - Camara 2 CH1</name>
				<LookAt>
					<longitude>-70.28386840591708</longitude>
					<latitude>-33.14402468108236</latitude>
					<altitude>3488.983605238609</altitude>
					<heading>0</heading>
					<tilt>0</tilt>
					<range>223.474078815816</range>
					<altitudeMode>absolute</altitudeMode>
					<gx:fovy>35</gx:fovy>
				</LookAt>
				<styleUrl>#__managed_style_38EBB314873D3D1AF1F6</styleUrl>
				<Point>
					<coordinates>-70.28386840591708,-33.14402468108236,3488.983605238609</coordinates>
				</Point>
			</Placemark>
			<Placemark id="06A9B9245F332D086E05">
				<name>1048 - Camara 3 CH1</name>
				<LookAt>
					<longitude>-70.28391767621191</longitude>
					<latitude>-33.144134035679</latitude>
					<altitude>3488.506300984669</altitude>
					<heading>0</heading>
					<tilt>0</tilt>
					<range>223.9513519418324</range>
					<altitudeMode>absolute</altitudeMode>
					<gx:fovy>35</gx:fovy>
				</LookAt>
				<styleUrl>#__managed_style_38EBB314873D3D1AF1F6</styleUrl>
				<Point>
					<coordinates>-70.28391767621191,-33.144134035679,3488.506300984669</coordinates>
				</Point>
			</Placemark>
			<Placemark id="0487819BAE332D187213">
				<name>1132 - CM05 BGAR AHS Chancado</name>
				<LookAt>
					<longitude>-70.28995249427031</longitude>
					<latitude>-33.13933950094737</latitude>
					<altitude>3591.712658867077</altitude>
					<heading>0</heading>
					<tilt>0</tilt>
					<range>552.7622426447488</range>
					<altitudeMode>absolute</altitudeMode>
					<gx:fovy>35</gx:fovy>
				</LookAt>
				<styleUrl>#__managed_style_38EBB314873D3D1AF1F6</styleUrl>
				<Point>
					<coordinates>-70.28995249427031,-33.13933950094737,3591.712658867077</coordinates>
				</Point>
			</Placemark>
			<Placemark id="02B8291612332D18D8F7">
				<name>1131 - CM05 BGAR AHS</name>
				<LookAt>
					<longitude>-70.28984785108915</longitude>
					<latitude>-33.13926196483016</latitude>
					<altitude>3591.95671766281</altitude>
					<heading>0</heading>
					<tilt>0</tilt>
					<range>552.5181825234904</range>
					<altitudeMode>absolute</altitudeMode>
					<gx:fovy>35</gx:fovy>
				</LookAt>
				<styleUrl>#__managed_style_38EBB314873D3D1AF1F6</styleUrl>
				<Point>
					<coordinates>-70.28984785108915,-33.13926196483016,3591.95671766281</coordinates>
				</Point>
			</Placemark>
			<Placemark id="0F87E229FD335E23E7D4">
				<name>978 - Anden 220 Los Bronces</name>
				<LookAt>
					<longitude>-70.28588493867446</longitude>
					<latitude>-33.1468799706408</latitude>
					<altitude>3408.333552272501</altitude>
					<heading>9.579384638545622e-09</heading>
					<tilt>0.7498663285177155</tilt>
					<range>44.7878801984325</range>
					<altitudeMode>absolute</altitudeMode>
					<gx:fovy>82.50045521053012</gx:fovy>
				</LookAt>
				<styleUrl>#__managed_style_38EBB314873D3D1AF1F6</styleUrl>
				<Point>
					<coordinates>-70.28616187384699,-33.14687790319078,3405.688617676405</coordinates>
				</Point>
			</Placemark>
			<Placemark id="0F3043FD6933826C1255">
				<name>1015 - CM02 Perforacion INF5</name>
				<LookAt>
					<longitude>-70.26849140444581</longitude>
					<latitude>-33.1511981331612</latitude>
					<altitude>3973.904094049843</altitude>
					<heading>101.4450502112823</heading>
					<tilt>19.77008954636576</tilt>
					<range>625.0019989084831</range>
					<altitudeMode>absolute</altitudeMode>
					<gx:fovy>30.00000000040674</gx:fovy>
				</LookAt>
				<styleUrl>#__managed_style_38EBB314873D3D1AF1F6</styleUrl>
				<Point>
					<coordinates>-70.26917993328438,-33.15208575541712,3959.405633844939</coordinates>
				</Point>
			</Placemark>
			<Placemark id="04E3293D1533829F1B49">
				<name>737 - CM04 - Mirador Donoso 2</name>
				<LookAt>
					<longitude>-70.27504625285258</longitude>
					<latitude>-33.13279203741199</latitude>
					<altitude>3855.849585919771</altitude>
					<heading>-127.3513241162738</heading>
					<tilt>0.1012600905617915</tilt>
					<range>294.8093292645353</range>
					<altitudeMode>absolute</altitudeMode>
					<gx:fovy>30.00000000040674</gx:fovy>
				</LookAt>
				<styleUrl>#__managed_style_38EBB314873D3D1AF1F6</styleUrl>
				<Point>
					<coordinates>-70.27501186216061,-33.13270820688849,3856.004513302122</coordinates>
				</Point>
			</Placemark>
			<Placemark id="0FE67C52903382AF99F7">
				<name>738 - CM02</name>
				<LookAt>
					<longitude>-70.27311646539286</longitude>
					<latitude>-33.14428259505465</latitude>
					<altitude>3561.358850874423</altitude>
					<heading>-100.1345165521763</heading>
					<tilt>5.786527473995555</tilt>
					<range>3438.555214380613</range>
					<altitudeMode>absolute</altitudeMode>
					<gx:fovy>30.00000000040674</gx:fovy>
				</LookAt>
				<styleUrl>#__managed_style_38EBB314873D3D1AF1F6</styleUrl>
				<Point>
					<coordinates>-70.2700588174587,-33.13996569930715,3824.368958513494</coordinates>
				</Point>
			</Placemark>
			<Placemark id="08D97C73643382B22D52">
				<name>777 - Teodolito 03</name>
				<LookAt>
					<longitude>-70.27608463377823</longitude>
					<latitude>-33.15704423820681</latitude>
					<altitude>3727.949938201061</altitude>
					<heading>-100.1321996834851</heading>
					<tilt>5.785639829436644</tilt>
					<range>2458.580354538281</range>
					<altitudeMode>absolute</altitudeMode>
					<gx:fovy>30.00000000040674</gx:fovy>
				</LookAt>
				<styleUrl>#__managed_style_38EBB314873D3D1AF1F6</styleUrl>
				<Point>
					<coordinates>-70.27284916363706,-33.15673889179201,3827.338147727462</coordinates>
				</Point>
			</Placemark>
			<Placemark id="01F65DB8E03382D61FEC">
				<name>1088 - Stockpile AHS CFN</name>
				<LookAt>
					<longitude>-70.32230461984429</longitude>
					<latitude>-33.16689179671474</latitude>
					<altitude>3194.309044841676</altitude>
					<heading>92.31075128330393</heading>
					<tilt>40.00797284016759</tilt>
					<range>386.6667215143752</range>
					<altitudeMode>absolute</altitudeMode>
					<gx:fovy>30.00000000040674</gx:fovy>
				</LookAt>
				<styleUrl>#__managed_style_38EBB314873D3D1AF1F6</styleUrl>
				<Point>
					<coordinates>-70.32334585119277,-33.16752817838392,3188.488376409769</coordinates>
				</Point>
			</Placemark>
			<Placemark id="0103D3775B3382D93AC2">
				<name>987 - CM02 - Camara Curva El Loro</name>
				<LookAt>
					<longitude>-70.27139865318641</longitude>
					<latitude>-33.1510970391357</latitude>
					<altitude>3951.172355711088</altitude>
					<heading>-69.21273175727045</heading>
					<tilt>17.9066265010977</tilt>
					<range>1213.577897242358</range>
					<altitudeMode>absolute</altitudeMode>
					<gx:fovy>30.00000000040674</gx:fovy>
				</LookAt>
				<styleUrl>#__managed_style_38EBB314873D3D1AF1F6</styleUrl>
				<Point>
					<coordinates>-70.2691073779922,-33.15149481659502,3951.364881069688</coordinates>
				</Point>
			</Placemark>
			<Placemark id="0D438E489A3382EB99A5">
				<name>1011 - CM01 Planificacion</name>
				<LookAt>
					<longitude>-70.2888853560393</longitude>
					<latitude>-33.15998197960583</latitude>
					<altitude>3636.702238609951</altitude>
					<heading>-55.60099741151117</heading>
					<tilt>34.61102492213415</tilt>
					<range>651.5418798969768</range>
					<altitudeMode>absolute</altitudeMode>
					<gx:fovy>30.00000000040674</gx:fovy>
				</LookAt>
				<styleUrl>#__managed_style_38EBB314873D3D1AF1F6</styleUrl>
				<Point>
					<coordinates>-70.28825396932291,-33.16041721518125,3657.973467993279</coordinates>
				</Point>
			</Placemark>
			<Placemark id="057F8755733383391823">
				<name>1066 - Camara Cnfluencia AHS PTZ</name>
				<LookAt>
					<longitude>-70.32390891446681</longitude>
					<latitude>-33.16742656859171</latitude>
					<altitude>3182.396104039744</altitude>
					<heading>-28.76988854803599</heading>
					<tilt>33.53844399391669</tilt>
					<range>227.1551219685352</range>
					<altitudeMode>absolute</altitudeMode>
					<gx:fovy>30.00000000040674</gx:fovy>
				</LookAt>
				<styleUrl>#__managed_style_38EBB314873D3D1AF1F6</styleUrl>
				<Point>
					<coordinates>-70.32377101132651,-33.1676380421768,3178.465050548064</coordinates>
				</Point>
			</Placemark>
			<Placemark id="0851C51B3133834E562B">
				<name>1144 - Camara Domo Exterior</name>
				<LookAt>
					<longitude>-70.29074899958719</longitude>
					<latitude>-33.14771200769143</latitude>
					<altitude>0</altitude>
					<heading>-28.7922106529224</heading>
					<tilt>33.53866323511578</tilt>
					<range>271.2872848509894</range>
					<gx:altitudeMode>relativeToSeaFloor</gx:altitudeMode>
				</LookAt>
				<styleUrl>#__managed_style_38EBB314873D3D1AF1F6</styleUrl>
				<Point>
					<coordinates>-70.29059748591578,-33.14646022094318,3361.562569374376</coordinates>
				</Point>
			</Placemark>
			<Placemark id="0CB14267FF3383865371">
				<name>615 - CM02 Mirador Andina</name>
				<LookAt>
					<longitude>-70.2780615510415</longitude>
					<latitude>-33.15223049859731</latitude>
					<altitude>3345.719930609594</altitude>
					<heading>-64.81574313554286</heading>
					<tilt>32.86100267684814</tilt>
					<range>3260.654345259536</range>
					<altitudeMode>absolute</altitudeMode>
					<gx:fovy>30.00000000040674</gx:fovy>
				</LookAt>
				<styleUrl>#__managed_style_38EBB314873D3D1AF1F6</styleUrl>
				<Point>
					<coordinates>-70.27009433498087,-33.1548925970606,3915.2881357231</coordinates>
				</Point>
			</Placemark>
			<Placemark id="0CD78991E3338464693C">
				<name>174 - Descarga Hamero 3 y 4</name>
				<LookAt>
					<longitude>-70.32594845829429</longitude>
					<latitude>-33.16689806946379</latitude>
					<altitude>3152.67482721396</altitude>
					<heading>4.05749934437394e-09</heading>
					<tilt>0.1686915200755601</tilt>
					<range>182.932888185278</range>
					<altitudeMode>absolute</altitudeMode>
					<gx:fovy>35</gx:fovy>
				</LookAt>
				<styleUrl>#__managed_style_38EBB314873D3D1AF1F6</styleUrl>
				<Point>
					<coordinates>-70.32605034836092,-33.16720625898083,3156.772681510683</coordinates>
				</Point>
			</Placemark>
			<Placemark id="05E2F0EA353384D322DD">
				<name>145 - Hamero Desrripiador 2</name>
				<LookAt>
					<longitude>-70.28797833731747</longitude>
					<latitude>-33.14630898381218</latitude>
					<altitude>3396.323541735067</altitude>
					<heading>-174.3220691465812</heading>
					<tilt>54.63067042365638</tilt>
					<range>236.34988423295</range>
					<altitudeMode>absolute</altitudeMode>
					<gx:fovy>46.6409137074588</gx:fovy>
				</LookAt>
				<styleUrl>#__managed_style_38EBB314873D3D1AF1F6</styleUrl>
				<Point>
					<coordinates>-70.29745416918786,-33.15194849515194,3396.690776102968</coordinates>
				</Point>
			</Placemark>
			<Placemark id="0F84BCCAA23427560F62">
				<name>395 - Linea 1 -2 Stockpile LB</name>
				<LookAt>
					<longitude>-70.32142582639619</longitude>
					<latitude>-33.16655371866672</latitude>
					<altitude>3227.493460789556</altitude>
					<heading>5.688675190450609e-09</heading>
					<tilt>21.21928296586727</tilt>
					<range>519.5233864684997</range>
					<altitudeMode>absolute</altitudeMode>
					<gx:fovy>30</gx:fovy>
				</LookAt>
				<styleUrl>#__managed_style_38EBB314873D3D1AF1F6</styleUrl>
				<Point>
					<coordinates>-70.32309375966325,-33.16682574109431,3214.087716378986</coordinates>
				</Point>
			</Placemark>
			<Placemark id="03FFA80E96342890B793">
				<name>1039 - CM15 MINA</name>
				<LookAt>
					<longitude>-70.28330090638485</longitude>
					<latitude>-33.15492943378914</latitude>
					<altitude>3400.012740523951</altitude>
					<heading>0</heading>
					<tilt>0</tilt>
					<range>2979.748701588542</range>
					<altitudeMode>absolute</altitudeMode>
					<gx:fovy>30.00000000040674</gx:fovy>
				</LookAt>
				<styleUrl>#__managed_style_38EBB314873D3D1AF1F6</styleUrl>
				<Point>
					<coordinates>-70.28775622499485,-33.15601312296324,3476.515888230723</coordinates>
				</Point>
			</Placemark>
			<Placemark id="0BBFC1590C34289D0295">
				<name>1052 - CCTV SF Choclo- Perforacion</name>
				<LookAt>
					<longitude>-70.27069775964397</longitude>
					<latitude>-33.13090807534051</latitude>
					<altitude>3812.480424399891</altitude>
					<heading>0</heading>
					<tilt>0</tilt>
					<range>918.3378354713204</range>
					<altitudeMode>absolute</altitudeMode>
					<gx:fovy>30.00000000040674</gx:fovy>
				</LookAt>
				<styleUrl>#__managed_style_38EBB314873D3D1AF1F6</styleUrl>
				<Point>
					<coordinates>-70.27147233974637,-33.1302662310483,3860.001587987528</coordinates>
				</Point>
			</Placemark>
			<Placemark id="037BCDEBCF3428B697F9">
				<name>1083 - CM24 Perforacion INF5</name>
				<LookAt>
					<longitude>-70.28282049826311</longitude>
					<latitude>-33.14595122607334</latitude>
					<altitude>3487.41789328842</altitude>
					<heading>0</heading>
					<tilt>0</tilt>
					<range>282.642735210211</range>
					<altitudeMode>absolute</altitudeMode>
					<gx:fovy>30.00000000040674</gx:fovy>
				</LookAt>
				<styleUrl>#__managed_style_38EBB314873D3D1AF1F6</styleUrl>
				<Point>
					<coordinates>-70.2831554035523,-33.14645280841179,3483.275600391163</coordinates>
				</Point>
			</Placemark>
			<Placemark id="07A96C41393384B6000E">
				<name>11 - Edificio San Francisco Rotonda</name>
				<LookAt>
					<longitude>-70.33829865492697</longitude>
					<latitude>-33.17169709519986</latitude>
					<altitude>2796.475474677301</altitude>
					<heading>0</heading>
					<tilt>0</tilt>
					<range>119.6590849250788</range>
					<altitudeMode>absolute</altitudeMode>
					<gx:fovy>46.6409137074588</gx:fovy>
				</LookAt>
				<styleUrl>#__managed_style_38EBB314873D3D1AF1F6</styleUrl>
				<Point>
					<coordinates>-70.33820364293453,-33.17193825682956,2795.375669344225</coordinates>
				</Point>
			</Placemark>
			<Placemark id="0C4C20832234719D169A">
				<name>915 - Meteorologia R/E LB</name>
				<LookAt>
					<longitude>-70.28684322800513</longitude>
					<latitude>-33.16622008710623</latitude>
					<altitude>4012.725695349396</altitude>
					<heading>0</heading>
					<tilt>0</tilt>
					<range>1426.571135160484</range>
					<altitudeMode>absolute</altitudeMode>
					<gx:fovy>35</gx:fovy>
				</LookAt>
				<styleUrl>#__managed_style_38EBB314873D3D1AF1F6</styleUrl>
				<Point>
					<coordinates>-70.27571083552282,-33.16844346652702,4104.602075137358</coordinates>
				</Point>
			</Placemark>
			<Placemark id="0628EF5E5934719FC605">
				<name>651 - CCTV19</name>
				<LookAt>
					<longitude>-70.28617750506432</longitude>
					<latitude>-33.15292827848328</latitude>
					<altitude>3384.805684752685</altitude>
					<heading>357.1850838429039</heading>
					<tilt>0</tilt>
					<range>1750.132925403595</range>
					<altitudeMode>absolute</altitudeMode>
					<gx:fovy>35</gx:fovy>
				</LookAt>
				<styleUrl>#__managed_style_38EBB314873D3D1AF1F6</styleUrl>
				<Point>
					<coordinates>-70.28761641237448,-33.15533996389868,3400.005296884568</coordinates>
				</Point>
			</Placemark>
		</Folder>
		<Folder id="0DB5D1FBEA331AB394A6">
			<name>Mineroducto</name>
			<styleUrl>#__managed_style_08C3A00A423D3D1AF1E302</styleUrl>
			<Placemark id="092468C0E2332D1E6969">
				<name>223 - Estacion de Bombeo 4A Camara Interior</name>
				<styleUrl>#__managed_style_38EBB314873D3D1AF1F6</styleUrl>
				<Point>
					<extrude>1</extrude>
					<coordinates>-70.49187955208305,-33.19215134577119,0</coordinates>
				</Point>
			</Placemark>
			<Placemark id="06EE40A253332D1F4F2B">
				<name>224 - Estacion de Bombeo 4A Camara Exterior</name>
				<LookAt>
					<longitude>-70.4917406929948</longitude>
					<latitude>-33.19202300726385</latitude>
					<altitude>2271.678979227606</altitude>
					<heading>0</heading>
					<tilt>0</tilt>
					<range>180.8718781062089</range>
					<altitudeMode>absolute</altitudeMode>
					<gx:fovy>35</gx:fovy>
				</LookAt>
				<styleUrl>#__managed_style_38EBB314873D3D1AF1F6</styleUrl>
				<Point>
					<coordinates>-70.49188152260527,-33.1922788366878,2271.678979227606</coordinates>
				</Point>
			</Placemark>
			<Placemark id="0843797315332D22041E">
				<name>226 - ED 1A Camara Exterior</name>
				<styleUrl>#__managed_style_38EBB314873D3D1AF1F6</styleUrl>
				<Point>
					<extrude>1</extrude>
					<coordinates>-70.51284144384303,-33.1910620675265,0</coordinates>
				</Point>
			</Placemark>
			<Placemark id="0F7A8EC75F332D22F9BF">
				<name>1056 - ED1 Copa de Agua</name>
				<LookAt>
					<longitude>-70.5153946995618</longitude>
					<latitude>-33.18828191469355</latitude>
					<altitude>1952.149661395398</altitude>
					<heading>359.9999991404968</heading>
					<tilt>0</tilt>
					<range>157.8896311426434</range>
					<altitudeMode>absolute</altitudeMode>
					<gx:fovy>34.99999996193645</gx:fovy>
				</LookAt>
				<styleUrl>#__managed_style_38EBB314873D3D1AF1F6</styleUrl>
				<Point>
					<coordinates>-70.51497964687846,-33.18828671273486,1952.149661395398</coordinates>
				</Point>
			</Placemark>
			<Placemark id="0BD5AC354F332D2CAD9D">
				<name>240 - EB2A Camara Exterior</name>
				<LookAt>
					<longitude>-70.56745665515167</longitude>
					<latitude>-33.19578491707395</latitude>
					<altitude>1152.14945607509</altitude>
					<heading>0</heading>
					<tilt>0</tilt>
					<range>186.9385567946301</range>
					<altitudeMode>absolute</altitudeMode>
					<gx:fovy>34.99999996193645</gx:fovy>
				</LookAt>
				<styleUrl>#__managed_style_38EBB314873D3D1AF1F6</styleUrl>
				<Point>
					<coordinates>-70.56745665515167,-33.19578491707395,1152.14945607509</coordinates>
				</Point>
			</Placemark>
			<Placemark id="063B3C18D9332D2E6E5D">
				<name>73 - ED2 Exterior Movil</name>
				<LookAt>
					<longitude>-70.5678714292979</longitude>
					<latitude>-33.19519498186209</latitude>
					<altitude>1150.112078140301</altitude>
					<heading>0</heading>
					<tilt>0</tilt>
					<range>188.9759257223523</range>
					<altitudeMode>absolute</altitudeMode>
					<gx:fovy>34.99999996193645</gx:fovy>
				</LookAt>
				<styleUrl>#__managed_style_38EBB314873D3D1AF1F6</styleUrl>
				<Point>
					<coordinates>-70.5678714292979,-33.19519498186209,1150.112078140301</coordinates>
				</Point>
			</Placemark>
			<Placemark id="037F17FC34332D2EE408">
				<name>75 - ED2 Interior Movil</name>
				<LookAt>
					<longitude>-70.56799605512175</longitude>
					<latitude>-33.19527387816272</latitude>
					<altitude>1149.950070226275</altitude>
					<heading>5.023177662121485e-13</heading>
					<tilt>0</tilt>
					<range>189.1379603194764</range>
					<altitudeMode>absolute</altitudeMode>
					<gx:fovy>34.99999996193645</gx:fovy>
				</LookAt>
				<styleUrl>#__managed_style_38EBB314873D3D1AF1F6</styleUrl>
				<Point>
					<coordinates>-70.56826824709196,-33.19530078047833,1149.950070226275</coordinates>
				</Point>
			</Placemark>
			<Placemark id="0C530F4464332D3008E8">
				<name>231 - EB 3A Camara Exterior</name>
				<LookAt>
					<longitude>-70.52654561209378</longitude>
					<latitude>-33.19186224020606</latitude>
					<altitude>1725.219188870273</altitude>
					<heading>0</heading>
					<tilt>0</tilt>
					<range>261.3249527782683</range>
					<altitudeMode>absolute</altitudeMode>
					<gx:fovy>34.99999996193645</gx:fovy>
				</LookAt>
				<styleUrl>#__managed_style_38EBB314873D3D1AF1F6</styleUrl>
				<Point>
					<coordinates>-70.52654561209378,-33.19186224020606,1725.219188870273</coordinates>
				</Point>
			</Placemark>
			<Placemark id="0EC517CBE13383C25180">
				<name>68 - ED1 Exterior</name>
				<LookAt>
					<longitude>-70.51599243405565</longitude>
					<latitude>-33.19132182141305</latitude>
					<altitude>1909.249152028096</altitude>
					<heading>162.5889933915618</heading>
					<tilt>19.03551945255459</tilt>
					<range>346.8816768853503</range>
					<altitudeMode>absolute</altitudeMode>
					<gx:fovy>35</gx:fovy>
				</LookAt>
				<styleUrl>#__managed_style_38EBB314873D3D1AF1F6</styleUrl>
				<Point>
					<coordinates>-70.5149651143476,-33.19074199018517,1919.097870406984</coordinates>
				</Point>
			</Placemark>
			<Placemark id="0F705DDA593383D946E5">
				<name>76 - ED3 Valvula Primaria</name>
				<LookAt>
					<longitude>-70.70441606132712</longitude>
					<latitude>-33.13865162245822</latitude>
					<altitude>753.2956324037292</altitude>
					<heading>-2.307687211219213</heading>
					<tilt>0.1394070874467237</tilt>
					<range>157.5218489960025</range>
					<altitudeMode>absolute</altitudeMode>
					<gx:fovy>35</gx:fovy>
				</LookAt>
				<styleUrl>#__managed_style_38EBB314873D3D1AF1F6</styleUrl>
				<Point>
					<coordinates>-70.70398284888066,-33.13871237635123,761.0854063321154</coordinates>
				</Point>
			</Placemark>
			<Placemark id="009425859F3383DC5348">
				<name>77 - ED3 Valvula Secundaria</name>
				<LookAt>
					<longitude>-70.704593506056</longitude>
					<latitude>-33.13832502948579</latitude>
					<altitude>753.8991438581374</altitude>
					<heading>-2.307687215034331</heading>
					<tilt>0.1394070713786561</tilt>
					<range>156.9183506638728</range>
					<altitudeMode>absolute</altitudeMode>
					<gx:fovy>35</gx:fovy>
				</LookAt>
				<styleUrl>#__managed_style_38EBB314873D3D1AF1F6</styleUrl>
				<Point>
					<coordinates>-70.70439310124308,-33.13833651431159,757.2074701391343</coordinates>
				</Point>
			</Placemark>
			<Placemark id="00EF9856F63384293D3A">
				<name>490 - Vista General ED</name>
				<LookAt>
					<longitude>-70.54025490168188</longitude>
					<latitude>-33.19308467015829</latitude>
					<altitude>1553.30947122822</altitude>
					<heading>166.481898223217</heading>
					<tilt>9.530654480294773</tilt>
					<range>217.3038773798544</range>
					<altitudeMode>absolute</altitudeMode>
					<gx:fovy>35</gx:fovy>
				</LookAt>
				<styleUrl>#__managed_style_38EBB314873D3D1AF1F6</styleUrl>
				<Point>
					<coordinates>-70.54045842126646,-33.19283792796507,1553.249517052642</coordinates>
				</Point>
			</Placemark>
			<Placemark id="0E2611347233842AABBC">
				<name>489 - Costado Sala Equipos</name>
				<LookAt>
					<longitude>-70.54025490168188</longitude>
					<latitude>-33.19308467015829</latitude>
					<altitude>1553.30947122822</altitude>
					<heading>166.481898223217</heading>
					<tilt>9.530654480294773</tilt>
					<range>217.3038773798544</range>
					<altitudeMode>absolute</altitudeMode>
					<gx:fovy>35</gx:fovy>
				</LookAt>
				<styleUrl>#__managed_style_38EBB314873D3D1AF1F6</styleUrl>
				<Point>
					<coordinates>-70.5405449807066,-33.19285908832146,1553.734615600521</coordinates>
				</Point>
			</Placemark>
			<Placemark id="006252D4A333844FB048">
				<name>485 - Acceso Este</name>
				<LookAt>
					<longitude>-70.56711736248731</longitude>
					<latitude>-33.19574189717632</latitude>
					<altitude>1158.594869342981</altitude>
					<heading>139.1917580788661</heading>
					<tilt>44.465899529194</tilt>
					<range>151.6107151768847</range>
					<altitudeMode>absolute</altitudeMode>
					<gx:fovy>35</gx:fovy>
				</LookAt>
				<styleUrl>#__managed_style_38EBB314873D3D1AF1F6</styleUrl>
				<Point>
					<coordinates>-70.5673325570454,-33.19564348615881,1152.04286227017</coordinates>
				</Point>
			</Placemark>
			<Placemark id="0607E44046338445E122">
				<name>486 - General área sur</name>
				<LookAt>
					<longitude>-70.56780563129274</longitude>
					<latitude>-33.19548906466527</latitude>
					<altitude>1152.284487283579</altitude>
					<heading>139.1921349039276</heading>
					<tilt>44.46595522135432</tilt>
					<range>160.4529113886383</range>
					<altitudeMode>absolute</altitudeMode>
					<gx:fovy>35</gx:fovy>
				</LookAt>
				<styleUrl>#__managed_style_38EBB314873D3D1AF1F6</styleUrl>
				<Point>
					<coordinates>-70.56802256815892,-33.19531582572232,1149.911681918502</coordinates>
				</Point>
			</Placemark>
			<Placemark id="0405EE87F933845D073D">
				<name>480 - Vista General</name>
				<LookAt>
					<longitude>-70.56659993740956</longitude>
					<latitude>-33.1951275451298</latitude>
					<altitude>1156.677668491617</altitude>
					<heading>136.591925881517</heading>
					<tilt>0.1686933485502913</tilt>
					<range>251.0868740562728</range>
					<altitudeMode>absolute</altitudeMode>
					<gx:fovy>35</gx:fovy>
				</LookAt>
				<styleUrl>#__managed_style_38EBB314873D3D1AF1F6</styleUrl>
				<Point>
					<coordinates>-70.56629378261847,-33.19500755475371,1160.041465892052</coordinates>
				</Point>
			</Placemark>
			<Placemark id="0DE3FCF7E03A3AE35187">
				<name>486- GENERAL AREA SUR ED2</name>
				<LookAt>
					<longitude>-70.56830221470781</longitude>
					<latitude>-33.19534297970492</latitude>
					<altitude>1145.451368342958</altitude>
					<heading>-5.749811775913142</heading>
					<tilt>16.15894838679419</tilt>
					<range>113.1819888959945</range>
					<altitudeMode>absolute</altitudeMode>
					<gx:fovy>35</gx:fovy>
				</LookAt>
				<styleUrl>#__managed_style_38EBB314873D3D1AF1F6</styleUrl>
				<Point>
					<coordinates>-70.59608764690185,-33.19881367757534,1144.775941845202</coordinates>
				</Point>
			</Placemark>
		</Folder>
		<Folder id="01502067D7331AB399F8">
			<name>Perez Caldera</name>
			<styleUrl>#__managed_style_08C3A00A423D3D1AF1E302</styleUrl>
			<Placemark id="0B4D667987332D31C459">
				<name>1002 - Camara Principal</name>
				<LookAt>
					<longitude>-70.33954241936024</longitude>
					<latitude>-33.18820544494114</latitude>
					<altitude>2650.832955629831</altitude>
					<heading>0</heading>
					<tilt>0</tilt>
					<range>62.61889701268956</range>
					<altitudeMode>absolute</altitudeMode>
					<gx:fovy>34.99999996193645</gx:fovy>
				</LookAt>
				<styleUrl>#__managed_style_38EBB314873D3D1AF1F6</styleUrl>
				<Point>
					<coordinates>-70.33954241936024,-33.18820544494114,2650.832955629831</coordinates>
				</Point>
			</Placemark>
			<Placemark id="040CE1B71B332D322B91">
				<name>1001 - Paso Peatonal</name>
				<LookAt>
					<longitude>-70.3396183274523</longitude>
					<latitude>-33.1883268016968</latitude>
					<altitude>2649.556005347789</altitude>
					<heading>0</heading>
					<tilt>0</tilt>
					<range>126.5883875064719</range>
					<altitudeMode>absolute</altitudeMode>
					<gx:fovy>34.99999996193645</gx:fovy>
				</LookAt>
				<styleUrl>#__managed_style_38EBB314873D3D1AF1F6</styleUrl>
				<Point>
					<coordinates>-70.3396183274523,-33.1883268016968,2649.556005347789</coordinates>
				</Point>
			</Placemark>
			<Placemark id="0AEE6902813335807B00">
				<name>1003 - Camara Estacionamiento Norte</name>
				<LookAt>
					<longitude>-70.3396100481704</longitude>
					<latitude>-33.18839017571469</latitude>
					<altitude>2648.78435948373</altitude>
					<heading>0</heading>
					<tilt>0</tilt>
					<range>44.88661677170513</range>
					<altitudeMode>absolute</altitudeMode>
					<gx:fovy>35.00010218633699</gx:fovy>
				</LookAt>
				<styleUrl>#__managed_style_38EBB314873D3D1AF1F6</styleUrl>
				<Point>
					<coordinates>-70.33965157636266,-33.18835838374588,2652.395552352901</coordinates>
				</Point>
			</Placemark>
			<Placemark id="0585E18FFE333587FA54">
				<name>1004 - Camara Estacionamiento Sur</name>
				<LookAt>
					<longitude>-70.33961723490248</longitude>
					<latitude>-33.18839338340637</latitude>
					<altitude>2648.780884678626</altitude>
					<heading>0</heading>
					<tilt>0</tilt>
					<range>44.89009341160909</range>
					<altitudeMode>absolute</altitudeMode>
					<gx:fovy>35.00010218633699</gx:fovy>
				</LookAt>
				<styleUrl>#__managed_style_38EBB314873D3D1AF1F6</styleUrl>
				<Point>
					<coordinates>-70.3396725854811,-33.18839021612533,2652.28573629558</coordinates>
				</Point>
			</Placemark>
			<Placemark id="0C9E8EE73D333588C973">
				<name>04 - Camara Exterior Acceso</name>
				<LookAt>
					<longitude>-70.34035012390828</longitude>
					<latitude>-33.18893854236941</latitude>
					<altitude>2650.167891343885</altitude>
					<heading>0</heading>
					<tilt>0</tilt>
					<range>143.8010346614101</range>
					<altitudeMode>absolute</altitudeMode>
					<gx:fovy>35.00010218633699</gx:fovy>
				</LookAt>
				<styleUrl>#__managed_style_38EBB314873D3D1AF1F6</styleUrl>
				<Point>
					<coordinates>-70.34037949666839,-33.18903119446446,2655.730061755937</coordinates>
				</Point>
			</Placemark>
			<Placemark id="008CCCB9523335896BBF">
				<name>05 - Camara Exterior Centro</name>
				<LookAt>
					<longitude>-70.34043128221757</longitude>
					<latitude>-33.18910376061503</latitude>
					<altitude>2653.23404109382</altitude>
					<heading>0</heading>
					<tilt>0</tilt>
					<range>140.7348700421062</range>
					<altitudeMode>absolute</altitudeMode>
					<gx:fovy>35.00010218633699</gx:fovy>
				</LookAt>
				<styleUrl>#__managed_style_38EBB314873D3D1AF1F6</styleUrl>
				<Point>
					<coordinates>-70.34052171537608,-33.18925512160686,2652.016952791033</coordinates>
				</Point>
			</Placemark>
			<Placemark id="04CE925AC733358A4286">
				<name>829 - P1 Exterior Borde Rio</name>
				<LookAt>
					<longitude>-70.34002449785736</longitude>
					<latitude>-33.18969496436462</latitude>
					<altitude>2637.152217963241</altitude>
					<heading>0</heading>
					<tilt>0</tilt>
					<range>138.5764792793271</range>
					<altitudeMode>absolute</altitudeMode>
					<gx:fovy>35.00010218633699</gx:fovy>
				</LookAt>
				<styleUrl>#__managed_style_38EBB314873D3D1AF1F6</styleUrl>
				<Point>
					<coordinates>-70.3397826248858,-33.18975928822859,2646.476326910226</coordinates>
				</Point>
			</Placemark>
			<Placemark id="06A88E716333358AC18A">
				<name>799 - P1 Exterior Borde Rio</name>
				<LookAt>
					<longitude>-70.34002243459506</longitude>
					<latitude>-33.1898054661336</latitude>
					<altitude>2637.752730866659</altitude>
					<heading>0</heading>
					<tilt>0</tilt>
					<range>137.9759708575148</range>
					<altitudeMode>absolute</altitudeMode>
					<gx:fovy>35.00010218633699</gx:fovy>
				</LookAt>
				<styleUrl>#__managed_style_38EBB314873D3D1AF1F6</styleUrl>
				<Point>
					<coordinates>-70.33986874774754,-33.1899995359222,2650.055411459165</coordinates>
				</Point>
			</Placemark>
			<Placemark id="0D6BA6083333358B7F72">
				<name>1069 - Salidas 5-6</name>
				<LookAt>
					<longitude>-70.33976735493877</longitude>
					<latitude>-33.1901334618783</latitude>
					<altitude>2648.954674015101</altitude>
					<heading>0</heading>
					<tilt>0</tilt>
					<range>146.8535476746911</range>
					<altitudeMode>absolute</altitudeMode>
					<gx:fovy>35.00010218633699</gx:fovy>
				</LookAt>
				<styleUrl>#__managed_style_38EBB314873D3D1AF1F6</styleUrl>
				<Point>
					<coordinates>-70.3393622050252,-33.19027802863024,2653.534947637629</coordinates>
				</Point>
			</Placemark>
			<Placemark id="094217496533358FE7ED">
				<name>776 - Meteorologia Perez Caldera</name>
				<LookAt>
					<longitude>-70.33954952714991</longitude>
					<latitude>-33.19108304909711</latitude>
					<altitude>2653.989054164261</altitude>
					<heading>0</heading>
					<tilt>0</tilt>
					<range>103.4369672451794</range>
					<altitudeMode>absolute</altitudeMode>
					<gx:fovy>35.00010218633699</gx:fovy>
				</LookAt>
				<styleUrl>#__managed_style_38EBB314873D3D1AF1F6</styleUrl>
				<Point>
					<coordinates>-70.33937214620647,-33.19115915115817,2666.726727521841</coordinates>
				</Point>
			</Placemark>
			<Placemark id="04B98EE672333592DB1F">
				<name>999 - Camara Anden Pasillo 1</name>
				<LookAt>
					<longitude>-70.34049215855387</longitude>
					<latitude>-33.19188704496649</latitude>
					<altitude>2651.62744416251</altitude>
					<heading>0</heading>
					<tilt>0</tilt>
					<range>128.1659592180949</range>
					<altitudeMode>absolute</altitudeMode>
					<gx:fovy>35.00010218633699</gx:fovy>
				</LookAt>
				<styleUrl>#__managed_style_38EBB314873D3D1AF1F6</styleUrl>
				<Point>
					<coordinates>-70.34054453478367,-33.19201912102805,2651.828782661019</coordinates>
				</Point>
			</Placemark>
			<Placemark id="0CEB01D7AC3335933A1C">
				<name>989 - Camara Anden N°1 AA PC</name>
				<LookAt>
					<longitude>-70.34052323338008</longitude>
					<latitude>-33.19187065071148</latitude>
					<altitude>2650.840454828115</altitude>
					<heading>0</heading>
					<tilt>0</tilt>
					<range>128.9529546043559</range>
					<altitudeMode>absolute</altitudeMode>
					<gx:fovy>35.00010218633699</gx:fovy>
				</LookAt>
				<styleUrl>#__managed_style_38EBB314873D3D1AF1F6</styleUrl>
				<Point>
					<coordinates>-70.34053474149025,-33.19197741807958,2652.449145099591</coordinates>
				</Point>
			</Placemark>
			<Placemark id="0AFD6F692D333593E2C5">
				<name>990 - Camara Anden N°2 AA PC</name>
				<LookAt>
					<longitude>-70.34051698838769</longitude>
					<latitude>-33.19179132849688</latitude>
					<altitude>2650.627538238031</altitude>
					<heading>0</heading>
					<tilt>0</tilt>
					<range>129.1658640320748</range>
					<altitudeMode>absolute</altitudeMode>
					<gx:fovy>35.00010218633699</gx:fovy>
				</LookAt>
				<styleUrl>#__managed_style_38EBB314873D3D1AF1F6</styleUrl>
				<Point>
					<coordinates>-70.34052712496661,-33.19194651884092,2653.699102744345</coordinates>
				</Point>
			</Placemark>
			<Placemark id="02AA6DA7CF333597B665">
				<name>991 - Camara Anden N°3 AA PC</name>
				<LookAt>
					<longitude>-70.34051424158297</longitude>
					<latitude>-33.1917706414268</latitude>
					<altitude>2650.547823315712</altitude>
					<heading>0</heading>
					<tilt>0</tilt>
					<range>129.2455833850727</range>
					<altitudeMode>absolute</altitudeMode>
					<gx:fovy>35.00010218633699</gx:fovy>
				</LookAt>
				<styleUrl>#__managed_style_38EBB314873D3D1AF1F6</styleUrl>
				<Point>
					<coordinates>-70.34051355501569,-33.19190566158475,2654.038747992713</coordinates>
				</Point>
			</Placemark>
			<Placemark id="08AB34E4BE3335982C2A">
				<name>992 - Camara Anden N°4 AA PC</name>
				<LookAt>
					<longitude>-70.34051424158297</longitude>
					<latitude>-33.1917706414268</latitude>
					<altitude>2650.547823315712</altitude>
					<heading>0</heading>
					<tilt>0</tilt>
					<range>129.2455833850727</range>
					<altitudeMode>absolute</altitudeMode>
					<gx:fovy>35.00010218633699</gx:fovy>
				</LookAt>
				<styleUrl>#__managed_style_38EBB314873D3D1AF1F6</styleUrl>
				<Point>
					<coordinates>-70.34050738583639,-33.19186760001193,2654.225867833138</coordinates>
				</Point>
			</Placemark>
			<Placemark id="002A693F2C33359DDCE6">
				<name>993 - Camara Anden N°5 AA PC</name>
				<LookAt>
					<longitude>-70.34050630330697</longitude>
					<latitude>-33.19177385583345</latitude>
					<altitude>2650.770968327233</altitude>
					<heading>0</heading>
					<tilt>0</tilt>
					<range>81.01311500538941</range>
					<altitudeMode>absolute</altitudeMode>
					<gx:fovy>35.00010218633699</gx:fovy>
				</LookAt>
				<styleUrl>#__managed_style_38EBB314873D3D1AF1F6</styleUrl>
				<Point>
					<coordinates>-70.34049376007233,-33.19183047228119,2654.260955816425</coordinates>
				</Point>
			</Placemark>
			<Placemark id="09561B670433359FE4F2">
				<name>994 - Camara Anden N°6 AA PC</name>
				<LookAt>
					<longitude>-70.34050630330697</longitude>
					<latitude>-33.19177385583345</latitude>
					<altitude>2650.770968327233</altitude>
					<heading>0</heading>
					<tilt>0</tilt>
					<range>81.01311500538941</range>
					<altitudeMode>absolute</altitudeMode>
					<gx:fovy>35.00010218633699</gx:fovy>
				</LookAt>
				<styleUrl>#__managed_style_38EBB314873D3D1AF1F6</styleUrl>
				<Point>
					<coordinates>-70.34048225825494,-33.19176092027445,2654.249545037211</coordinates>
				</Point>
			</Placemark>
			<Placemark id="02AF5899163335A0A200">
				<name>997 - Camara Anden N°7 AA PC</name>
				<LookAt>
					<longitude>-70.34051489132378</longitude>
					<latitude>-33.19178283935813</latitude>
					<altitude>2650.619277883933</altitude>
					<heading>0</heading>
					<tilt>0</tilt>
					<range>81.16480659879926</range>
					<altitudeMode>absolute</altitudeMode>
					<gx:fovy>35.00010218633699</gx:fovy>
				</LookAt>
				<styleUrl>#__managed_style_38EBB314873D3D1AF1F6</styleUrl>
				<Point>
					<coordinates>-70.34047132214515,-33.19170883522562,2653.873759177769</coordinates>
				</Point>
			</Placemark>
			<Placemark id="0E2FE796E93335A135C7">
				<name>1000 - Camara Anden Pasillo 2</name>
				<LookAt>
					<longitude>-70.34052898149669</longitude>
					<latitude>-33.19166599841145</latitude>
					<altitude>2649.702249670613</altitude>
					<heading>0</heading>
					<tilt>0</tilt>
					<range>82.08183990626821</range>
					<altitudeMode>absolute</altitudeMode>
					<gx:fovy>35.00010218633699</gx:fovy>
				</LookAt>
				<styleUrl>#__managed_style_38EBB314873D3D1AF1F6</styleUrl>
				<Point>
					<coordinates>-70.34047674192642,-33.19167755975528,2653.807256967991</coordinates>
				</Point>
			</Placemark>
			<Placemark id="08AED3ACF73335A21E75">
				<name>996 - Camara Anden N°8 AA PC</name>
				<LookAt>
					<longitude>-70.34052898149669</longitude>
					<latitude>-33.19166599841145</latitude>
					<altitude>2649.702249670613</altitude>
					<heading>0</heading>
					<tilt>0</tilt>
					<range>82.08183990626821</range>
					<altitudeMode>absolute</altitudeMode>
					<gx:fovy>35.00010218633699</gx:fovy>
				</LookAt>
				<styleUrl>#__managed_style_38EBB314873D3D1AF1F6</styleUrl>
				<Point>
					<coordinates>-70.34047592779601,-33.19165011632732,2653.882539646546</coordinates>
				</Point>
			</Placemark>
			<Placemark id="0DBE55927F3335A28A33">
				<name>997 - Camara Anden N°9 AA PC</name>
				<LookAt>
					<longitude>-70.34052898149669</longitude>
					<latitude>-33.19166599841145</latitude>
					<altitude>2649.702249670613</altitude>
					<heading>0</heading>
					<tilt>0</tilt>
					<range>82.08183990626821</range>
					<altitudeMode>absolute</altitudeMode>
					<gx:fovy>35.00010218633699</gx:fovy>
				</LookAt>
				<styleUrl>#__managed_style_38EBB314873D3D1AF1F6</styleUrl>
				<Point>
					<coordinates>-70.34047177189531,-33.19160397779064,2653.492976463378</coordinates>
				</Point>
			</Placemark>
			<Placemark id="0EC4B686C33335A2E7B0">
				<name>995 - Camara Anden N°10 AA PC</name>
				<LookAt>
					<longitude>-70.34052898149669</longitude>
					<latitude>-33.19166599841145</latitude>
					<altitude>2649.702249670613</altitude>
					<heading>0</heading>
					<tilt>0</tilt>
					<range>82.08183990626821</range>
					<altitudeMode>absolute</altitudeMode>
					<gx:fovy>35.00010218633699</gx:fovy>
				</LookAt>
				<styleUrl>#__managed_style_38EBB314873D3D1AF1F6</styleUrl>
				<Point>
					<coordinates>-70.34045862364275,-33.19154750974251,2652.817417120446</coordinates>
				</Point>
			</Placemark>
		</Folder>
		<Folder id="06DC738221331AB38833">
			<name>Subestaciones Electricas</name>
			<styleUrl>#__managed_style_08C3A00A423D3D1AF1E302</styleUrl>
			<Placemark id="03F492F3893335A69833">
				<name>337 - SE Confluencia Exterior</name>
				<LookAt>
					<longitude>-70.32622881699015</longitude>
					<latitude>-33.16754656095348</latitude>
					<altitude>3156.842583489557</altitude>
					<heading>0</heading>
					<tilt>0</tilt>
					<range>157.126867936513</range>
					<altitudeMode>absolute</altitudeMode>
					<gx:fovy>35.00010218633699</gx:fovy>
				</LookAt>
				<styleUrl>#__managed_style_38EBB314873D3D1AF1F6</styleUrl>
				<Point>
					<coordinates>-70.32630359379226,-33.16752546194392,3159.923817230192</coordinates>
				</Point>
			</Placemark>
			<Placemark id="03B8733C353335A97ACB">
				<name>35 - Patio SE Santa Filomena</name>
				<LookAt>
					<longitude>-70.56668153178367</longitude>
					<latitude>-33.193929931318</latitude>
					<altitude>1147.443117636785</altitude>
					<heading>0</heading>
					<tilt>0</tilt>
					<range>524.0260523409235</range>
					<altitudeMode>absolute</altitudeMode>
					<gx:fovy>35.00010218633699</gx:fovy>
				</LookAt>
				<styleUrl>#__managed_style_38EBB314873D3D1AF1F6</styleUrl>
				<Point>
					<coordinates>-70.56630591504423,-33.19422807570204,1155.090931252201</coordinates>
				</Point>
			</Placemark>
			<Placemark id="05418F144F3335A9D89B">
				<name>36 - Sala GIS</name>
				<LookAt>
					<longitude>-70.56668153178367</longitude>
					<latitude>-33.193929931318</latitude>
					<altitude>1147.443117636785</altitude>
					<heading>0</heading>
					<tilt>0</tilt>
					<range>524.0260523409235</range>
					<altitudeMode>absolute</altitudeMode>
					<gx:fovy>35.00010218633699</gx:fovy>
				</LookAt>
				<styleUrl>#__managed_style_38EBB314873D3D1AF1F6</styleUrl>
				<Point>
					<coordinates>-70.56591322347114,-33.19391836518266,1154.749591126658</coordinates>
				</Point>
			</Placemark>
			<Placemark id="0C7E8481D73335B0D4A7">
				<name>610 - MaiT Acceso Principal</name>
				<LookAt>
					<longitude>-70.35774110380278</longitude>
					<latitude>-33.30495436359752</latitude>
					<altitude>1582.220447012996</altitude>
					<heading>0</heading>
					<tilt>0</tilt>
					<range>183.7049340199519</range>
					<altitudeMode>absolute</altitudeMode>
					<gx:fovy>35.00010218633699</gx:fovy>
				</LookAt>
				<styleUrl>#__managed_style_38EBB314873D3D1AF1F6</styleUrl>
				<Point>
					<coordinates>-70.35738023129576,-33.30513759448738,1586.089722121236</coordinates>
				</Point>
			</Placemark>
			<Placemark id="068E4EB7393335B202BC">
				<name>19 - Sector Sur Oriente</name>
				<LookAt>
					<longitude>-70.39749721643715</longitude>
					<latitude>-33.36701828655434</latitude>
					<altitude>1195.240510338504</altitude>
					<heading>0</heading>
					<tilt>0</tilt>
					<range>156.5238447451702</range>
					<altitudeMode>absolute</altitudeMode>
					<gx:fovy>35.00010218633699</gx:fovy>
				</LookAt>
				<styleUrl>#__managed_style_38EBB314873D3D1AF1F6</styleUrl>
				<Point>
					<coordinates>-70.39718578571429,-33.36712754042291,1195.221221083354</coordinates>
				</Point>
			</Placemark>
			<Placemark id="0B2770FDDC3335B252CD">
				<name>20 - Sector Sur Poniente</name>
				<LookAt>
					<longitude>-70.39781717711786</longitude>
					<latitude>-33.36709575226688</latitude>
					<altitude>1192.220051727281</altitude>
					<heading>0</heading>
					<tilt>0</tilt>
					<range>159.5443147273363</range>
					<altitudeMode>absolute</altitudeMode>
					<gx:fovy>35.00010218633699</gx:fovy>
				</LookAt>
				<styleUrl>#__managed_style_38EBB314873D3D1AF1F6</styleUrl>
				<Point>
					<coordinates>-70.39775045804011,-33.36726436322677,1191.008785305413</coordinates>
				</Point>
			</Placemark>
			<Placemark id="0F86D817E13335B36310">
				<name>332 - SE Colbun Exterior</name>
				<LookAt>
					<longitude>-70.70247448742769</longitude>
					<latitude>-33.1421762974285</latitude>
					<altitude>714.1358605843504</altitude>
					<heading>0</heading>
					<tilt>0</tilt>
					<range>111.1736962666692</range>
					<altitudeMode>absolute</altitudeMode>
					<gx:fovy>35.00010218633699</gx:fovy>
				</LookAt>
				<styleUrl>#__managed_style_38EBB314873D3D1AF1F6</styleUrl>
				<Point>
					<coordinates>-70.70234380860805,-33.14205991459069,714.7153956888632</coordinates>
				</Point>
			</Placemark>
			<Placemark id="03FD5BC5963335B3B7C3">
				<name>333 - SE Colbun Interior</name>
				<LookAt>
					<longitude>-70.70244361144937</longitude>
					<latitude>-33.14214248970283</latitude>
					<altitude>713.8122182602564</altitude>
					<heading>0</heading>
					<tilt>0</tilt>
					<range>111.4973366753293</range>
					<altitudeMode>absolute</altitudeMode>
					<gx:fovy>35.00010218633699</gx:fovy>
				</LookAt>
				<styleUrl>#__managed_style_38EBB314873D3D1AF1F6</styleUrl>
				<Point>
					<coordinates>-70.70224161860632,-33.14200931110345,715.9264475628477</coordinates>
				</Point>
			</Placemark>
		</Folder>
	</Folder>
	<Folder id="0C4DCB93BC33A5600E03">
		<name>DEAS</name>
		<open>1</open>
		<styleUrl>#__managed_style_08C3A00A423D3D1AF1E302</styleUrl>
		<Folder id="081C5543D033A566733B">
			<name>División Las Tortolas</name>
			<styleUrl>#__managed_style_08C3A00A423D3D1AF1E302</styleUrl>
			<Placemark id="0F12998A1233A57187CA">
				<name>DEA - Casino Principal</name>
				<styleUrl>#__managed_style_AF317DCB593D3D1AF1F80</styleUrl>
				<Point>
					<extrude>1</extrude>
					<coordinates>-70.6988889,-33.1458333,0</coordinates>
				</Point>
			</Placemark>
			<Placemark id="045A0C70F133A575D520">
				<name>DEA - Casino Planta</name>
				<styleUrl>#__managed_style_AF317DCB593D3D1AF1F80</styleUrl>
				<Point>
					<extrude>1</extrude>
					<coordinates>-70.7055556,-33.1402778,0</coordinates>
				</Point>
			</Placemark>
			<Placemark id="08ECFCE35733A578D9A4">
				<name>DEA - Parque Quilapilun</name>
				<styleUrl>#__managed_style_AF317DCB593D3D1AF1F80</styleUrl>
				<Point>
					<extrude>1</extrude>
					<coordinates>-70.7322222,-33.0925,0</coordinates>
				</Point>
			</Placemark>
			<Placemark id="0C9DAC41E633A573923B">
				<name>DEA - Testigoteca</name>
				<styleUrl>#__managed_style_AF317DCB593D3D1AF1F80</styleUrl>
				<Point>
					<extrude>1</extrude>
					<coordinates>-70.6997222,-33.1425,0</coordinates>
				</Point>
			</Placemark>
			<Placemark id="07E75EA79A33A57F228E">
				<name>DEA  - Carro Bomba Ambipar</name>
				<styleUrl>#__managed_style_AF317DCB593D3D1AF1F80</styleUrl>
				<Point>
					<extrude>1</extrude>
					<coordinates>-70.69954941826853,-33.14768714217986,0</coordinates>
				</Point>
			</Placemark>
		</Folder>
		<Folder id="0E1272317933A56660C4">
			<name>División Los Bronces</name>
			<styleUrl>#__managed_style_08C3A00A423D3D1AF1E302</styleUrl>
			<Folder id="028CC823B633A601EDCE">
				<name>Taller Titan</name>
				<styleUrl>#__managed_style_08C3A00A423D3D1AF1E302</styleUrl>
				<Placemark id="0D7896A49233A5B576E0">
					<name>DEA - Frente a Portón 19</name>
					<styleUrl>#__managed_style_AF317DCB593D3D1AF1F8</styleUrl>
					<Point>
						<extrude>1</extrude>
						<coordinates>-70.28651076742761,-33.14766590534125,0</coordinates>
					</Point>
				</Placemark>
				<Placemark id="0EC9ECD5F333A5B66E8D">
					<name>DEA - Frente a Portón 22</name>
					<styleUrl>#__managed_style_AF317DCB593D3D1AF1F8</styleUrl>
					<Point>
						<extrude>1</extrude>
						<coordinates>-70.28669970748696,-33.14764672120099,0</coordinates>
					</Point>
				</Placemark>
				<Placemark id="00D4578E4833A5B74AB1">
					<name>DEA - Oficina Jefe de Turno 2piso</name>
					<styleUrl>#__managed_style_AF317DCB593D3D1AF1F8</styleUrl>
					<Point>
						<extrude>1</extrude>
						<coordinates>-70.28682878738695,-33.14763116814099,0</coordinates>
					</Point>
				</Placemark>
				<Placemark id="0DA897517D33A5B84F6F">
					<name>DEA - Frente a Portón N9</name>
					<styleUrl>#__managed_style_AF317DCB593D3D1AF1F8</styleUrl>
					<Point>
						<extrude>1</extrude>
						<coordinates>-70.28758634413091,-33.14746093941267,0</coordinates>
					</Point>
				</Placemark>
				<Placemark id="0CD6980A7533A5B96D4B">
					<name>DEA - Frente a Porton 36</name>
					<styleUrl>#__managed_style_AF317DCB593D3D1AF1F8</styleUrl>
					<Point>
						<extrude>1</extrude>
						<coordinates>-70.28836812849293,-33.14733216202346,0</coordinates>
					</Point>
				</Placemark>
			</Folder>
			<Folder id="02F418FD8533A5E5C894">
				<name>220</name>
				<styleUrl>#__managed_style_08C3A00A423D3D1AF1E302</styleUrl>
				<Placemark id="02CFD0D1F933A5AF363C">
					<name>DEA - 220 Pasillo Acceso Habitaciones</name>
					<styleUrl>#__managed_style_AF317DCB593D3D1AF1F8</styleUrl>
					<Point>
						<extrude>1</extrude>
						<coordinates>-70.28625223330654,-33.1467491367798,0</coordinates>
					</Point>
				</Placemark>
			</Folder>
			<Folder id="05EFC101A733A5E58848">
				<name>Planta SAG</name>
				<styleUrl>#__managed_style_08C3A00A423D3D1AF1E302</styleUrl>
				<Placemark id="0A94722A7D33A5A6E352">
					<name>DEA - Planta SAG Sala de Control</name>
					<styleUrl>#__managed_style_AF317DCB593D3D1AF1F8</styleUrl>
					<Point>
						<extrude>1</extrude>
						<coordinates>-70.28766156330474,-33.14478905322218,0</coordinates>
					</Point>
				</Placemark>
			</Folder>
			<Folder id="09D5DDB4A433A602281A">
				<name>Confluencia</name>
				<styleUrl>#__managed_style_08C3A00A423D3D1AF1E302</styleUrl>
				<Placemark id="0A6CA8DD2033A606419D">
					<name>DEA - Confluencia 4 piso Sala Control</name>
					<styleUrl>#__managed_style_AF317DCB593D3D1AF1F8</styleUrl>
					<Point>
						<extrude>1</extrude>
						<coordinates>-70.3255556,-33.1675,0</coordinates>
					</Point>
				</Placemark>
			</Folder>
			<Folder id="09DBE036C933A602363A">
				<name>Planta Catodos</name>
				<styleUrl>#__managed_style_08C3A00A423D3D1AF1E302</styleUrl>
				<Placemark id="070987803E33A6092A65">
					<name>DEA - Planta Catodos San Francisco</name>
					<styleUrl>#__managed_style_AF317DCB593D3D1AF1F8</styleUrl>
					<Point>
						<extrude>1</extrude>
						<coordinates>-70.3374070129008,-33.17251087447543,0</coordinates>
					</Point>
				</Placemark>
			</Folder>
			<Folder id="0A86C382A633A6027BF3">
				<name>Perez Caldera</name>
				<styleUrl>#__managed_style_08C3A00A423D3D1AF1E302</styleUrl>
				<Placemark id="0AFE8BE4B433A625356A">
					<name>DEA - P1 Frente recepcion piso 1</name>
					<styleUrl>#__managed_style_AF317DCB593D3D1AF1F8</styleUrl>
					<Point>
						<extrude>1</extrude>
						<coordinates>-70.34023435697254,-33.19115527327662,0</coordinates>
					</Point>
				</Placemark>
				<Placemark id="01C4D5709C33A625CA93">
					<name>DEA - P1 Piso 2 fuera sala de reuniones</name>
					<LookAt>
						<longitude>-70.33991860894854</longitude>
						<latitude>-33.19117082004261</latitude>
						<altitude>2652.414158040813</altitude>
						<heading>0</heading>
						<tilt>0</tilt>
						<range>256.0792826031685</range>
						<altitudeMode>absolute</altitudeMode>
						<gx:fovy>35</gx:fovy>
					</LookAt>
					<styleUrl>#__managed_style_AF317DCB593D3D1AF1F8</styleUrl>
					<Point>
						<coordinates>-70.34013166430459,-33.19111253106279,2652.438663439062</coordinates>
					</Point>
				</Placemark>
				<Placemark id="02CAD07A5C33A625DAA7">
					<name>DEA - P1 3piso costado ascensor</name>
					<LookAt>
						<longitude>-70.33991860894854</longitude>
						<latitude>-33.19117082004261</latitude>
						<altitude>2652.414158040813</altitude>
						<heading>0</heading>
						<tilt>0</tilt>
						<range>256.0792826031685</range>
						<altitudeMode>absolute</altitudeMode>
						<gx:fovy>35</gx:fovy>
					</LookAt>
					<styleUrl>#__managed_style_AF317DCB593D3D1AF1F8</styleUrl>
					<Point>
						<coordinates>-70.33991177979033,-33.19111709935268,2652.421901637998</coordinates>
					</Point>
				</Placemark>
				<Placemark id="0CF936A01533A625F088">
					<name>DAE - P2 Costado Ascensor 2 piso</name>
					<LookAt>
						<longitude>-70.33991860894854</longitude>
						<latitude>-33.19117082004261</latitude>
						<altitude>2652.414158040813</altitude>
						<heading>0</heading>
						<tilt>0</tilt>
						<range>256.0792826031685</range>
						<altitudeMode>absolute</altitudeMode>
						<gx:fovy>35</gx:fovy>
					</LookAt>
					<styleUrl>#__managed_style_AF317DCB593D3D1AF1F8</styleUrl>
					<Point>
						<coordinates>-70.33983417593717,-33.19094972934192,2653.172454181988</coordinates>
					</Point>
				</Placemark>
				<Placemark id="0D2511A85433A62D9ABA">
					<name>DAE - P3 Costado ascensor 2 piso</name>
					<LookAt>
						<longitude>-70.33976334594813</longitude>
						<latitude>-33.19050178281224</latitude>
						<altitude>2654.974960558431</altitude>
						<heading>0</heading>
						<tilt>0</tilt>
						<range>253.5185055379043</range>
						<altitudeMode>absolute</altitudeMode>
						<gx:fovy>35</gx:fovy>
					</LookAt>
					<styleUrl>#__managed_style_AF317DCB593D3D1AF1F8</styleUrl>
					<Point>
						<coordinates>-70.3397341779548,-33.19073286694292,2654.323864998825</coordinates>
					</Point>
				</Placemark>
				<Placemark id="07365290D733A62DA91D">
					<name>DAE - P4 Costado ascensor 2 piso</name>
					<LookAt>
						<longitude>-70.33976334594813</longitude>
						<latitude>-33.19050178281224</latitude>
						<altitude>2654.974960558431</altitude>
						<heading>0</heading>
						<tilt>0</tilt>
						<range>253.5185055379043</range>
						<altitudeMode>absolute</altitudeMode>
						<gx:fovy>35</gx:fovy>
					</LookAt>
					<styleUrl>#__managed_style_AF317DCB593D3D1AF1F8</styleUrl>
					<Point>
						<coordinates>-70.33968357326549,-33.19053346461525,2654.998074611784</coordinates>
					</Point>
				</Placemark>
				<Placemark id="0CD51EC5A933A62EC9B6">
					<name>DAE - P5 Costado ascensor 2 piso</name>
					<LookAt>
						<longitude>-70.33976334599852</longitude>
						<latitude>-33.19050178276999</latitude>
						<altitude>2654.974941695509</altitude>
						<heading>0</heading>
						<tilt>0</tilt>
						<range>253.518551893103</range>
						<altitudeMode>absolute</altitudeMode>
						<gx:fovy>35</gx:fovy>
					</LookAt>
					<styleUrl>#__managed_style_AF317DCB593D3D1AF1F8</styleUrl>
					<Point>
						<coordinates>-70.33960854238218,-33.19030398996507,2649.355049573134</coordinates>
					</Point>
				</Placemark>
				<Placemark id="0440285D4333A62ED4C7">
					<name>DAE - P6 Costado ascensor 2 piso</name>
					<LookAt>
						<longitude>-70.33976334599852</longitude>
						<latitude>-33.19050178276999</latitude>
						<altitude>2654.974941695509</altitude>
						<heading>0</heading>
						<tilt>0</tilt>
						<range>253.518551893103</range>
						<altitudeMode>absolute</altitudeMode>
						<gx:fovy>35</gx:fovy>
					</LookAt>
					<styleUrl>#__managed_style_AF317DCB593D3D1AF1F8</styleUrl>
					<Point>
						<coordinates>-70.33954959247784,-33.1901081150921,2649.181827584227</coordinates>
					</Point>
				</Placemark>
				<Placemark id="010B72FAB433A62F5D4D">
					<name>DAE - P7 Costado Ascensor 2 piso</name>
					<LookAt>
						<longitude>-70.33960011056948</longitude>
						<latitude>-33.19003686734052</latitude>
						<altitude>2649.0477677865</altitude>
						<heading>359.9999991404968</heading>
						<tilt>0</tilt>
						<range>259.4457130221781</range>
						<altitudeMode>absolute</altitudeMode>
						<gx:fovy>35</gx:fovy>
					</LookAt>
					<styleUrl>#__managed_style_AF317DCB593D3D1AF1F8</styleUrl>
					<Point>
						<coordinates>-70.33946061369186,-33.18992590696242,2649.54474731554</coordinates>
					</Point>
				</Placemark>
				<Placemark id="09EEFEE27C33A62F718C">
					<name>DAE - P8 Costado Ascensor 2 piso</name>
					<LookAt>
						<longitude>-70.33960011056948</longitude>
						<latitude>-33.19003686734052</latitude>
						<altitude>2649.0477677865</altitude>
						<heading>359.9999991404968</heading>
						<tilt>0</tilt>
						<range>259.4457130221781</range>
						<altitudeMode>absolute</altitudeMode>
						<gx:fovy>35</gx:fovy>
					</LookAt>
					<styleUrl>#__managed_style_AF317DCB593D3D1AF1F8</styleUrl>
					<Point>
						<coordinates>-70.33933216462887,-33.18969704852148,2649.542782698527</coordinates>
					</Point>
				</Placemark>
				<Placemark id="021E23DF5A33A6369AFA">
					<name>DAE - Casino Piedra Grande 1 piso</name>
					<LookAt>
						<longitude>-70.33944593460335</longitude>
						<latitude>-33.1890550930477</latitude>
						<altitude>2645.438048501222</altitude>
						<heading>0</heading>
						<tilt>0</tilt>
						<range>263.0554155240679</range>
						<altitudeMode>absolute</altitudeMode>
						<gx:fovy>35</gx:fovy>
					</LookAt>
					<styleUrl>#__managed_style_AF317DCB593D3D1AF1F8</styleUrl>
					<Point>
						<coordinates>-70.33943339867727,-33.18929172109083,2647.344927956211</coordinates>
					</Point>
				</Placemark>
				<Placemark id="020A6AF7B933A636E743">
					<name>DAE - Gimnasio Piedra Grande</name>
					<LookAt>
						<longitude>-70.33944593460335</longitude>
						<latitude>-33.1890550930477</latitude>
						<altitude>2645.438048501222</altitude>
						<heading>0</heading>
						<tilt>0</tilt>
						<range>263.0554155240679</range>
						<altitudeMode>absolute</altitudeMode>
						<gx:fovy>35</gx:fovy>
					</LookAt>
					<styleUrl>#__managed_style_AF317DCB593D3D1AF1F8</styleUrl>
					<Point>
						<coordinates>-70.339332992926,-33.18911693761613,2647.0704157245</coordinates>
					</Point>
				</Placemark>
				<Placemark id="0D86DA6A1A33A61D181C">
					<name>DEA - Ingreso Lavanderia</name>
					<styleUrl>#__managed_style_AF317DCB593D3D1AF1F8</styleUrl>
					<Point>
						<extrude>1</extrude>
						<coordinates>-70.3401100981657,-33.19136541120173,0</coordinates>
					</Point>
				</Placemark>
			</Folder>
		</Folder>
		<Placemark id="04B9C561AD3C5C68C7DF">
			<name>DEA Laguna Seca</name>
			<LookAt>
				<longitude>-70.39574148146183</longitude>
				<latitude>-33.22694459546525</latitude>
				<altitude>2261.145234529954</altitude>
				<heading>0</heading>
				<tilt>0</tilt>
				<range>61.47937613456635</range>
				<altitudeMode>absolute</altitudeMode>
				<gx:fovy>30.00000338</gx:fovy>
			</LookAt>
			<styleUrl>#__managed_style_3A05D356B03D3D1AF1F00</styleUrl>
			<Point>
				<coordinates>-70.3957851892432,-33.22696887908641,2260.893056861939</coordinates>
			</Point>
		</Placemark>
	</Folder>
	<Folder id="0A7691A87B3310D5E598">
		<name>Sub Estaciones Electricas</name>
		<description><![CDATA[<div>Ubicación de las Sub Estaciones eléctricas usadas por AA</div>]]></description>
		<styleUrl>#__managed_style_096CE0C23A3D3D1AF1E1</styleUrl>
		<Placemark id="0CA2A38538331A9D559A">
			<name>S/E Colbun LT</name>
			<LookAt>
				<longitude>-70.70296592197546</longitude>
				<latitude>-33.14272193821788</latitude>
				<altitude>720.3468812754541</altitude>
				<heading>0</heading>
				<tilt>0</tilt>
				<range>512.7765727156657</range>
				<altitudeMode>absolute</altitudeMode>
				<gx:fovy>30.0000004546614</gx:fovy>
			</LookAt>
			<styleUrl>#__managed_style_D419F6067C3D3D1AF1F80</styleUrl>
			<Polygon>
				<outerBoundaryIs>
					<LinearRing>
						<coordinates>
							-70.70289255381282,-33.14282307661481,0 -70.70174511202227,-33.1430779756361,0 -70.7016372031925,-33.14233356120114,0 -70.70172991098136,-33.14202729372001,0 -70.70239117924656,-33.14182672487607,0 -70.70250232681776,-33.14182518224755,0 -70.70273335776974,-33.14223137287277,0 -70.70289255381282,-33.14282307661481,0 
						</coordinates>
					</LinearRing>
				</outerBoundaryIs>
			</Polygon>
		</Placemark>
		<Placemark id="0B731B0A7B331A9F9CCA">
			<name>S/E La Ermita</name>
			<LookAt>
				<longitude>-70.39767707437294</longitude>
				<latitude>-33.36679917233327</latitude>
				<altitude>1195.128577381746</altitude>
				<heading>0</heading>
				<tilt>0</tilt>
				<range>242.2587350585309</range>
				<altitudeMode>absolute</altitudeMode>
				<gx:fovy>30.0000004546614</gx:fovy>
			</LookAt>
			<styleUrl>#__managed_style_D419F6067C3D3D1AF1F83</styleUrl>
			<Polygon>
				<outerBoundaryIs>
					<LinearRing>
						<coordinates>
							-70.39768095839918,-33.36656784843672,0 -70.3980257425943,-33.3667136261181,0 -70.39811171263116,-33.36682612229731,0 -70.3979898152304,-33.36706895364853,0 -70.39780431899939,-33.36727384792105,0 -70.39774839507841,-33.36726756372029,0 -70.39775867314538,-33.36728036324972,0 -70.39769846099486,-33.3674398001599,0 -70.39757557591814,-33.36747493500034,0 -70.39725650577394,-33.3673802268597,0 -70.39734734713052,-33.36718130717925,0 -70.39716690953729,-33.36713953042753,0 -70.39746422795736,-33.36649001980932,0 -70.39768095839918,-33.36656784843672,0 
						</coordinates>
					</LinearRing>
				</outerBoundaryIs>
			</Polygon>
		</Placemark>
		<Placemark id="086BD57E79331AA13DBC">
			<name>S/E Los Maitenes</name>
			<LookAt>
				<longitude>-70.35810086840003</longitude>
				<latitude>-33.30491193869203</latitude>
				<altitude>1579.785322900275</altitude>
				<heading>355.5976673207356</heading>
				<tilt>0</tilt>
				<range>546.9976955527818</range>
				<altitudeMode>absolute</altitudeMode>
				<gx:fovy>30.0000004546614</gx:fovy>
			</LookAt>
			<styleUrl>#__managed_style_D419F6067C3D3D1AF1F8</styleUrl>
			<Polygon>
				<outerBoundaryIs>
					<LinearRing>
						<coordinates>
							-70.35715568040952,-33.30496997504629,0 -70.3579064030358,-33.30427379522434,0 -70.35846617983118,-33.30469062152539,0 -70.35773804085986,-33.30541634070973,0 -70.35740664778174,-33.30516032273395,0 -70.35715568040952,-33.30496997504629,0 
						</coordinates>
					</LinearRing>
				</outerBoundaryIs>
			</Polygon>
		</Placemark>
		<Placemark id="02CA857553331AAC2742">
			<name>S/E SAG</name>
			<LookAt>
				<longitude>-70.2875770978625</longitude>
				<latitude>-33.14565518209626</latitude>
				<altitude>3399.6453057612</altitude>
				<heading>355.5976642812745</heading>
				<tilt>0</tilt>
				<range>217.3939687085658</range>
				<altitudeMode>absolute</altitudeMode>
				<gx:fovy>30.0000004546614</gx:fovy>
			</LookAt>
			<styleUrl>#__managed_style_D419F6067C3D3D1AF1F82</styleUrl>
			<Polygon>
				<outerBoundaryIs>
					<LinearRing>
						<coordinates>
							-70.28756813991016,-33.1457305589279,0 -70.28729288332229,-33.14593885467377,0 -70.28704371866122,-33.14560886651973,0 -70.28733471114171,-33.1454161346846,0 -70.28756813991016,-33.1457305589279,0 
						</coordinates>
					</LinearRing>
				</outerBoundaryIs>
			</Polygon>
		</Placemark>
		<Placemark id="09FA7CAC13331AAF7E43">
			<name>S/E Santa Filomena</name>
			<LookAt>
				<longitude>-70.56637128272277</longitude>
				<latitude>-33.19401545727042</latitude>
				<altitude>1151.809797229147</altitude>
				<heading>355.5976598827895</heading>
				<tilt>0</tilt>
				<range>339.6944655670814</range>
				<altitudeMode>absolute</altitudeMode>
				<gx:fovy>30.0000004546614</gx:fovy>
			</LookAt>
			<styleUrl>#__managed_style_D419F6067C3D3D1AF1F81</styleUrl>
			<Polygon>
				<outerBoundaryIs>
					<LinearRing>
						<coordinates>
							-70.56631894864515,-33.1942642920781,0 -70.56577056196497,-33.1940757192346,0 -70.56606281034416,-33.19350035378879,0 -70.56664435499097,-33.19370547785912,0 -70.56631894864515,-33.1942642920781,0 
						</coordinates>
					</LinearRing>
				</outerBoundaryIs>
			</Polygon>
		</Placemark>
		<Placemark id="02E023607D331A9DED87">
			<name>S/E Colbun LT</name>
			<LookAt>
				<longitude>-70.70255645970148</longitude>
				<latitude>-33.14271642167517</latitude>
				<altitude>713.4429487975582</altitude>
				<heading>0</heading>
				<tilt>0</tilt>
				<range>973.0311292053377</range>
				<altitudeMode>absolute</altitudeMode>
				<gx:fovy>30.0000004546614</gx:fovy>
			</LookAt>
			<styleUrl>#__managed_style_10E036319C83D3D1AF1F8</styleUrl>
			<Point>
				<coordinates>-70.70226825760763,-33.14249552512867,714.2407925895691</coordinates>
			</Point>
		</Placemark>
		<Placemark id="0FCA0BB4C2331A9FF64E">
			<name>S/E La Ermita</name>
			<LookAt>
				<longitude>-70.39790519890663</longitude>
				<latitude>-33.36708007412683</latitude>
				<altitude>1190.685082675597</altitude>
				<heading>355.5976718010641</heading>
				<tilt>0</tilt>
				<range>553.6331641182915</range>
				<altitudeMode>absolute</altitudeMode>
				<gx:fovy>30.0000004546614</gx:fovy>
			</LookAt>
			<styleUrl>#__managed_style_10E036319C83D3D1AF1F80</styleUrl>
			<Point>
				<coordinates>-70.39767384302375,-33.36696740590125,1196.040985446474</coordinates>
			</Point>
		</Placemark>
		<Placemark id="00183A4FC0331AAA514C">
			<name>S/E Los Maitenes</name>
			<LookAt>
				<longitude>-70.35810086840003</longitude>
				<latitude>-33.30491193869203</latitude>
				<altitude>1579.785322900275</altitude>
				<heading>355.5976673207356</heading>
				<tilt>0</tilt>
				<range>546.9976955527818</range>
				<altitudeMode>absolute</altitudeMode>
				<gx:fovy>30.0000004546614</gx:fovy>
			</LookAt>
			<styleUrl>#__managed_style_10E036319C83D3D1AF1F82</styleUrl>
			<Point>
				<coordinates>-70.35783752367571,-33.30484811777608,1584.047001821777</coordinates>
			</Point>
		</Placemark>
		<Placemark id="0CB5881AF7331AAC668D">
			<name>S/E SAG</name>
			<LookAt>
				<longitude>-70.2875770978625</longitude>
				<latitude>-33.14565518209626</latitude>
				<altitude>3399.6453057612</altitude>
				<heading>355.5976642812745</heading>
				<tilt>0</tilt>
				<range>217.3939687085658</range>
				<altitudeMode>absolute</altitudeMode>
				<gx:fovy>30.0000004546614</gx:fovy>
			</LookAt>
			<styleUrl>#__managed_style_143301E6623D3D1AF220</styleUrl>
			<Point>
				<coordinates>-70.28731587781644,-33.14566189912219,3404.77012160498</coordinates>
			</Point>
		</Placemark>
		<Placemark id="0A71FD5066331AAFD7C7">
			<name>S/E Santa Filomena</name>
			<LookAt>
				<longitude>-70.56660087959243</longitude>
				<latitude>-33.19399395805042</latitude>
				<altitude>1148.53922179555</altitude>
				<heading>355.5976598598713</heading>
				<tilt>0</tilt>
				<range>463.7866372113058</range>
				<altitudeMode>absolute</altitudeMode>
				<gx:fovy>30.0000004546614</gx:fovy>
			</LookAt>
			<styleUrl>#__managed_style_10E036319C83D3D1AF1F81</styleUrl>
			<Point>
				<coordinates>-70.56619126401242,-33.19392803960894,1154.492914660095</coordinates>
			</Point>
		</Placemark>
		<Placemark id="08C1DEDD1E35599BC42F">
			<name>S/E Los Bronces</name>
			<LookAt>
				<longitude>-70.28628196702721</longitude>
				<latitude>-33.14829060892332</latitude>
				<altitude>3397.029495070663</altitude>
				<heading>0</heading>
				<tilt>0</tilt>
				<range>857.5503164720431</range>
				<altitudeMode>absolute</altitudeMode>
				<gx:fovy>30.00000004394851</gx:fovy>
			</LookAt>
			<styleUrl>#__managed_style_490D7427F83D3D1AF1F9</styleUrl>
			<Point>
				<coordinates>-70.28480659900202,-33.14838592669553,3432.24818827463</coordinates>
			</Point>
		</Placemark>
		<Placemark id="06953CDF5B3559A2C938">
			<name>S/E Mina Nueva</name>
			<LookAt>
				<longitude>-70.28864872212077</longitude>
				<latitude>-33.14562343641296</latitude>
				<altitude>3396.077914541289</altitude>
				<heading>0</heading>
				<tilt>0</tilt>
				<range>858.1299418768322</range>
				<altitudeMode>absolute</altitudeMode>
				<gx:fovy>30.00000004394851</gx:fovy>
			</LookAt>
			<styleUrl>#__managed_style_490D7427F83D3D1AF1F90</styleUrl>
			<Point>
				<coordinates>-70.28743313292607,-33.14565315261513,3400.595216010966</coordinates>
			</Point>
		</Placemark>
		<Placemark id="060588973B3559B17771">
			<name>S/E San Francisco</name>
			<LookAt>
				<longitude>-70.33552522541488</longitude>
				<latitude>-33.17398764836645</latitude>
				<altitude>2789.199037053865</altitude>
				<heading>0</heading>
				<tilt>0</tilt>
				<range>404.7980244087375</range>
				<altitudeMode>absolute</altitudeMode>
				<gx:fovy>30.00000004394851</gx:fovy>
			</LookAt>
			<styleUrl>#__managed_style_0AA66C28733D3D1AF1FB</styleUrl>
			<Point>
				<coordinates>-70.33523041219655,-33.17409403645661,2794.021690490684</coordinates>
			</Point>
		</Placemark>
		<Placemark id="0F8E08F559355A64C292">
			<name>S/E Confluencia</name>
			<LookAt>
				<longitude>-70.32660188469285</longitude>
				<latitude>-33.16790167495514</latitude>
				<altitude>3145.98657691001</altitude>
				<heading>0</heading>
				<tilt>0</tilt>
				<range>324.0282394302267</range>
				<altitudeMode>absolute</altitudeMode>
				<gx:fovy>30.00000004394851</gx:fovy>
			</LookAt>
			<styleUrl>#__managed_style_0AA66C28733D3D1AF1FB0</styleUrl>
			<Point>
				<coordinates>-70.32662158917871,-33.16736047329553,3148.324776697521</coordinates>
			</Point>
		</Placemark>
	</Folder>
	<Folder id="0F9C0CE138355999695B">
		<name>Lineas Alta Tensión</name>
		<styleUrl>#__managed_style_08C3A00A423D3D1AF1E302</styleUrl>
		<Placemark id="0CDC2570DF3559A0B5A7">
			<name>760 Linea 66KV</name>
			<LookAt>
				<longitude>-70.28643548561914</longitude>
				<latitude>-33.14830898555779</latitude>
				<altitude>3394.092504698597</altitude>
				<heading>0</heading>
				<tilt>0</tilt>
				<range>645.3255086830904</range>
				<altitudeMode>absolute</altitudeMode>
				<gx:fovy>30.00000004394851</gx:fovy>
			</LookAt>
			<styleUrl>#__managed_style_7AF888516F3D3D1AF1F92</styleUrl>
			<LineString>
				<coordinates>
					-70.28737279066429,-33.14574324102253,0 -70.28860665309517,-33.14857898477329,0 -70.28862898520514,-33.14875232110455,0 -70.28805297402997,-33.1488935576237,0 -70.28573666372144,-33.14872079791121,0 -70.28482522838522,-33.14841889495894,0 
				</coordinates>
			</LineString>
		</Placemark>
		<Placemark id="013D3ED6043559AC7B4A">
			<name>631 San Francisco - LB 66KV</name>
			<LookAt>
				<longitude>-70.33560511287675</longitude>
				<latitude>-33.17359045504246</latitude>
				<altitude>2792.468755981516</altitude>
				<heading>0</heading>
				<tilt>0</tilt>
				<range>401.5283141118562</range>
				<altitudeMode>absolute</altitudeMode>
				<gx:fovy>30.00000004394851</gx:fovy>
			</LookAt>
			<styleUrl>#__managed_style_7AF888516F3D3D1AF1F91</styleUrl>
			<LineString>
				<coordinates>
					-70.28748800390441,-33.14571542291063,0 -70.28888908392159,-33.14651948197828,0 -70.28948608200375,-33.1478315959863,0 -70.29744656285385,-33.15387500764741,0 -70.30330652263294,-33.15452333839974,0 -70.30977394024816,-33.15871500996694,0 -70.31124311855534,-33.16043987783116,0 -70.31296978278327,-33.1618453577649,0 -70.31628658509385,-33.16351711269352,0 -70.31689673217443,-33.1631858933519,0 -70.32090106503917,-33.16401590157168,0 -70.32706414748498,-33.16199139235056,0 -70.32991994374424,-33.16287924203441,0 -70.33471590112242,-33.16702466199903,0 -70.33546012482238,-33.16788520477259,0 -70.33636206482646,-33.16975292600927,0 -70.33640091612011,-33.17070413523536,0 -70.33604030187222,-33.17133038919419,0 -70.33477698304159,-33.17285150782244,0 -70.33513680847005,-33.17408661018029,0 
				</coordinates>
			</LineString>
		</Placemark>
		<Placemark id="0F82455CBB3559F3DC9C">
			<name>650 Los Maitenes - San Francisco 66KV</name>
			<LookAt>
				<longitude>-70.3570945536877</longitude>
				<latitude>-33.30434629342687</latitude>
				<altitude>1616.044763564576</altitude>
				<heading>0</heading>
				<tilt>0</tilt>
				<range>357.6125577249331</range>
				<altitudeMode>absolute</altitudeMode>
				<gx:fovy>30.00000004394851</gx:fovy>
			</LookAt>
			<styleUrl>#__managed_style_7AF888516F3D3D1AF1F90</styleUrl>
			<LineString>
				<coordinates>
					-70.33531477737837,-33.17406443224083,0 -70.33522306544313,-33.17452272538917,0 -70.33340411580161,-33.17569105687384,0 -70.33253035306157,-33.18121835383901,0 -70.33696915482484,-33.19372660182081,0 -70.33685912221115,-33.19419658412028,0 -70.33614366172081,-33.19736483165328,0 -70.33668825403493,-33.20184785083593,0 -70.3370869253463,-33.20482361413016,0 -70.33747377454493,-33.20780949526155,0 -70.33782024464207,-33.21016362325678,0 -70.33840289363502,-33.21506865777961,0 -70.34062607473963,-33.22523983305987,0 -70.34277110192404,-33.22811186101471,0 -70.34386348704437,-33.2297582041038,0 -70.34352225729083,-33.23239758252998,0 -70.34318603166538,-33.23504190316384,0 -70.34366111569952,-33.23884134594827,0 -70.34258302106538,-33.24452426341949,0 -70.34244249387396,-33.24549447773696,0 -70.34235612355931,-33.24633461743849,0 -70.34188994363809,-33.2494413064501,0 -70.34130748161863,-33.25340082546942,0 -70.34076726733117,-33.25710038869924,0 -70.34172573465975,-33.25943360711923,0 -70.34330676134002,-33.26199222777795,0 -70.34600914598315,-33.2661591131988,0 -70.34675792356023,-33.26904102816041,0 -70.34728942060111,-33.27105860306069,0 -70.34789088654344,-33.27314952131803,0 -70.34881584780396,-33.2763878316465,0 -70.34960299585643,-33.27949761108673,0 -70.34952576698683,-33.27985596980009,0 -70.35013348743391,-33.28142000998939,0 -70.350962685925,-33.28435476996824,0 -70.35149993922739,-33.28647265505528,0 -70.35199580280457,-33.28834777500701,0 -70.3525857619707,-33.29056166125567,0 -70.35327358522753,-33.2930724478996,0 -70.35388616351841,-33.29526314301092,0 -70.35417617624373,-33.29619957875975,0 -70.35487917173096,-33.29891690246486,0 -70.35541514364813,-33.30084872348993,0 -70.35611908351471,-33.30342614424555,0 -70.35713766744971,-33.30440367918368,0 -70.35779597351863,-33.30484010193383,0 
				</coordinates>
			</LineString>
		</Placemark>
		<Placemark id="076D6265A7355A68B1A7">
			<name>648 COnfluencia Los Maitenes 220</name>
			<LookAt>
				<longitude>-70.33847441455659</longitude>
				<latitude>-33.19097702272805</latitude>
				<altitude>2686.592465549653</altitude>
				<heading>0</heading>
				<tilt>0</tilt>
				<range>1497.483371243288</range>
				<altitudeMode>absolute</altitudeMode>
				<gx:fovy>30.00000004394851</gx:fovy>
			</LookAt>
			<styleUrl>#__managed_style_3F4D5D267C3D3D1AF1FB0</styleUrl>
			<LineString>
				<coordinates>
					-70.32644488737002,-33.16729528703608,0 -70.32644561934821,-33.16704378524993,0 -70.32779264374403,-33.16378263678573,0 -70.32923099998733,-33.16351846469405,0 -70.33176543940564,-33.16594037595761,0 -70.33299093934943,-33.16727921951151,0 -70.33421970052271,-33.16863113729341,0 -70.33447661123712,-33.17044360746838,0 -70.33396223959254,-33.17252148473868,0 -70.33479944304069,-33.1742708860488,0 -70.33576605540161,-33.17494522155216,0 -70.33612044599542,-33.17713380114967,0 -70.33616730665743,-33.17874294213965,0 -70.33596703103431,-33.18060775598873,0 -70.33730251775565,-33.18364931862492,0 -70.33744181920889,-33.18618957450413,0 -70.3375944567707,-33.18856548529561,0 -70.33778027685875,-33.19086939549406,0 -70.33793453707892,-33.19337040216615,0 
				</coordinates>
			</LineString>
		</Placemark>
		<Placemark id="0E9BF6AAC5355AA6C375">
			<name>648 Confluencia Los Maitenes 220KV</name>
			<LookAt>
				<longitude>-70.35797290209811</longitude>
				<latitude>-33.30420613861137</latitude>
				<altitude>1586.260537551674</altitude>
				<heading>0.2000987141973169</heading>
				<tilt>0</tilt>
				<range>551.2091117116506</range>
				<altitudeMode>absolute</altitudeMode>
				<gx:fovy>30.00000004394851</gx:fovy>
			</LookAt>
			<styleUrl>#__managed_style_3F4D5D267C3D3D1AF1FB</styleUrl>
			<LineString>
				<coordinates>
					-70.33793012682997,-33.1933717008663,0 -70.33733542160518,-33.19528186669347,0 -70.33656486640437,-33.19731804540248,0 -70.33725990389506,-33.20183423217601,0 -70.33767954728202,-33.20456149031368,0 -70.33821538144404,-33.20787375174609,0 -70.338601516834,-33.21039700720073,0 -70.33925487308082,-33.21463393201843,0 -70.33930749126363,-33.21644819158948,0 -70.33978424891743,-33.22060224622395,0 -70.34082580287009,-33.22312984042114,0 -70.34197153166274,-33.22545366232153,0 -70.34383468670471,-33.22880623399445,0 -70.34407316806217,-33.22974770852201,0 -70.34402848555762,-33.23246998850415,0 -70.34402235312125,-33.23547602222224,0 -70.3440501400418,-33.23975536968305,0 -70.34311730603154,-33.24419410052835,0 -70.34285238847404,-33.24534267606099,0 -70.34251909817242,-33.24953972134267,0 -70.34221303539094,-33.25328336445369,0 -70.34316088876223,-33.25639099352358,0 -70.34352284367344,-33.25761647017154,0 -70.34574250427454,-33.26115700211093,0 -70.34833196276659,-33.26353683498024,0 -70.34865213271343,-33.26667844800406,0 -70.34885700515464,-33.26889951592349,0 -70.34915707105708,-33.27228600119556,0 -70.34943159652583,-33.27457818567648,0 -70.35059595535161,-33.27756727014947,0 -70.35002807664395,-33.27947141638102,0 -70.35158900639325,-33.28198829313592,0 -70.35326637243384,-33.28768560666173,0 -70.35484684800029,-33.2929650152235,0 -70.35617332110519,-33.29756856096133,0 -70.35737845462729,-33.30168628770829,0 -70.3574220621142,-33.302991002478,0 -70.35735389830023,-33.30400751514701,0 -70.35793760695046,-33.3045351926909,0 
				</coordinates>
			</LineString>
		</Placemark>
		<Placemark id="01F094675E355B0E6700">
			<name>398 Santa Filomena - Confluencia 220KV</name>
			<LookAt>
				<longitude>-70.56615483797981</longitude>
				<latitude>-33.19346664537429</latitude>
				<altitude>1147.73147387236</altitude>
				<heading>358.5992324727632</heading>
				<tilt>0</tilt>
				<range>422.3090715666331</range>
				<altitudeMode>absolute</altitudeMode>
				<gx:fovy>30.00000004394851</gx:fovy>
			</LookAt>
			<styleUrl>#__managed_style_08C3A00A423D3D1AF1E300</styleUrl>
			<LineString>
				<coordinates>
					-70.32679499804151,-33.16736881846992,0 -70.32649095177661,-33.16704405990452,0 -70.32812559951992,-33.16390142624009,0 -70.32778492889942,-33.16375294148488,0 -70.32923515296631,-33.16349923950887,0 -70.33179614093645,-33.16591390776661,0 -70.33301572318699,-33.16722795509166,0 -70.33426071912687,-33.16860898139129,0 -70.33454184590875,-33.17044305006395,0 -70.33404324812706,-33.17253821087009,0 -70.33482654753617,-33.17425249877441,0 -70.33578845232206,-33.17491943936945,0 -70.33616429719736,-33.17714158835425,0 -70.33621004508286,-33.178704847559,0 -70.33604097938019,-33.18060326403658,0 -70.33734101261875,-33.18362629321744,0 -70.33748578762102,-33.18620086438921,0 -70.33781576076186,-33.1908707647611,0 -70.33798612987511,-33.19333487555744,0 -70.33829589084633,-33.19392272766081,0 -70.34459311561289,-33.19762588924868,0 -70.34569182733597,-33.19855729936404,0 -70.34750603731256,-33.20010825712434,0 -70.34849421047686,-33.20098051939465,0 -70.35236258343105,-33.20504001100564,0 -70.35275968126534,-33.20546614133508,0 -70.35433604629138,-33.20748384046036,0 -70.35644139857854,-33.21028658739849,0 -70.35797058009123,-33.21255847255863,0 -70.35816138656622,-33.21244970108093,0 -70.36320981254373,-33.21616514512426,0 -70.36428615181278,-33.21692148136717,0 -70.366393921775,-33.21845203910916,0 -70.36685326489719,-33.21891995874284,0 -70.36954825090633,-33.21886877829679,0 -70.37301295455528,-33.21929057711812,0 -70.37682427855285,-33.21980872684107,0 -70.37837333962109,-33.22018427663619,0 -70.38430277629769,-33.22082403737682,0 -70.38601820978002,-33.22080451936373,0 -70.39030251497235,-33.22090416905404,0 -70.39286961390731,-33.22096874468457,0 -70.39719237437309,-33.22104951572869,0 -70.40183427299372,-33.22034826897504,0 -70.40607198012712,-33.21967664720874,0 -70.40842926831286,-33.21930795463522,0 -70.40905662021616,-33.21923845956135,0 -70.41284188999468,-33.21865063097668,0 -70.41530481792002,-33.21827979420716,0 -70.41604906002391,-33.2170132613078,0 -70.4175527338333,-33.21473566868443,0 -70.41920889095178,-33.21227692128251,0 -70.4213853145979,-33.20904509804322,0 -70.42367244093651,-33.20829582206696,0 -70.42800165152904,-33.20681723846476,0 -70.43113337131032,-33.20575723673176,0 -70.4353613977637,-33.20427929244281,0 -70.44037000991308,-33.20258818890119,0 -70.44355362708571,-33.20148798412615,0 -70.44702165152643,-33.20034107488183,0 -70.45053830733426,-33.19914922287339,0 -70.45434169359994,-33.19854310209784,0 -70.45638057351452,-33.19822048839183,0 -70.45998315658066,-33.19768608428309,0 -70.46278549100836,-33.19721337008327,0 -70.46609582597534,-33.19669077774788,0 -70.46797745517179,-33.19640633994277,0 -70.47230978707108,-33.19575381272757,0 -70.4801726679374,-33.19444133619157,0 -70.48447180141136,-33.19380864043966,0 -70.48829107199852,-33.19318828839159,0 -70.4963752745263,-33.19188352137693,0 -70.5003189915295,-33.19123734455741,0 -70.5049054112951,-33.19049545473241,0 -70.51318726150404,-33.18918529709804,0 -70.51767269938446,-33.18972059613873,0 -70.52070843797779,-33.1899667453021,0 -70.52286997102226,-33.19020771521415,0 -70.52447326720325,-33.19035575594857,0 -70.53000530633847,-33.19088266073482,0 -70.5350505306325,-33.191428027321,0 -70.54117900857693,-33.19202264257004,0 -70.54349609892917,-33.19197427306195,0 -70.54892537391892,-33.19181123526997,0 -70.55276772865855,-33.19167410055398,0 -70.55617615915682,-33.19212701181412,0 -70.55859662881652,-33.19257439909454,0 -70.56117232631924,-33.19268708248774,0 -70.56556726229266,-33.19332308459758,0 -70.56646410330923,-33.19344745906488,0 -70.56631664633548,-33.19367768118551,0 
				</coordinates>
			</LineString>
		</Placemark>
		<Placemark id="06368AC232355BE60C00">
			<name>POLPAICO</name>
			<LookAt>
				<longitude>-70.73628990731548</longitude>
				<latitude>-33.1789941702347</latitude>
				<altitude>676.1802217027215</altitude>
				<heading>358.5991423497777</heading>
				<tilt>0</tilt>
				<range>41047.10867347196</range>
				<altitudeMode>absolute</altitudeMode>
				<gx:fovy>30.00000004394851</gx:fovy>
			</LookAt>
			<styleUrl>#__managed_style_08C3A00A423D3D1AF1E30</styleUrl>
			<LineString>
				<coordinates>
					-70.56648772200333,-33.19373517508208,0 -70.56646825381543,-33.19344790468655,0 -70.56734743446839,-33.19341934240776,0 -70.56943822120964,-33.19215024380909,0 -70.57320563376109,-33.18999697196926,0 -70.57441304497196,-33.18901354220599,0 -70.57758670590394,-33.18713703736154,0 -70.58153057949741,-33.18434251598816,0 -70.58456139753739,-33.18238045813359,0 -70.58671474162344,-33.18163037736492,0 -70.5885199591054,-33.1805836175472,0 -70.58982781129723,-33.17975582601391,0 -70.5913682978907,-33.17907474937119,0 -70.59308527829039,-33.17782045340853,0 -70.59464864735398,-33.17729890179684,0 -70.59604080107989,-33.17650982404629,0 -70.59919819411842,-33.17470081522711,0 -70.60340498916644,-33.17253589950354,0 -70.60481821579243,-33.17195427034623,0 -70.60582350662713,-33.1715151638628,0 -70.60693162348613,-33.17090533520243,0 -70.60768068025591,-33.17059692039685,0 -70.6091293882325,-33.17051187434173,0 -70.61037102044669,-33.16993703807706,0 -70.61182889321464,-33.16959144147018,0 -70.61413459693951,-33.16885747611758,0 -70.61757974462088,-33.16762961600774,0 -70.61976222837556,-33.16680767490573,0 -70.62466285319586,-33.16480571767018,0 -70.63522918389249,-33.16048446053318,0 -70.63667902306173,-33.16043821576621,0 -70.63935749569163,-33.16261598290976,0 -70.64239838609734,-33.16516439298954,0 -70.64490245861205,-33.16723267263851,0 -70.64764505553245,-33.16955221433092,0 -70.65036866081135,-33.17177690629904,0 -70.65187170247042,-33.1720362154347,0 -70.65517981674694,-33.17144463406605,0 -70.66074774484011,-33.17040254342957,0 -70.66593197799311,-33.16937538108147,0 -70.6711186147501,-33.1684780599636,0 -70.67373674507789,-33.16787525186957,0 -70.67934843864846,-33.16748943659707,0 -70.67738888026145,-33.17011588608429,0 -70.67927027590945,-33.16983436469148,0 -70.683336427537,-33.16679511189238,0 -70.6853401849044,-33.16479130555866,0 -70.68737547225379,-33.16383033549514,0 -70.69343071649185,-33.16036178145988,0 
				</coordinates>
			</LineString>
		</Placemark>
		<Placemark id="0026E45A093560403FFF">
			<name>POLPAICO 2</name>
			<LookAt>
				<longitude>-70.86285005095441</longitude>
				<latitude>-33.19390333750383</latitude>
				<altitude>525.8906478152336</altitude>
				<heading>358.5990227702651</heading>
				<tilt>0</tilt>
				<range>2998.031006542733</range>
				<altitudeMode>absolute</altitudeMode>
				<gx:fovy>30.00000004</gx:fovy>
			</LookAt>
			<styleUrl>#__managed_style_08C3A00A423D3D1AF1E301</styleUrl>
			<LineString>
				<coordinates>
					-70.69342963031721,-33.16036263115665,0 -70.69625190625821,-33.15944321505556,0 -70.70078353754111,-33.15821699689666,0 -70.70416665121772,-33.15725744392766,0 -70.70963777028179,-33.15568189302542,0 -70.71229029823199,-33.15490886750479,0 -70.7140377033185,-33.15487517265063,0 -70.71612160698137,-33.1548433406253,0 -70.72031308662265,-33.15424826408282,0 -70.72574822285823,-33.15309673592699,0 -70.72520505016209,-33.15358184122118,0 -70.72788142706294,-33.15322071462547,0 -70.73058162255009,-33.15284861242684,0 -70.73479230470456,-33.15225731658508,0 -70.73682301837219,-33.15197969227644,0 -70.73829396962542,-33.15169111142239,0 -70.74138295865114,-33.15085655723534,0 -70.74203359136314,-33.15080445650572,0 -70.74187942947505,-33.15128032197102,0 -70.74344820425453,-33.15190999576245,0 -70.74673501488788,-33.15217479709057,0 -70.74897737871659,-33.15258672438119,0 -70.76216879841922,-33.16066965658242,0 -70.76828349504223,-33.17631055445595,0 -70.77431740660045,-33.17696799682846,0 -70.77722356669516,-33.17547904073653,0 -70.78183984041688,-33.17368084754504,0 -70.78554349837087,-33.17282452248047,0 -70.78820157991341,-33.17303236874745,0 -70.79065675865273,-33.17322829230038,0 -70.79311133948026,-33.1723320893373,0 -70.79480102703096,-33.17161604709016,0 -70.79709718992162,-33.17078756650242,0 -70.79908653445787,-33.16954234202055,0 -70.80085776751146,-33.16838921988236,0 -70.80317379666366,-33.16953523704019,0 -70.80808855149073,-33.17200911591506,0 -70.81266107334444,-33.1733279288437,0 -70.81734583709897,-33.17466198217444,0 -70.82009713531379,-33.17493162369581,0 -70.82413017703006,-33.17663854371482,0 -70.82612414317953,-33.17779344222092,0 -70.83023700610906,-33.17935188659565,0 -70.83045212587409,-33.17990394033011,0 -70.83470608062485,-33.18033020006443,0 -70.83814987563075,-33.18034095503695,0 -70.84181246638326,-33.18041687547723,0 -70.84594395476806,-33.18038917072058,0 -70.85084466694592,-33.18128946130125,0 -70.85118219881693,-33.18266833305528,0 -70.85641816777733,-33.1909989740032,0 -70.85909032707711,-33.19404056301533,0 -70.85824611116287,-33.19471107757335,0 
				</coordinates>
			</LineString>
		</Placemark>
	</Folder>
	<Folder id="05D916D81A3904781F3C">
		<name>Dueños de área Tórtolas</name>
		<styleUrl>#__managed_style_08C3A00A423D3D1AF1E302</styleUrl>
		<Placemark id="0DDCC3BF70390A2999CE">
			<name>LT 01.04</name>
			<description><![CDATA[<div><b>Nombre área:&nbsp;<i></i></b>Estacionamiento Control Carretera<br></div><div><b>Gerencia:&nbsp;</b>Gerencia Infraestructura<br></div><div><b>Responsable:&nbsp;</b>Alejandro Herrera<br></div>]]></description>
			<LookAt>
				<longitude>-70.65115263671241</longitude>
				<latitude>-33.15683662583636</latitude>
				<altitude>732.3929055413732</altitude>
				<heading>357.2971906073663</heading>
				<tilt>0</tilt>
				<range>669.0397621784359</range>
				<altitudeMode>absolute</altitudeMode>
				<gx:fovy>35</gx:fovy>
			</LookAt>
			<styleUrl>#__managed_style_6CC437F3E43D3D1AF1FB</styleUrl>
			<Point>
				<coordinates>-70.65094382316074,-33.15657025999041,731.2204579394761</coordinates>
			</Point>
		</Placemark>
		<Placemark id="01F15EC1C3390A3BB5C8">
			<name>LT 01.04</name>
			<LookAt>
				<longitude>-70.65075819017349</longitude>
				<latitude>-33.15598279078925</latitude>
				<altitude>734.0040979509324</altitude>
				<heading>357.2971607476373</heading>
				<tilt>0</tilt>
				<range>423.2594922059798</range>
				<altitudeMode>absolute</altitudeMode>
				<gx:fovy>35</gx:fovy>
			</LookAt>
			<styleUrl>#__managed_style_9261DC05C93D3D1AF1FB</styleUrl>
			<Polygon>
				<outerBoundaryIs>
					<LinearRing>
						<coordinates>
							-70.65180170554642,-33.15558496752108,0 -70.65209725838237,-33.15577321321351,0 -70.65129785534629,-33.15649699836602,0 -70.65180301934532,-33.15674656867476,0 -70.65182246655417,-33.15681622178504,0 -70.65181215113849,-33.15692469362826,0 -70.65162467040696,-33.15718260169218,0 -70.65198437861515,-33.15745736268082,0 -70.65245887340264,-33.157857789217,0 -70.65223318237871,-33.15797159573702,0 -70.65208089620448,-33.15789329266854,0 -70.65186858901279,-33.15814780594911,0 -70.65120767557465,-33.1578170995674,0 -70.65138262615716,-33.15757257843379,0 -70.65070194969472,-33.15710415102973,0 -70.65042677931935,-33.156889478634,0 -70.65026821500058,-33.15682480041967,0 -70.6500907300168,-33.15682193158266,0 -70.6500095521759,-33.15682823743357,0 -70.65113088873719,-33.15555504404764,0 -70.65120801447465,-33.15551969614422,0 -70.65163751909411,-33.15572321479995,0 -70.65180170554642,-33.15558496752108,0 
						</coordinates>
					</LinearRing>
				</outerBoundaryIs>
			</Polygon>
		</Placemark>
		<Placemark id="0E174FBCA7390A2C563F">
			<name>STP 03.03</name>
			<description><![CDATA[<div><b>Nombre área:<i> </i></b>Faja servidumbre de ocupación y tránsito para nuevos mineroductos y ductos<br></div><div><b>Gerencia: </b>Gerencia Planta<br></div><div><b>Responsable: </b>Matías Henríquez<br></div>]]></description>
			<LookAt>
				<longitude>-70.6487258197488</longitude>
				<latitude>-33.15560068931563</latitude>
				<altitude>739.2458110573856</altitude>
				<heading>357.2971891348862</heading>
				<tilt>0</tilt>
				<range>662.1868877309316</range>
				<altitudeMode>absolute</altitudeMode>
				<gx:fovy>35</gx:fovy>
			</LookAt>
			<styleUrl>#__managed_style_C8C3259D5D3D3D1AF1FB</styleUrl>
			<Point>
				<coordinates>-70.64972234977454,-33.15549000757827,736.1184738032038</coordinates>
			</Point>
		</Placemark>
		<Placemark id="0BC7C81C6B390A5E8B90">
			<name>LT 01.13</name>
			<description><![CDATA[<div><b>Nombre área:&nbsp;</b>Instalación de Faena Empresa TAMH<br></div><div><b>Gerencia:&nbsp;</b>Gerencia Programa Proyectos<br></div><div><b>Responsable:</b> Iván Cáceres<br></div>]]></description>
			<LookAt>
				<longitude>-70.65094322968599</longitude>
				<latitude>-33.15774095897881</latitude>
				<altitude>732.6140325031979</altitude>
				<heading>357.2971510977573</heading>
				<tilt>0</tilt>
				<range>142.6473696532776</range>
				<altitudeMode>absolute</altitudeMode>
				<gx:fovy>35</gx:fovy>
			</LookAt>
			<styleUrl>#__managed_style_13ED5A130E3D3D1AF1FC</styleUrl>
			<Point>
				<coordinates>-70.65059391093415,-33.15772557666507,734.1038875531066</coordinates>
			</Point>
		</Placemark>
		<Placemark id="09BA69733A390A5DDCB0">
			<name>LT 01.13</name>
			<LookAt>
				<longitude>-70.65081158534615</longitude>
				<latitude>-33.15783932117454</latitude>
				<altitude>733.390454244299</altitude>
				<heading>357.2971537427537</heading>
				<tilt>0</tilt>
				<range>222.5140162951357</range>
				<altitudeMode>absolute</altitudeMode>
				<gx:fovy>35</gx:fovy>
			</LookAt>
			<styleUrl>#__managed_style_4A151F7A6F3D3D1AF1FC</styleUrl>
			<Polygon>
				<outerBoundaryIs>
					<LinearRing>
						<coordinates>
							-70.65062817063041,-33.15806663001629,0 -70.65023412641818,-33.15771538631587,0 -70.65070298269751,-33.15741077271581,0 -70.6509032504664,-33.15758458674102,0 -70.65069668773035,-33.15779557812678,0 -70.65084108680328,-33.15792526488725,0 -70.65062817063041,-33.15806663001629,0 
						</coordinates>
					</LinearRing>
				</outerBoundaryIs>
			</Polygon>
		</Placemark>
		<Placemark id="0B032ED35A390A666F13">
			<name>LT 01.12</name>
			<description><![CDATA[<div><b>Nombre área: </b>Instalación de Faena empresa RFV<br></div><div><b>Gerencia:&nbsp;</b>Gerencia SHE<br></div><div><b>Responsable: </b>Claudio Camacho<br></div>]]></description>
			<LookAt>
				<longitude>-70.65117675437132</longitude>
				<latitude>-33.15802537450992</latitude>
				<altitude>731.8732679567451</altitude>
				<heading>357.2971488747142</heading>
				<tilt>0</tilt>
				<range>236.6575900420503</range>
				<altitudeMode>absolute</altitudeMode>
				<gx:fovy>35</gx:fovy>
			</LookAt>
			<styleUrl>#__managed_style_7AE0D890763D3D1AF1FC</styleUrl>
			<Point>
				<coordinates>-70.65084839025894,-33.15808925473487,734.4058008961913</coordinates>
			</Point>
		</Placemark>
		<Placemark id="0494FBBA39390A661C86">
			<name>LT 01.12</name>
			<LookAt>
				<longitude>-70.65117675437132</longitude>
				<latitude>-33.15802537450992</latitude>
				<altitude>731.8732679567451</altitude>
				<heading>357.2971488747142</heading>
				<tilt>0</tilt>
				<range>236.6575900420503</range>
				<altitudeMode>absolute</altitudeMode>
				<gx:fovy>35</gx:fovy>
			</LookAt>
			<styleUrl>#__managed_style_A9080526A63D3D1AF1FC</styleUrl>
			<Polygon>
				<outerBoundaryIs>
					<LinearRing>
						<coordinates>
							-70.65106479935946,-33.1580688924216,0 -70.65084815995662,-33.15825605910256,0 -70.65062517689128,-33.15808166375773,0 -70.6508451035495,-33.15793736409957,0 -70.65106479935946,-33.1580688924216,0 
						</coordinates>
					</LinearRing>
				</outerBoundaryIs>
			</Polygon>
		</Placemark>
		<Placemark id="0E3D812213390A68C2D6">
			<name>LT 01.11</name>
			<description><![CDATA[<div><b>Nombre área: </b>Instalación de Faena empresa Faena Express<br></div><div><b>Gerencia:&nbsp;</b>Gerencia SHE<br></div><div><b>Responsable: </b>Claudio Camacho<br></div>]]></description>
			<LookAt>
				<longitude>-70.65132578668536</longitude>
				<latitude>-33.15799464107149</latitude>
				<altitude>731.5627319907417</altitude>
				<heading>357.29714788924</heading>
				<tilt>0</tilt>
				<range>190.2678914658646</range>
				<altitudeMode>absolute</altitudeMode>
				<gx:fovy>35</gx:fovy>
			</LookAt>
			<styleUrl>#__managed_style_7AE0D890763D3D1AF1FC</styleUrl>
			<Point>
				<coordinates>-70.65103996342194,-33.15789598231479,732.8449042549538</coordinates>
			</Point>
		</Placemark>
		<Placemark id="0D0959C8D0390A68160C">
			<name>LT 01.11</name>
			<LookAt>
				<longitude>-70.65118713393491</longitude>
				<latitude>-33.15791785052652</latitude>
				<altitude>732.0593957943074</altitude>
				<heading>357.2971486971001</heading>
				<tilt>0</tilt>
				<range>189.771218689184</range>
				<altitudeMode>absolute</altitudeMode>
				<gx:fovy>35</gx:fovy>
			</LookAt>
			<styleUrl>#__managed_style_A9080526A63D3D1AF1FC</styleUrl>
			<Polygon>
				<outerBoundaryIs>
					<LinearRing>
						<coordinates>
							-70.65120802784081,-33.15790638713778,0 -70.65107494589658,-33.15804487862508,0 -70.65087221084553,-33.15784941937121,0 -70.65100309066592,-33.15775783273594,0 -70.65120802784081,-33.15790638713778,0 
						</coordinates>
					</LinearRing>
				</outerBoundaryIs>
			</Polygon>
		</Placemark>
		<Placemark id="075369B0E9390A697910">
			<name>LT 01.10</name>
			<description><![CDATA[<div><b>Nombre área: </b>Instalación de Faena empresa RFV<br></div><div><b>Gerencia:&nbsp;</b>Gerencia SHE<br></div><div><b>Responsable: </b>Claudio Camacho<br></div>]]></description>
			<LookAt>
				<longitude>-70.65149997628447</longitude>
				<latitude>-33.15808984899535</latitude>
				<altitude>731.3500436414453</altitude>
				<heading>357.297147184512</heading>
				<tilt>0</tilt>
				<range>190.4805807063895</range>
				<altitudeMode>absolute</altitudeMode>
				<gx:fovy>35</gx:fovy>
			</LookAt>
			<styleUrl>#__managed_style_7AE0D890763D3D1AF1FC</styleUrl>
			<Point>
				<coordinates>-70.65147199118428,-33.15815379722254,731.4337588668952</coordinates>
			</Point>
		</Placemark>
		<Placemark id="0A3BA693FF390A68996E">
			<name>LT 01.10</name>
			<LookAt>
				<longitude>-70.65132578668536</longitude>
				<latitude>-33.15799464107149</latitude>
				<altitude>731.5627319907417</altitude>
				<heading>357.29714788924</heading>
				<tilt>0</tilt>
				<range>190.2678914658646</range>
				<altitudeMode>absolute</altitudeMode>
				<gx:fovy>35</gx:fovy>
			</LookAt>
			<styleUrl>#__managed_style_A9080526A63D3D1AF1FC</styleUrl>
			<Polygon>
				<outerBoundaryIs>
					<LinearRing>
						<coordinates>
							-70.65165518177082,-33.15814218721607,0 -70.65152055066955,-33.15832519159846,0 -70.65126504005177,-33.15820837806029,0 -70.6513929743317,-33.15799177029859,0 -70.65165518177082,-33.15814218721607,0 
						</coordinates>
					</LinearRing>
				</outerBoundaryIs>
			</Polygon>
		</Placemark>
		<Placemark id="02F7A44A03390A6BFD31">
			<name>LT 01.09</name>
			<description><![CDATA[<div><b>Nombre área: </b>Base Garita<br></div><div><b>Gerencia:&nbsp;</b>Gerencia Programa Proyectos<br></div><div><b>Responsable: </b>Francisco López<br></div>]]></description>
			<LookAt>
				<longitude>-70.65328454669275</longitude>
				<latitude>-33.15603079727615</latitude>
				<altitude>725.9987427271775</altitude>
				<heading>357.0972648026249</heading>
				<tilt>0</tilt>
				<range>944.7352669341492</range>
				<altitudeMode>absolute</altitudeMode>
				<gx:fovy>35</gx:fovy>
			</LookAt>
			<styleUrl>#__managed_style_DF59BE15593D3D1AF1FC</styleUrl>
			<Point>
				<coordinates>-70.65317885618134,-33.15661073743071,726.1277450437083</coordinates>
			</Point>
		</Placemark>
		<Placemark id="069E127EBB390A6B912F">
			<name>LT 01.09</name>
			<LookAt>
				<longitude>-70.65328454669275</longitude>
				<latitude>-33.15603079727615</latitude>
				<altitude>725.9987427271775</altitude>
				<heading>357.0972648026249</heading>
				<tilt>0</tilt>
				<range>944.7352669341492</range>
				<altitudeMode>absolute</altitudeMode>
				<gx:fovy>35</gx:fovy>
			</LookAt>
			<styleUrl>#__managed_style_028264E0603D3D1AF226</styleUrl>
			<Polygon>
				<outerBoundaryIs>
					<LinearRing>
						<coordinates>
							-70.65372287866296,-33.15533897466658,0 -70.65393629545176,-33.15513382003711,0 -70.65408565421133,-33.15508723162484,0 -70.65421583273145,-33.15509220286462,0 -70.65436804131163,-33.15517156018417,0 -70.65442339741466,-33.15529347441149,0 -70.65442598934851,-33.15536444693511,0 -70.65431794077365,-33.1554748902512,0 -70.65375984495489,-33.15639337074374,0 -70.65309407971561,-33.15755795612682,0 -70.65310715531582,-33.15782483355732,0 -70.65289742573709,-33.15818294826774,0 -70.65283063574812,-33.15828037728432,0 -70.65224386129229,-33.15796565689028,0 -70.65242866336537,-33.15775376213679,0 -70.65190295182632,-33.15738339057869,0 -70.65157312181485,-33.15720588527546,0 -70.65161308110147,-33.15716432284974,0 -70.6517200359412,-33.1572096743535,0 -70.65186147129444,-33.15719513391556,0 -70.65205933969608,-33.15713500110893,0 -70.65217178211276,-33.15705348031205,0 -70.65324484727574,-33.1558333232057,0 -70.65372287866296,-33.15533897466658,0 
						</coordinates>
					</LinearRing>
				</outerBoundaryIs>
			</Polygon>
		</Placemark>
		<Placemark id="0CCA0503FB390A8831F6">
			<name>LT 01.06</name>
			<description><![CDATA[<div><b>Nombre área: </b>Camino principal Las Tórtolas<br></div><div><b>Gerencia:&nbsp;</b>Gerencia Infraestructura y servicios<br></div><div><b>Responsable: </b>Enrique Fernández<br></div>]]></description>
			<LookAt>
				<longitude>-70.65456137013321</longitude>
				<latitude>-33.15757739303032</latitude>
				<altitude>722.5146631787969</altitude>
				<heading>-2.303196323456004</heading>
				<tilt>1.070417071996458</tilt>
				<range>1238.865028985456</range>
				<altitudeMode>absolute</altitudeMode>
				<gx:fovy>35</gx:fovy>
			</LookAt>
			<styleUrl>#__managed_style_1548BABC183D3D1AF1FF</styleUrl>
			<Point>
				<coordinates>-70.65428715747269,-33.1590373469004,724.0809363468837</coordinates>
			</Point>
		</Placemark>
		<Placemark id="031558F31D390A7B72D7">
			<name>LT 01.06</name>
			<LookAt>
				<longitude>-70.70326321406846</longitude>
				<latitude>-33.14011070737676</latitude>
				<altitude>734.0566463332168</altitude>
				<heading>357.0972261526004</heading>
				<tilt>0</tilt>
				<range>352.6502568796059</range>
				<altitudeMode>absolute</altitudeMode>
				<gx:fovy>35</gx:fovy>
			</LookAt>
			<styleUrl>#__managed_style_45C573F8AD3D3D1AF1FF</styleUrl>
			<Polygon>
				<outerBoundaryIs>
					<LinearRing>
						<coordinates>
							-70.70375562896774,-33.1398577436443,0 -70.7033175890849,-33.14017688266213,0 -70.70200875420328,-33.14120625414358,0 -70.7016783291316,-33.14173307430485,0 -70.7015858844799,-33.14223248689346,0 -70.70177218372666,-33.14335388614197,0 -70.70195368271841,-33.14435408925057,0 -70.70191902800499,-33.14486980609848,0 -70.70175533535118,-33.14526891460836,0 -70.70148026062466,-33.14562920042835,0 -70.70111793937147,-33.14591805481115,0 -70.70056844297271,-33.14619164545652,0 -70.69623187423738,-33.14798062825137,0 -70.69167698982255,-33.14977973765631,0 -70.68885519986387,-33.15086754143076,0 -70.68708144080647,-33.15168146123945,0 -70.68391062930415,-33.15389524903006,0 -70.67929783312402,-33.15729471401892,0 -70.67396247456865,-33.16111974628676,0 -70.67213506348318,-33.16237883845263,0 -70.67134145931688,-33.16273686027009,0 -70.67044456126665,-33.16289594036633,0 -70.66889635145675,-33.16296344045762,0 -70.66631563034142,-33.16308319624769,0 -70.66319057211697,-33.16323847665343,0 -70.66194997318671,-33.16316970512935,0 -70.66136425637377,-33.16305158278257,0 -70.66056119448466,-33.16274203219508,0 -70.65635439040017,-33.16033596616145,0 -70.65282651157726,-33.15828040504965,0 -70.65289451491586,-33.15817335041199,0 -70.65294735476232,-33.15821342532046,0 -70.65928318658146,-33.16184314151599,0 -70.66079647526652,-33.16273848415328,0 -70.66189783485179,-33.16309167609392,0 -70.66335644301236,-33.16313909697003,0 -70.66863785978377,-33.16288596759347,0 -70.67117730490024,-33.16269731015807,0 -70.6721377548681,-33.16221128016171,0 -70.67412548647189,-33.16082851707199,0 -70.68078740894308,-33.15603050827417,0 -70.68673905489547,-33.15172237571747,0 -70.68770263802229,-33.1512197649626,0 -70.69051503969001,-33.15012142141679,0 -70.69659019958327,-33.14771466998177,0 -70.69838736728016,-33.14695356300074,0 -70.69998593164914,-33.14633956340256,0 -70.70115085152703,-33.14579042023634,0 -70.70143580693575,-33.14556399872757,0 -70.7017246291194,-33.14514450467014,0 -70.70183256663695,-33.14480015374431,0 -70.70182479993836,-33.14412133600282,0 -70.70174137191708,-33.14368471897559,0 -70.70157890844658,-33.14288626858337,0 -70.70149736280469,-33.14217406635537,0 -70.70153591543419,-33.14186148330641,0 -70.70177720817959,-33.14138978549288,0 -70.70205208952663,-33.14103374514197,0 -70.70244399728091,-33.14072093086637,0 -70.70323964075992,-33.14013763618977,0 -70.70369996029525,-33.13977293694335,0 -70.70375562896774,-33.1398577436443,0 
						</coordinates>
					</LinearRing>
				</outerBoundaryIs>
			</Polygon>
		</Placemark>
		<Placemark id="0FA7AC00B7390A85EA2E">
			<name>LT 01.05</name>
			<LookAt>
				<longitude>-70.70174449204843</longitude>
				<latitude>-33.1442401320802</latitude>
				<altitude>708.3148938710002</altitude>
				<heading>-2.303200292268949</heading>
				<tilt>1.07026564401683</tilt>
				<range>337.2418351804299</range>
				<altitudeMode>absolute</altitudeMode>
				<gx:fovy>35</gx:fovy>
			</LookAt>
			<styleUrl>#__managed_style_7AC11CEE833D3D1AF1FF</styleUrl>
			<Polygon>
				<outerBoundaryIs>
					<LinearRing>
						<coordinates>
							-70.70180694096534,-33.1440249107937,0 -70.70175261739638,-33.14403356438997,0 -70.70160618348315,-33.14420374864749,0 -70.70117482784725,-33.14480054515064,0 -70.70080270455964,-33.14498365821198,0 -70.70006523928716,-33.14501024660539,0 -70.69953354819563,-33.14514034372515,0 -70.69808239965751,-33.14579075030979,0 -70.69623613534353,-33.14652310657002,0 -70.69035810617328,-33.14852220112308,0 -70.68407436981703,-33.15066701169746,0 -70.67867388330632,-33.15249547537,0 -70.67385487507538,-33.15418302541182,0 -70.67314071616464,-33.15423397496025,0 -70.67069766009222,-33.15421508323026,0 -70.66857157480827,-33.15420142577207,0 -70.66586619254986,-33.15419973967328,0 -70.66292903431953,-33.15424129266956,0 -70.66090995210351,-33.15444057818052,0 -70.66022264119329,-33.1545330290475,0 -70.65952554660041,-33.15478361478152,0 -70.65923868771436,-33.15479323741619,0 -70.65811952005515,-33.15472539006221,0 -70.6560840866853,-33.15492805771169,0 -70.65493489007797,-33.15501499014809,0 -70.65485674663046,-33.1551822968697,0 -70.65445741548565,-33.15534974740527,0 -70.65421320748113,-33.15507246286835,0 -70.65410398519178,-33.15501539344014,0 -70.65440655086751,-33.15494767504003,0 -70.65548039616687,-33.15483897180699,0 -70.65834819034556,-33.15460608129722,0 -70.65923134857951,-33.1546957702225,0 -70.65966338593412,-33.15459704615313,0 -70.66017811041152,-33.15441886905501,0 -70.66069643046333,-33.1543141557045,0 -70.66234180101226,-33.15416583776361,0 -70.66774101895572,-33.15409130816905,0 -70.67287435372094,-33.1540905771086,0 -70.67353519658548,-33.15408288200001,0 -70.67386133450023,-33.15403885401383,0 -70.68166071538144,-33.15136321323771,0 -70.68778811050866,-33.14923124286143,0 -70.69022977337924,-33.14840327844807,0 -70.69428894328763,-33.14701574280146,0 -70.69682601456316,-33.14615915003085,0 -70.69804466154028,-33.14568819437843,0 -70.69922009840417,-33.1451807983074,0 -70.6998202288825,-33.1449710834413,0 -70.70035110912409,-33.14494178469377,0 -70.70077687176564,-33.14488513010401,0 -70.70104969706287,-33.14475060913362,0 -70.70122673263151,-33.14454597618079,0 -70.70135792255753,-33.14437106765856,0 -70.70148567081976,-33.14417606746349,0 -70.70152395318787,-33.1440576182869,0 -70.70171922369114,-33.14351705808738,0 -70.70176552547306,-33.14384784842211,0 -70.70180694096534,-33.1440249107937,0 
						</coordinates>
					</LinearRing>
				</outerBoundaryIs>
			</Polygon>
		</Placemark>
		<Placemark id="0BE629CF2A390A866036">
			<name>LT 01.05</name>
			<description><![CDATA[<div><b>Nombre área: </b>Camino acceso camiones<br></div><div><b>Gerencia:&nbsp;</b>Gerencia infraestructura y servicios<br></div><div><b>Responsable: </b>Enrique Fernández<br></div>]]></description>
			<LookAt>
				<longitude>-70.65736864414251</longitude>
				<latitude>-33.15555493804363</latitude>
				<altitude>715.8362864175878</altitude>
				<heading>-2.303198314833183</heading>
				<tilt>1.070341069115784</tilt>
				<range>786.3354736519977</range>
				<altitudeMode>absolute</altitudeMode>
				<gx:fovy>35</gx:fovy>
			</LookAt>
			<styleUrl>#__managed_style_19306F0C2D3D3D1AF200</styleUrl>
			<Point>
				<coordinates>-70.65543967468412,-33.15493644319859,720.2651530538272</coordinates>
			</Point>
		</Placemark>
		<Placemark id="018191D9BF390A9CCD3C">
			<name>LT 01.01</name>
			<description><![CDATA[<div><b>Nombre área: </b>Estacionamientos Camiones Base Colina<br></div><div><b>Gerencia:&nbsp;</b>Gerencia de materiales, bodegas y logística<br></div><div><b>Responsable:</b>&nbsp;Francisco Vidal<br></div>]]></description>
			<LookAt>
				<longitude>-70.64234184983759</longitude>
				<latitude>-33.16922534980069</latitude>
				<altitude>743.2691782465569</altitude>
				<heading>-2.303196697257114</heading>
				<tilt>1.070403620074129</tilt>
				<range>1158.790780586132</range>
				<altitudeMode>absolute</altitudeMode>
				<gx:fovy>35</gx:fovy>
			</LookAt>
			<styleUrl>#__managed_style_49FDB04CAA3D3D1AF200</styleUrl>
			<Polygon>
				<outerBoundaryIs>
					<LinearRing>
						<coordinates>
							-70.64167311993347,-33.1670880554404,0 -70.64358030366087,-33.16769761995931,0 -70.64285452812949,-33.16924497642901,0 -70.64245706940615,-33.16914377581574,0 -70.64200989174856,-33.17009533024032,0 -70.64097373315374,-33.16975471559313,0 -70.6417263085342,-33.16752391865986,0 -70.64138928633552,-33.1673531162412,0 -70.64167311993347,-33.1670880554404,0 
						</coordinates>
					</LinearRing>
				</outerBoundaryIs>
			</Polygon>
		</Placemark>
		<Placemark id="06CC6D4D53390A9D2C08">
			<name>LT 01.01</name>
			<description><![CDATA[<div><b>Nombre área: </b>Estacionamientos camiones base colina<br></div><div><b>Gerencia:&nbsp;</b>Gerencia de materiales, bodegas y logística<br></div><div><b>Responsable: </b>Francisco Vidal<br></div>]]></description>
			<LookAt>
				<longitude>-70.64234184983759</longitude>
				<latitude>-33.16922534980069</latitude>
				<altitude>743.2691782465569</altitude>
				<heading>-2.303196697257114</heading>
				<tilt>1.070403620074129</tilt>
				<range>1158.790780586132</range>
				<altitudeMode>absolute</altitudeMode>
				<gx:fovy>35</gx:fovy>
			</LookAt>
			<styleUrl>#__managed_style_79FAB931333D3D1AF200</styleUrl>
			<Point>
				<coordinates>-70.64224338108197,-33.16857263210105,744.3724616624786</coordinates>
			</Point>
		</Placemark>
		<Placemark id="0ED2DB35CD390A9F4A24">
			<name>LT 01.02</name>
			<description><![CDATA[<div><b>Nombre área: </b>Piscinas&nbsp;Base Colina<br></div><div><b>Gerencia:&nbsp;</b>Gerencia planta<br></div><div><b>Responsable:</b>&nbsp;Matías Henríquez<br></div>]]></description>
			<LookAt>
				<longitude>-70.64248935884471</longitude>
				<latitude>-33.16925105025329</latitude>
				<altitude>742.9561555309638</altitude>
				<heading>-2.303196699402304</heading>
				<tilt>1.070403672311144</tilt>
				<range>1159.103863598284</range>
				<altitudeMode>absolute</altitudeMode>
				<gx:fovy>35</gx:fovy>
			</LookAt>
			<styleUrl>#__managed_style_096CE0C23A3D3D1AF1E1</styleUrl>
			<Polygon>
				<outerBoundaryIs>
					<LinearRing>
						<coordinates>
							-70.64360943697775,-33.16773986331591,0 -70.64493109549294,-33.16822703478596,0 -70.64339582890784,-33.17047505915289,0 -70.6432976916534,-33.17058015790126,0 -70.64204098887285,-33.1701017332102,0 -70.64246134841052,-33.1691905887614,0 -70.64287749539292,-33.16928724520461,0 -70.64360943697775,-33.16773986331591,0 
						</coordinates>
					</LinearRing>
				</outerBoundaryIs>
			</Polygon>
		</Placemark>
		<Placemark id="06FB48A9EC390A9F8B0F">
			<name>LT 01.02</name>
			<description><![CDATA[<div><b>Nombre área: </b>Piscinas Base Colina<br></div><div><b>Gerencia:&nbsp;</b>Gerencia planta<br></div><div><b>Responsable: </b>Matías Henríquez<br></div>]]></description>
			<LookAt>
				<longitude>-70.64248935884471</longitude>
				<latitude>-33.16925105025329</latitude>
				<altitude>742.9561555309638</altitude>
				<heading>-2.303196699402505</heading>
				<tilt>1.070403672310804</tilt>
				<range>1159.103863598284</range>
				<altitudeMode>absolute</altitudeMode>
				<gx:fovy>35</gx:fovy>
			</LookAt>
			<styleUrl>#__managed_style_148EC7D8943D3D1AF201</styleUrl>
			<Point>
				<coordinates>-70.64363272335757,-33.1690531860759,740.9890762848976</coordinates>
			</Point>
		</Placemark>
		<Placemark id="07F7C1F61E390E195EB3">
			<name>LT 01.03</name>
			<LookAt>
				<longitude>-70.64460955486632</longitude>
				<latitude>-33.16528118253729</latitude>
				<altitude>744.9682681480912</altitude>
				<heading>-2.303198609774601</heading>
				<tilt>1.070330580330054</tilt>
				<range>723.9545410519349</range>
				<altitudeMode>absolute</altitudeMode>
				<gx:fovy>35</gx:fovy>
			</LookAt>
			<styleUrl>#__managed_style_A9080526A63D3D1AF1FC</styleUrl>
			<Polygon>
				<outerBoundaryIs>
					<LinearRing>
						<coordinates>
							-70.64418612711202,-33.16390010545997,0 -70.64516776736086,-33.16439162718607,0 -70.6461882285749,-33.16593917878176,0 -70.64532304095509,-33.16704771771474,0 -70.64278920231794,-33.16556327750081,0 -70.64418612711202,-33.16390010545997,0 
						</coordinates>
					</LinearRing>
				</outerBoundaryIs>
			</Polygon>
		</Placemark>
		<Placemark id="0CB7F8F39E390E9048C0">
			<name>LT 01.06</name>
			<description><![CDATA[<div><b>Nombre área: </b>Camino principal Las Tórtolas<br></div><div><b>Gerencia:&nbsp;</b>Gerencia Infraestructura y servicios<br></div><div><b>Responsable: </b>Enrique Fernández<br></div>]]></description>
			<LookAt>
				<longitude>-70.68488824730686</longitude>
				<latitude>-33.15263171029086</latitude>
				<altitude>698.1095754139309</altitude>
				<heading>12.81998368628369</heading>
				<tilt>4.014871633041418</tilt>
				<range>1751.307195297559</range>
				<altitudeMode>absolute</altitudeMode>
				<gx:fovy>35</gx:fovy>
			</LookAt>
			<styleUrl>#__managed_style_1548BABC183D3D1AF1FF</styleUrl>
			<Point>
				<coordinates>-70.68515251782135,-33.1530714722486,700.1719795101661</coordinates>
			</Point>
		</Placemark>
		<Placemark id="01522ABD50390E199D66">
			<name>LT 01.03</name>
			<description><![CDATA[<div><b>Nombre área: </b>Patio de tuberías e instalación faena proyecto cambio de tuberías<br></div><div><b>Gerencia:&nbsp;</b>Gerencia reemplazo mineroducto LB<br></div><div><b>Responsable:</b>&nbsp;Dante Toledo<br></div>]]></description>
			<LookAt>
				<longitude>-70.64460955486632</longitude>
				<latitude>-33.16528118253729</latitude>
				<altitude>744.9682681480912</altitude>
				<heading>-2.303198609774601</heading>
				<tilt>1.070330580330054</tilt>
				<range>723.9545410519349</range>
				<altitudeMode>absolute</altitudeMode>
				<gx:fovy>35</gx:fovy>
			</LookAt>
			<styleUrl>#__managed_style_7AE0D890763D3D1AF1FC</styleUrl>
			<Point>
				<coordinates>-70.64451754731921,-33.16542836194511,744.8055069903789</coordinates>
			</Point>
		</Placemark>
		<Placemark id="0CDEF97DF3390E2AFF5B">
			<name>STP 03.05</name>
			<description><![CDATA[<div><b>Nombre área:</b> Faja servidumbre nueva línea eléctrica de alta tensión<br></div><div><b>Gerencia:&nbsp;</b>Gerencia infraestructura y servicios<br></div><div><b>Responsable:</b>&nbsp;Ariel Cáceres<br></div>]]></description>
			<LookAt>
				<longitude>-70.64241949743791</longitude>
				<latitude>-33.16460825935495</latitude>
				<altitude>752.3157033828521</altitude>
				<heading>12.79552758772209</heading>
				<tilt>4.014446846812509</tilt>
				<range>1076.430201075564</range>
				<altitudeMode>absolute</altitudeMode>
				<gx:fovy>35</gx:fovy>
			</LookAt>
			<styleUrl>#__managed_style_096CE0C23A3D3D1AF1E1</styleUrl>
			<Point>
				<coordinates>-70.64114239168966,-33.16408684521431,757.9101839822398</coordinates>
			</Point>
		</Placemark>
		<Placemark id="0349CC1B61390E534D20">
			<name>STP 03.07</name>
			<description><![CDATA[<div><b>Nombre área:</b> Faja servidumbre acueducto - agua de riego tranque peldehue N°2<br></div><div><b>Gerencia:&nbsp;</b>Gerencia planta<br></div><div><b>Responsable:</b>&nbsp;Matías Henríquez<br></div>]]></description>
			<LookAt>
				<longitude>-70.64186386125905</longitude>
				<latitude>-33.16386295699387</latitude>
				<altitude>755.9102851663573</altitude>
				<heading>12.79469973425</heading>
				<tilt>4.01415949470158</tilt>
				<range>619.8930533920067</range>
				<altitudeMode>absolute</altitudeMode>
				<gx:fovy>35</gx:fovy>
			</LookAt>
			<styleUrl>#__managed_style_148EC7D8943D3D1AF201</styleUrl>
			<Point>
				<coordinates>-70.6428252380832,-33.16344515974675,753.3027002785453</coordinates>
			</Point>
		</Placemark>
		<Placemark id="0C68BA30AA390E564877">
			<name>LT 01.05</name>
			<description><![CDATA[<div><b>Nombre área: </b>Camino acceso camiones<br></div><div><b>Gerencia:&nbsp;</b>Gerencia infraestructura y servicios<br></div><div><b>Responsable: </b>Enrique Fernández<br></div>]]></description>
			<LookAt>
				<longitude>-70.67906108243176</longitude>
				<latitude>-33.1529316417849</latitude>
				<altitude>675.7548730481185</altitude>
				<heading>12.81587682646384</heading>
				<tilt>4.014445109098823</tilt>
				<range>1073.657325798559</range>
				<altitudeMode>absolute</altitudeMode>
				<gx:fovy>35</gx:fovy>
			</LookAt>
			<styleUrl>#__managed_style_19306F0C2D3D3D1AF200</styleUrl>
			<Point>
				<coordinates>-70.67534700944408,-33.1535945177367,686.2630049692433</coordinates>
			</Point>
		</Placemark>
		<Placemark id="04D3788BD1390E57CD84">
			<name>LT 01.07</name>
			<LookAt>
				<longitude>-70.68047042841322</longitude>
				<latitude>-33.1529504479451</latitude>
				<altitude>680.9614978225814</altitude>
				<heading>12.81661790925654</heading>
				<tilt>4.014271632263654</tilt>
				<range>798.0460947941176</range>
				<altitudeMode>absolute</altitudeMode>
				<gx:fovy>35</gx:fovy>
			</LookAt>
			<styleUrl>#__managed_style_08C3A00A423D3D1AF1E302</styleUrl>
			<Polygon>
				<outerBoundaryIs>
					<LinearRing>
						<coordinates>
							-70.68156541628603,-33.15153477957261,0 -70.68172804277346,-33.15285258827102,0 -70.67929433819226,-33.15439358289368,0 -70.6787753125213,-33.15381638052753,0 -70.67854418248615,-33.15395136189912,0 -70.67831891307181,-33.15400145395045,0 -70.67806675145199,-33.15394048912825,0 -70.67778634205791,-33.15384117947464,0 -70.67743311013207,-33.15374037834235,0 -70.676632418135,-33.15364872827575,0 -70.67607253416077,-33.15381788520628,0 -70.67583786319818,-33.15390652534271,0 -70.67552422268299,-33.15360066803103,0 -70.68156541628603,-33.15153477957261,0 
						</coordinates>
					</LinearRing>
				</outerBoundaryIs>
			</Polygon>
		</Placemark>
		<Placemark id="08F70A0F0C390E5805F8">
			<name>LT 01.07</name>
			<description><![CDATA[<div><b>Nombre área: </b>Piscinas peldehue<br></div><div><b>Gerencia:&nbsp;</b>Gerencia planta<br></div><div><b>Responsable: </b>Matías Henríquez<br></div>]]></description>
			<LookAt>
				<longitude>-70.68047042841322</longitude>
				<latitude>-33.1529504479451</latitude>
				<altitude>680.9614978225814</altitude>
				<heading>12.81661790925654</heading>
				<tilt>4.014271632263654</tilt>
				<range>798.0460947941176</range>
				<altitudeMode>absolute</altitudeMode>
				<gx:fovy>35</gx:fovy>
			</LookAt>
			<styleUrl>#__managed_style_096CE0C23A3D3D1AF1E1</styleUrl>
			<Point>
				<coordinates>-70.68002247259574,-33.15289160169518,681.707822375781</coordinates>
			</Point>
		</Placemark>
		<Placemark id="0F4ACE3DD9390E5C9E0F">
			<name>LT 01.08</name>
			<LookAt>
				<longitude>-70.6851804955523</longitude>
				<latitude>-33.1527057223817</latitude>
				<altitude>698.8145866403768</altitude>
				<heading>12.82133455755511</heading>
				<tilt>4.014742516283168</tilt>
				<range>1546.171348983189</range>
				<altitudeMode>absolute</altitudeMode>
				<gx:fovy>35</gx:fovy>
			</LookAt>
			<styleUrl>#__managed_style_08C3A00A423D3D1AF1E302</styleUrl>
			<Polygon>
				<outerBoundaryIs>
					<LinearRing>
						<coordinates>
							-70.68762701237655,-33.14946323379887,0 -70.68850111478061,-33.15090992957658,0 -70.6876017114765,-33.15121517673086,0 -70.68614885888047,-33.15207227318994,0 -70.68204464520554,-33.155081773773,0 -70.6783552841608,-33.15768116146929,0 -70.67551366882013,-33.15355902505716,0 -70.68762701237655,-33.14946323379887,0 
						</coordinates>
					</LinearRing>
				</outerBoundaryIs>
			</Polygon>
		</Placemark>
		<Placemark id="0C817AC793390E5D2C0C">
			<name>LT 01.08</name>
			<description><![CDATA[<div><b>Nombre área: </b>Piscinas peldehue<br></div><div><b>Gerencia:&nbsp;</b>Gerencia planta<br></div><div><b>Responsable: </b>Matías Henríquez<br></div>]]></description>
			<LookAt>
				<longitude>-70.6851804955523</longitude>
				<latitude>-33.1527057223817</latitude>
				<altitude>698.8145866403768</altitude>
				<heading>12.82133455755511</heading>
				<tilt>4.014742516283168</tilt>
				<range>1546.171348983189</range>
				<altitudeMode>absolute</altitudeMode>
				<gx:fovy>35</gx:fovy>
			</LookAt>
			<styleUrl>#__managed_style_148EC7D8943D3D1AF201</styleUrl>
			<Point>
				<coordinates>-70.68384621857285,-33.15205904470579,693.1424011430665</coordinates>
			</Point>
		</Placemark>
		<Placemark id="03E7E1C8C0390E921A48">
			<name>LT 02.16</name>
			<LookAt>
				<longitude>-70.6922125272354</longitude>
				<latitude>-33.14847779846684</latitude>
				<altitude>693.5345021453454</altitude>
				<heading>12.82386043250834</heading>
				<tilt>4.014531186275222</tilt>
				<range>1210.417307083262</range>
				<altitudeMode>absolute</altitudeMode>
				<gx:fovy>35</gx:fovy>
			</LookAt>
			<styleUrl>#__managed_style_4A151F7A6F3D3D1AF1FC</styleUrl>
			<Polygon>
				<outerBoundaryIs>
					<LinearRing>
						<coordinates>
							-70.69426068898156,-33.14728238812586,0 -70.6947867289708,-33.14794183985836,0 -70.69504200872508,-33.14828719781649,0 -70.68849347141038,-33.15083801154708,0 -70.68764112957663,-33.14944929220503,0 -70.69426068898156,-33.14728238812586,0 
						</coordinates>
					</LinearRing>
				</outerBoundaryIs>
			</Polygon>
		</Placemark>
		<Placemark id="0660037BAB390E936F4C">
			<name>LT 02.16</name>
			<description><![CDATA[<div><b>Nombre área: </b>Patio Componentes mina<br></div><div><b>Gerencia:&nbsp;</b>Gerencia Mantención Mina LB<br></div><div><b>Responsable: </b>Mauricio Fenieux<br></div>]]></description>
			<LookAt>
				<longitude>-70.6922125272354</longitude>
				<latitude>-33.14847779846684</latitude>
				<altitude>693.5345021453454</altitude>
				<heading>12.82386043250834</heading>
				<tilt>4.014531186275222</tilt>
				<range>1210.417307083262</range>
				<altitudeMode>absolute</altitudeMode>
				<gx:fovy>35</gx:fovy>
			</LookAt>
			<styleUrl>#__managed_style_13ED5A130E3D3D1AF1FC</styleUrl>
			<Point>
				<coordinates>-70.69147901624102,-33.14899822499423,697.224264814496</coordinates>
			</Point>
		</Placemark>
		<Placemark id="0182A70EE8390E966141">
			<name>LT 02.38</name>
			<LookAt>
				<longitude>-70.68929878663205</longitude>
				<latitude>-33.14968989837095</latitude>
				<altitude>696.6813945893682</altitude>
				<heading>12.82284922316032</heading>
				<tilt>4.014160790969761</tilt>
				<range>621.9479793512437</range>
				<altitudeMode>absolute</altitudeMode>
				<gx:fovy>35</gx:fovy>
			</LookAt>
			<styleUrl>#__managed_style_042529A32B3D3D1AF227</styleUrl>
			<Polygon>
				<outerBoundaryIs>
					<LinearRing>
						<coordinates>
							-70.68908793891211,-33.14986261981028,0 -70.68824039659521,-33.15032433852699,0 -70.68794622975778,-33.14986342176667,0 -70.68874793033631,-33.14938381913768,0 -70.68908793891211,-33.14986261981028,0 
						</coordinates>
					</LinearRing>
				</outerBoundaryIs>
			</Polygon>
		</Placemark>
		<Placemark id="0B57EEE58A390E96F3B0">
			<name>LT 02.38</name>
			<description><![CDATA[<div><b>Nombre área: </b>Planta Solar Proyecto Hidrógeno Verde<br></div><div><b>Gerencia: </b>Eficiencia Energética<br></div><div><b>Responsable: </b>Marcela Bocchetto<br></div>]]></description>
			<LookAt>
				<longitude>-70.68929878663205</longitude>
				<latitude>-33.14968989837095</latitude>
				<altitude>696.6813945893682</altitude>
				<heading>12.82284922316032</heading>
				<tilt>4.014160790969761</tilt>
				<range>621.9479793512437</range>
				<altitudeMode>absolute</altitudeMode>
				<gx:fovy>35</gx:fovy>
			</LookAt>
			<styleUrl>#__managed_style_01E4A1DFFE3D3D1AF203</styleUrl>
			<Point>
				<coordinates>-70.68857050236333,-33.14982031216125,694.8002136272821</coordinates>
			</Point>
		</Placemark>
		<Placemark id="06A511C70C390E995E7C">
			<name>LT 02.24</name>
			<LookAt>
				<longitude>-70.6958678131007</longitude>
				<latitude>-33.14772122587414</latitude>
				<altitude>698.4965518014591</altitude>
				<heading>12.82603852670943</heading>
				<tilt>4.014114053462997</tilt>
				<range>547.6938115719531</range>
				<altitudeMode>absolute</altitudeMode>
				<gx:fovy>35</gx:fovy>
			</LookAt>
			<styleUrl>#__managed_style_17E523489C3D3D1AF1F1</styleUrl>
			<Polygon>
				<outerBoundaryIs>
					<LinearRing>
						<coordinates>
							-70.69549935462261,-33.14676118366793,0 -70.69617539971827,-33.14788025422131,0 -70.69505790640939,-33.14829870275042,0 -70.6942189692862,-33.14720822075073,0 -70.69549935462261,-33.14676118366793,0 
						</coordinates>
					</LinearRing>
				</outerBoundaryIs>
			</Polygon>
		</Placemark>
		<Placemark id="017BA065A8390E99ABC6">
			<name>LT 02.24</name>
			<description><![CDATA[<div><b>Nombre área:&nbsp;</b>Sector carpa de sondajes LT<br></div><div><b>Gerencia:&nbsp;</b>Gerencia planta<br></div><div><b>Responsable: </b>Matías Henríquez<br></div>]]></description>
			<LookAt>
				<longitude>-70.6958678131007</longitude>
				<latitude>-33.14772122587414</latitude>
				<altitude>698.4965518014591</altitude>
				<heading>12.82603852670943</heading>
				<tilt>4.014114053462997</tilt>
				<range>547.6938115719531</range>
				<altitudeMode>absolute</altitudeMode>
				<gx:fovy>35</gx:fovy>
			</LookAt>
			<styleUrl>#__managed_style_379D109A4C3D3D1AF203</styleUrl>
			<Point>
				<coordinates>-70.69526630479572,-33.14756401360822,695.5740944264427</coordinates>
			</Point>
		</Placemark>
		<Placemark id="0E056A4C29390EB76BF1">
			<name>LT 02.44</name>
			<LookAt>
				<longitude>-70.69499629487476</longitude>
				<latitude>-33.14885089717483</latitude>
				<altitude>703.3116295952248</altitude>
				<heading>12.82588768085613</heading>
				<tilt>4.014082632792165</tilt>
				<range>497.774361622869</range>
				<altitudeMode>absolute</altitudeMode>
				<gx:fovy>35</gx:fovy>
			</LookAt>
			<styleUrl>#__managed_style_08C3A00A423D3D1AF1E302</styleUrl>
			<Polygon>
				<outerBoundaryIs>
					<LinearRing>
						<coordinates>
							-70.69457093801968,-33.14980851101131,0 -70.69411031141451,-33.14938625589025,0 -70.6949581525561,-33.14893025793987,0 -70.69522296242548,-33.14946918808906,0 -70.69457093801968,-33.14980851101131,0 
						</coordinates>
					</LinearRing>
				</outerBoundaryIs>
			</Polygon>
		</Placemark>
		<Placemark id="09D43A8278390EB792E0">
			<name>LT 02.44</name>
			<description><![CDATA[<div><b>Nombre área: </b>Patio de Materiales y tuberías Dewatering&nbsp;<br></div><div><b>Gerencia:&nbsp;</b>Gerencia Mantención Mina LB<br></div><div><b>Responsable: </b>Cristian Aldana<br></div>]]></description>
			<LookAt>
				<longitude>-70.69499629487476</longitude>
				<latitude>-33.14885089717483</latitude>
				<altitude>703.3116295952248</altitude>
				<heading>12.82588768085613</heading>
				<tilt>4.014082632792165</tilt>
				<range>497.774361622869</range>
				<altitudeMode>absolute</altitudeMode>
				<gx:fovy>35</gx:fovy>
			</LookAt>
			<styleUrl>#__managed_style_148EC7D8943D3D1AF201</styleUrl>
			<Point>
				<coordinates>-70.69478057079908,-33.14938809655408,706.9353224605015</coordinates>
			</Point>
		</Placemark>
		<Placemark id="0DBCF66488390EBCE26E">
			<name>LT 02.20</name>
			<LookAt>
				<longitude>-70.69534000216854</longitude>
				<latitude>-33.14874973704571</latitude>
				<altitude>703.7534494085494</altitude>
				<heading>12.82607562725975</heading>
				<tilt>4.014082354008886</tilt>
				<range>497.3314840543026</range>
				<altitudeMode>absolute</altitudeMode>
				<gx:fovy>35</gx:fovy>
			</LookAt>
			<styleUrl>#__managed_style_3E7733BAB23D3D1AF227</styleUrl>
			<Polygon>
				<outerBoundaryIs>
					<LinearRing>
						<coordinates>
							-70.69591246832513,-33.14882218979893,0 -70.69513230709956,-33.14920021414455,0 -70.6948704432361,-33.14881677578644,0 -70.69569559290066,-33.14842724007238,0 -70.69591246832513,-33.14882218979893,0 
						</coordinates>
					</LinearRing>
				</outerBoundaryIs>
			</Polygon>
		</Placemark>
		<Placemark id="0B6BF6D49C390EBD5E21">
			<name>LT 02.20</name>
			<description><![CDATA[<div><b>Nombre área: </b>Patio Tuberías<br></div><div><b>Gerencia:&nbsp;</b>Gerencia planta<br></div><div><b>Responsable: </b>Matías Henríquez<br></div>]]></description>
			<LookAt>
				<longitude>-70.69534000216854</longitude>
				<latitude>-33.14874973704571</latitude>
				<altitude>703.7534494085494</altitude>
				<heading>12.82607562725975</heading>
				<tilt>4.014082354008886</tilt>
				<range>497.3314840543026</range>
				<altitudeMode>absolute</altitudeMode>
				<gx:fovy>35</gx:fovy>
			</LookAt>
			<styleUrl>#__managed_style_04AF00A56E3D3D1AF204</styleUrl>
			<Point>
				<coordinates>-70.69538676300652,-33.1488219879462,704.3371967535973</coordinates>
			</Point>
		</Placemark>
		<Placemark id="033FDF0E51390EBE5DEC">
			<name>LT 02.51</name>
			<LookAt>
				<longitude>-70.69547538430356</longitude>
				<latitude>-33.14875537296687</latitude>
				<altitude>704.0248579370406</altitude>
				<heading>12.82614965614758</heading>
				<tilt>4.014082182785773</tilt>
				<range>497.0594253930176</range>
				<altitudeMode>absolute</altitudeMode>
				<gx:fovy>35</gx:fovy>
			</LookAt>
			<styleUrl>#__managed_style_9261DC05C93D3D1AF1FB</styleUrl>
			<Polygon>
				<outerBoundaryIs>
					<LinearRing>
						<coordinates>
							-70.69590506056394,-33.14882779223153,0 -70.6961284908577,-33.14924445286064,0 -70.69529597338628,-33.14958637512426,0 -70.69510731782478,-33.14921830875178,0 -70.69590506056394,-33.14882779223153,0 
						</coordinates>
					</LinearRing>
				</outerBoundaryIs>
			</Polygon>
		</Placemark>
		<Placemark id="024A5CCD5F390EBEA45E">
			<name>LT 02.51</name>
			<description><![CDATA[<div><b>Nombre área: </b>Patio Suministro Eléctrico<br></div><div><b>Gerencia:&nbsp;</b>Gerencia infraestructura y servicios<br></div><div><b>Responsable: </b>Ariel Cáceres<br></div>]]></description>
			<LookAt>
				<longitude>-70.69547538430356</longitude>
				<latitude>-33.14875537296687</latitude>
				<altitude>704.0248579370406</altitude>
				<heading>12.82614965614758</heading>
				<tilt>4.014082182785773</tilt>
				<range>497.0594253930176</range>
				<altitudeMode>absolute</altitudeMode>
				<gx:fovy>35</gx:fovy>
			</LookAt>
			<styleUrl>#__managed_style_3AF29F713F3D3D1AF204</styleUrl>
			<Point>
				<coordinates>-70.69563114764964,-33.14918069257362,708.4010278269157</coordinates>
			</Point>
		</Placemark>
		<Placemark id="062546673E390EC42A37">
			<name>LT 02.45</name>
			<LookAt>
				<longitude>-70.69680492973417</longitude>
				<latitude>-33.1485490170062</latitude>
				<altitude>707.1752159117334</altitude>
				<heading>12.82792008368539</heading>
				<tilt>4.014120195492679</tilt>
				<range>557.4531106239738</range>
				<altitudeMode>absolute</altitudeMode>
				<gx:fovy>35</gx:fovy>
			</LookAt>
			<styleUrl>#__managed_style_7AF888516F3D3D1AF1F9</styleUrl>
			<Polygon>
				<outerBoundaryIs>
					<LinearRing>
						<coordinates>
							-70.69648951770944,-33.14911217868935,0 -70.69628907109207,-33.14882984001034,0 -70.69670324671004,-33.14863372397245,0 -70.69685847116962,-33.14893404326237,0 -70.69648951770944,-33.14911217868935,0 
						</coordinates>
					</LinearRing>
				</outerBoundaryIs>
			</Polygon>
		</Placemark>
		<Placemark id="0E52D0D293390EC47AFC">
			<name>LT 02.45</name>
			<description><![CDATA[<div><b>Nombre área:&nbsp;</b>Instalación Faena EXCON<br></div><div><b>Gerencia:&nbsp;</b>Vicepresidencia Proyectos<br></div><div><b>Responsable: </b>Miguel Delgado<br></div>]]></description>
			<LookAt>
				<longitude>-70.69680492973417</longitude>
				<latitude>-33.1485490170062</latitude>
				<altitude>707.1752159117334</altitude>
				<heading>12.82792008368539</heading>
				<tilt>4.014120195492679</tilt>
				<range>557.4531106239738</range>
				<altitudeMode>absolute</altitudeMode>
				<gx:fovy>35</gx:fovy>
			</LookAt>
			<styleUrl>#__managed_style_6857E749B23D3D1AF204</styleUrl>
			<Point>
				<coordinates>-70.69659974571809,-33.14889514269579,709.0717524294969</coordinates>
			</Point>
		</Placemark>
		<Placemark id="0856212B50390ECC7E8B">
			<name>LT 02.07</name>
			<LookAt>
				<longitude>-70.69680492973417</longitude>
				<latitude>-33.1485490170062</latitude>
				<altitude>707.1752159117334</altitude>
				<heading>12.82792008368539</heading>
				<tilt>4.014120195492679</tilt>
				<range>557.4531106239738</range>
				<altitudeMode>absolute</altitudeMode>
				<gx:fovy>35</gx:fovy>
			</LookAt>
			<styleUrl>#__managed_style_0F797CC2323D3D1AF228</styleUrl>
			<Polygon>
				<outerBoundaryIs>
					<LinearRing>
						<coordinates>
							-70.69702909246892,-33.14847695064529,0 -70.6972832712748,-33.14876490852661,0 -70.69689294424514,-33.14895005145364,0 -70.6967165953813,-33.14861582946161,0 -70.69702909246892,-33.14847695064529,0 
						</coordinates>
					</LinearRing>
				</outerBoundaryIs>
			</Polygon>
		</Placemark>
		<Placemark id="0519AB0683390ECCF120">
			<name>LT 02.07</name>
			<description><![CDATA[<div><b>Nombre área:&nbsp;</b>Instalación faena BESALCO<br></div><div><b>Gerencia:&nbsp;</b>Gerencia infraestructura y servicios<br></div><div><b>Responsable:&nbsp;</b>Enrique Fernández<br></div>]]></description>
			<LookAt>
				<longitude>-70.69680492973417</longitude>
				<latitude>-33.1485490170062</latitude>
				<altitude>707.1752159117334</altitude>
				<heading>12.82792008368539</heading>
				<tilt>4.014120195492679</tilt>
				<range>557.4531106239738</range>
				<altitudeMode>absolute</altitudeMode>
				<gx:fovy>35</gx:fovy>
			</LookAt>
			<styleUrl>#__managed_style_3AF29F713F3D3D1AF204</styleUrl>
			<Point>
				<coordinates>-70.69700488825985,-33.14871675140764,709.3186170501804</coordinates>
			</Point>
		</Placemark>
		<Placemark id="0CF3313210390EDFADD0">
			<name>LT 02.25</name>
			<LookAt>
				<longitude>-70.6964108068035</longitude>
				<latitude>-33.14822394934338</latitude>
				<altitude>702.9925161067083</altitude>
				<heading>12.82669771273899</heading>
				<tilt>4.0141459201933</tilt>
				<range>598.3240257830039</range>
				<altitudeMode>absolute</altitudeMode>
				<gx:fovy>35</gx:fovy>
			</LookAt>
			<styleUrl>#__managed_style_7AF888516F3D3D1AF1F9</styleUrl>
			<Polygon>
				<outerBoundaryIs>
					<LinearRing>
						<coordinates>
							-70.69699374476102,-33.14766532038323,0 -70.69718261356908,-33.14801024192553,0 -70.69722606732167,-33.14808206638817,0 -70.69599516165258,-33.14866253821325,0 -70.69564190870616,-33.14822445025682,0 -70.69699374476102,-33.14766532038323,0 
						</coordinates>
					</LinearRing>
				</outerBoundaryIs>
			</Polygon>
		</Placemark>
		<Placemark id="02A41B9A59390EDFDE86">
			<name>LT 02.25</name>
			<description><![CDATA[<div><b>Nombre área:</b> Sector Proyecto Servicentro LT<br></div><div><b>Gerencia:&nbsp;</b>Gerencia Programa Proyectos<br></div><div><b>Responsable:&nbsp;</b>Iván Cáceres<br></div>]]></description>
			<LookAt>
				<longitude>-70.6964108068035</longitude>
				<latitude>-33.14822394934338</latitude>
				<altitude>702.9925161067083</altitude>
				<heading>12.82669771273899</heading>
				<tilt>4.0141459201933</tilt>
				<range>598.3240257830039</range>
				<altitudeMode>absolute</altitudeMode>
				<gx:fovy>35</gx:fovy>
			</LookAt>
			<styleUrl>#__managed_style_C97E79FA363D3D1AF204</styleUrl>
			<Point>
				<coordinates>-70.69650668203749,-33.14817937972466,702.685484630792</coordinates>
			</Point>
		</Placemark>
		<Placemark id="0FE456F5EF390EE27863">
			<name>LT 02.42</name>
			<LookAt>
				<longitude>-70.69615215839458</longitude>
				<latitude>-33.14729294835679</latitude>
				<altitude>696.4159574487927</altitude>
				<heading>12.82651478079873</heading>
				<tilt>4.014010841112172</tilt>
				<range>383.7150542359086</range>
				<altitudeMode>absolute</altitudeMode>
				<gx:fovy>35</gx:fovy>
			</LookAt>
			<styleUrl>#__managed_style_45C573F8AD3D3D1AF1FF</styleUrl>
			<Polygon>
				<outerBoundaryIs>
					<LinearRing>
						<coordinates>
							-70.69585541374805,-33.14733617420606,0 -70.69600034694517,-33.1472751229439,0 -70.69622488779068,-33.14762890221505,0 -70.69605855504794,-33.14770880268881,0 -70.69585541374805,-33.14733617420606,0 
						</coordinates>
					</LinearRing>
				</outerBoundaryIs>
			</Polygon>
		</Placemark>
		<Placemark id="07CB8253C4390EE2E271">
			<name>LT 02.42</name>
			<description><![CDATA[<div><b>Nombre área:</b>&nbsp;Electrolinera LT<br></div><div><b>Gerencia:&nbsp;</b>Gerencia Infraestructura y servicios<br></div><div><b>Responsable:</b>&nbsp;Luis Cavieres<br></div>]]></description>
			<LookAt>
				<longitude>-70.69615215839458</longitude>
				<latitude>-33.14729294835679</latitude>
				<altitude>696.4159574487927</altitude>
				<heading>12.82651478079873</heading>
				<tilt>4.014010841112172</tilt>
				<range>383.7150542359086</range>
				<altitudeMode>absolute</altitudeMode>
				<gx:fovy>35</gx:fovy>
			</LookAt>
			<styleUrl>#__managed_style_1548BABC183D3D1AF1FF</styleUrl>
			<Point>
				<coordinates>-70.69603156143306,-33.14746427271358,696.599244281928</coordinates>
			</Point>
		</Placemark>
		<Placemark id="0699AF7F72390F2C158C">
			<name>LT 02.26</name>
			<LookAt>
				<longitude>-70.69623444567621</longitude>
				<latitude>-33.14727028791864</latitude>
				<altitude>696.6084532313391</altitude>
				<heading>12.82655977486857</heading>
				<tilt>4.014010719555628</tilt>
				<range>383.5220775436392</range>
				<altitudeMode>absolute</altitudeMode>
				<gx:fovy>35</gx:fovy>
			</LookAt>
			<styleUrl>#__managed_style_45C573F8AD3D3D1AF1FF</styleUrl>
			<Polygon>
				<outerBoundaryIs>
					<LinearRing>
						<coordinates>
							-70.69615213443315,-33.14727614479665,0 -70.69653998997411,-33.14712854535163,0 -70.6967562934158,-33.14750139595208,0 -70.69638075654252,-33.14763343661801,0 -70.69615213443315,-33.14727614479665,0 
						</coordinates>
					</LinearRing>
				</outerBoundaryIs>
			</Polygon>
		</Placemark>
		<Placemark id="0DFE433930390F3EE129">
			<name>LT 02.26</name>
			<description><![CDATA[<div><b>Nombre área:</b>&nbsp;Taller First<br></div><div><b>Gerencia:&nbsp;</b>Gerencia Infraestructura y Servicios<br></div><div><b>Responsable:</b> Luis Cavieres<br></div>]]></description>
			<LookAt>
				<longitude>-70.69623444567621</longitude>
				<latitude>-33.14727028791864</latitude>
				<altitude>696.6084532313391</altitude>
				<heading>12.82655977486857</heading>
				<tilt>4.014010719555628</tilt>
				<range>383.5220775436392</range>
				<altitudeMode>absolute</altitudeMode>
				<gx:fovy>35</gx:fovy>
			</LookAt>
			<styleUrl>#__managed_style_1548BABC183D3D1AF1FF</styleUrl>
			<Point>
				<coordinates>-70.69645577704793,-33.14738705712508,697.7190767145752</coordinates>
			</Point>
		</Placemark>
		<Placemark id="008C8B389D390F404F2C">
			<name>LT 02.41</name>
			<LookAt>
				<longitude>-70.69655371052895</longitude>
				<latitude>-33.14741413809297</latitude>
				<altitude>697.5886160044736</altitude>
				<heading>12.82665601905616</heading>
				<tilt>4.013907523245455</tilt>
				<range>219.5678884629161</range>
				<altitudeMode>absolute</altitudeMode>
				<gx:fovy>35</gx:fovy>
			</LookAt>
			<styleUrl>#__managed_style_45C573F8AD3D3D1AF1FF</styleUrl>
			<Polygon>
				<outerBoundaryIs>
					<LinearRing>
						<coordinates>
							-70.69653942495576,-33.14712909887019,0 -70.69677939644451,-33.14702765935376,0 -70.69699819641613,-33.14741480788115,0 -70.69675591130398,-33.1475084948602,0 -70.69653942495576,-33.14712909887019,0 
						</coordinates>
					</LinearRing>
				</outerBoundaryIs>
			</Polygon>
		</Placemark>
		<Placemark id="0F56314113390F40A69B">
			<name>LT 02.41</name>
			<description><![CDATA[<div><b>Nombre área:</b>&nbsp;Instalaciones Hualpen<br></div><div><b>Gerencia:&nbsp;</b>Gerencia Infraestructura y Servicios<br></div><div><b>Responsable:</b> Luis Cavieres<br></div>]]></description>
			<LookAt>
				<longitude>-70.69655371052895</longitude>
				<latitude>-33.14741413809297</latitude>
				<altitude>697.5886160044736</altitude>
				<heading>12.82665601905616</heading>
				<tilt>4.013907523245455</tilt>
				<range>219.5678884629161</range>
				<altitudeMode>absolute</altitudeMode>
				<gx:fovy>35</gx:fovy>
			</LookAt>
			<styleUrl>#__managed_style_1548BABC183D3D1AF1FF</styleUrl>
			<Point>
				<coordinates>-70.69676506459845,-33.14729891241642,697.8828527198287</coordinates>
			</Point>
		</Placemark>
		<Placemark id="0E5B08E264390F6AA754">
			<name>LT 02.37</name>
			<LookAt>
				<longitude>-70.6963487125319</longitude>
				<latitude>-33.14708416539285</latitude>
				<altitude>696.2506639685926</altitude>
				<heading>12.82654392566375</heading>
				<tilt>4.013908367522258</tilt>
				<range>220.9091066050678</range>
				<altitudeMode>absolute</altitudeMode>
				<gx:fovy>35</gx:fovy>
			</LookAt>
			<styleUrl>#__managed_style_45C573F8AD3D3D1AF1FF</styleUrl>
			<Polygon>
				<outerBoundaryIs>
					<LinearRing>
						<coordinates>
							-70.6965185727428,-33.14703550158878,0 -70.69616345896392,-33.14722097890516,0 -70.69603327122294,-33.14700578537865,0 -70.69613272154783,-33.1469568957119,0 -70.69606417603362,-33.14682852290451,0 -70.69631467218124,-33.14672865064958,0 -70.6965185727428,-33.14703550158878,0 
						</coordinates>
					</LinearRing>
				</outerBoundaryIs>
			</Polygon>
		</Placemark>
		<Placemark id="096C748708390F6B09A3">
			<name>LT 02.37</name>
			<description><![CDATA[<div><b>Nombre área:</b>&nbsp;Instalación Faena Obras Civiles Menores Las Tórtolas<br></div><div><b>Gerencia:&nbsp;</b>Gerencia Infraestructura y Servicios<br></div><div><b>Responsable:</b>&nbsp;Karin Flores<br></div>]]></description>
			<LookAt>
				<longitude>-70.6963487125319</longitude>
				<latitude>-33.14708416539285</latitude>
				<altitude>696.2506639685926</altitude>
				<heading>12.82654392566375</heading>
				<tilt>4.013908367522258</tilt>
				<range>220.9091066050678</range>
				<altitudeMode>absolute</altitudeMode>
				<gx:fovy>35</gx:fovy>
			</LookAt>
			<styleUrl>#__managed_style_1548BABC183D3D1AF1FF</styleUrl>
			<Point>
				<coordinates>-70.69627816214231,-33.14697188700222,696.21185370091</coordinates>
			</Point>
		</Placemark>
		<Placemark id="0100DC764B390F74AB80">
			<name>Polígono sin título</name>
			<LookAt>
				<longitude>-70.6974166427494</longitude>
				<latitude>-33.14668980017609</latitude>
				<altitude>696.8214806874178</altitude>
				<heading>12.82721457696816</heading>
				<tilt>4.014003264060155</tilt>
				<range>371.677675298015</range>
				<altitudeMode>absolute</altitudeMode>
				<gx:fovy>35</gx:fovy>
			</LookAt>
			<styleUrl>#__managed_style_08C3A00A423D3D1AF1E302</styleUrl>
			<Polygon>
				<outerBoundaryIs>
					<LinearRing>
						<coordinates>
							-70.69696474973256,-33.14755748891915,0 -70.69629051915211,-33.14649770943328,0 -70.69729106018811,-33.14609097945011,0 -70.69793871365184,-33.14713670087777,0 -70.69696474973256,-33.14755748891915,0 
						</coordinates>
					</LinearRing>
				</outerBoundaryIs>
			</Polygon>
		</Placemark>
		<Placemark id="0D2675E352390F8B8E10">
			<name>LT 02.17</name>
			<description><![CDATA[<div><b>Nombre área:</b>&nbsp;Patio componentes Planta LT<br></div><div><b>Gerencia:&nbsp;</b>Gerencia Planta<br></div><div><b>Responsable:</b>&nbsp;Freddy Alvarez<br></div>]]></description>
			<LookAt>
				<longitude>-70.6974166427494</longitude>
				<latitude>-33.14668980017609</latitude>
				<altitude>696.8214806874178</altitude>
				<heading>12.82721457696816</heading>
				<tilt>4.014003264060155</tilt>
				<range>371.677675298015</range>
				<altitudeMode>absolute</altitudeMode>
				<gx:fovy>35</gx:fovy>
			</LookAt>
			<styleUrl>#__managed_style_04AF00A56E3D3D1AF204</styleUrl>
			<Point>
				<coordinates>-70.69717114533509,-33.14680893034214,696.7767762942564</coordinates>
			</Point>
		</Placemark>
		<Placemark id="0DF371DC29390F97725C">
			<name>LT 02.18</name>
			<LookAt>
				<longitude>-70.69810770858047</longitude>
				<latitude>-33.14639676007584</latitude>
				<altitude>698.7419173942111</altitude>
				<heading>12.82759243897285</heading>
				<tilt>4.014002052071374</tilt>
				<range>369.7525438951925</range>
				<altitudeMode>absolute</altitudeMode>
				<gx:fovy>35</gx:fovy>
			</LookAt>
			<styleUrl>#__managed_style_08C3A00A423D3D1AF1E302</styleUrl>
			<Polygon>
				<outerBoundaryIs>
					<LinearRing>
						<coordinates>
							-70.69798089960695,-33.14582404615858,0 -70.69860270341236,-33.14686215017971,0 -70.6979410885058,-33.14714255602044,0 -70.69728623701315,-33.14609246108218,0 -70.69798089960695,-33.14582404615858,0 
						</coordinates>
					</LinearRing>
				</outerBoundaryIs>
			</Polygon>
		</Placemark>
		<Placemark id="0B42A492E8390F97C7F8">
			<name>LT 02.18</name>
			<description><![CDATA[<div><b>Nombre área:</b>&nbsp;Patio Materiales LT<br></div><div><b>Gerencia:&nbsp;</b>Gerencia Planta<br></div><div><b>Responsable:</b>&nbsp;Rodrigo Gonzalez<br></div>]]></description>
			<LookAt>
				<longitude>-70.69810770858047</longitude>
				<latitude>-33.14639676007584</latitude>
				<altitude>698.7419173942111</altitude>
				<heading>12.82759243897285</heading>
				<tilt>4.014002052071374</tilt>
				<range>369.7525438951925</range>
				<altitudeMode>absolute</altitudeMode>
				<gx:fovy>35</gx:fovy>
			</LookAt>
			<styleUrl>#__managed_style_04AF00A56E3D3D1AF204</styleUrl>
			<Point>
				<coordinates>-70.69793857948343,-33.14647231399789,698.9304801528898</coordinates>
			</Point>
		</Placemark>
		<Placemark id="05100B4F92390F9D0E8C">
			<name>LT 02.40</name>
			<LookAt>
				<longitude>-70.69843005888038</longitude>
				<latitude>-33.146566439137</latitude>
				<altitude>699.5712134242946</altitude>
				<heading>12.82766796516183</heading>
				<tilt>4.014087398447548</tilt>
				<range>505.34778127927</range>
				<altitudeMode>absolute</altitudeMode>
				<gx:fovy>35</gx:fovy>
			</LookAt>
			<styleUrl>#__managed_style_17E523489C3D3D1AF1F1</styleUrl>
			<Polygon>
				<outerBoundaryIs>
					<LinearRing>
						<coordinates>
							-70.69842328024806,-33.14629695405423,0 -70.69829585942026,-33.14634840547929,0 -70.69813900734871,-33.14608305746491,0 -70.69827997564926,-33.14603516049222,0 -70.69842328024806,-33.14629695405423,0 
						</coordinates>
					</LinearRing>
				</outerBoundaryIs>
			</Polygon>
		</Placemark>
		<Placemark id="0EFF699533390F9D53C0">
			<name>LT 02.40</name>
			<description><![CDATA[<div><b>Nombre área:</b>&nbsp;Kiosko IM<br></div><div><b>Gerencia:&nbsp;</b>Gerencia IM<br></div><div><b>Responsable:</b>&nbsp;Oliver Porcher<br></div>]]></description>
			<LookAt>
				<longitude>-70.69843005888038</longitude>
				<latitude>-33.146566439137</latitude>
				<altitude>699.5712134242946</altitude>
				<heading>12.82766796516183</heading>
				<tilt>4.014087398447548</tilt>
				<range>505.34778127927</range>
				<altitudeMode>absolute</altitudeMode>
				<gx:fovy>35</gx:fovy>
			</LookAt>
			<styleUrl>#__managed_style_379D109A4C3D3D1AF203</styleUrl>
			<Point>
				<coordinates>-70.69829241005752,-33.1462240341867,698.4406570316073</coordinates>
			</Point>
		</Placemark>
		<Placemark id="0751978821390FA73313">
			<name>LT 02.10</name>
			<LookAt>
				<longitude>-70.69843005888038</longitude>
				<latitude>-33.146566439137</latitude>
				<altitude>699.5712134242946</altitude>
				<heading>12.82766796516183</heading>
				<tilt>4.014087398447548</tilt>
				<range>505.34778127927</range>
				<altitudeMode>absolute</altitudeMode>
				<gx:fovy>35</gx:fovy>
			</LookAt>
			<styleUrl>#__managed_style_45C573F8AD3D3D1AF1FF</styleUrl>
			<Polygon>
				<outerBoundaryIs>
					<LinearRing>
						<coordinates>
							-70.69821430654206,-33.14595885013416,0 -70.69842241400461,-33.14586747023257,0 -70.69854950817501,-33.14608281884416,0 -70.69859721867242,-33.14607381781428,0 -70.69871952909654,-33.14626233872427,0 -70.69867206636367,-33.1462840285807,0 -70.69879744313903,-33.146495120314,0 -70.69856118840244,-33.14658230507248,0 -70.69821430654206,-33.14595885013416,0 
						</coordinates>
					</LinearRing>
				</outerBoundaryIs>
			</Polygon>
		</Placemark>
		<Placemark id="07A5CDBDF8390FA78751">
			<name>LT 02.10</name>
			<description><![CDATA[<div><b>Nombre área:</b>&nbsp;Mine Office<br></div><div><b>Gerencia:&nbsp;</b>Gerencia Infraestructura y Servicios<br></div><div><b>Responsable:</b>&nbsp;Luis Cavieres<br></div>]]></description>
			<LookAt>
				<longitude>-70.69843005888038</longitude>
				<latitude>-33.146566439137</latitude>
				<altitude>699.5712134242946</altitude>
				<heading>12.82766796516183</heading>
				<tilt>4.014087398447548</tilt>
				<range>505.34778127927</range>
				<altitudeMode>absolute</altitudeMode>
				<gx:fovy>35</gx:fovy>
			</LookAt>
			<styleUrl>#__managed_style_1548BABC183D3D1AF1FF</styleUrl>
			<Point>
				<coordinates>-70.69855176597777,-33.14619663796012,699.1283566708647</coordinates>
			</Point>
		</Placemark>
		<Placemark id="0D9B77F9AF390FA8E7FC">
			<name>LT 02.22</name>
			<LookAt>
				<longitude>-70.69984778496524</longitude>
				<latitude>-33.14611437303738</latitude>
				<altitude>700.749912978495</altitude>
				<heading>12.82844313727854</heading>
				<tilt>4.014086654474301</tilt>
				<range>504.1661409087101</range>
				<altitudeMode>absolute</altitudeMode>
				<gx:fovy>35</gx:fovy>
			</LookAt>
			<styleUrl>#__managed_style_4A151F7A6F3D3D1AF1FC</styleUrl>
			<Polygon>
				<outerBoundaryIs>
					<LinearRing>
						<coordinates>
							-70.69961081795144,-33.14571454333862,0 -70.69945668210561,-33.1457626411552,0 -70.69928410145788,-33.14550686615001,0 -70.69949005706836,-33.14543901316564,0 -70.69961081795144,-33.14571454333862,0 
						</coordinates>
					</LinearRing>
				</outerBoundaryIs>
			</Polygon>
		</Placemark>
		<Placemark id="093F8A5A8D390FA9151B">
			<name>LT 02.22</name>
			<description><![CDATA[<div><b>Nombre área:</b>&nbsp;Policlínico Las Tórtolas<br></div><div><b>Gerencia:&nbsp;</b>Gerencia SHE<br></div><div><b>Responsable:</b>&nbsp;Rodrigo Herrera<br></div>]]></description>
			<LookAt>
				<longitude>-70.69984778496524</longitude>
				<latitude>-33.14611437303738</latitude>
				<altitude>700.749912978495</altitude>
				<heading>12.82844313727854</heading>
				<tilt>4.014086654474301</tilt>
				<range>504.1661409087101</range>
				<altitudeMode>absolute</altitudeMode>
				<gx:fovy>35</gx:fovy>
			</LookAt>
			<styleUrl>#__managed_style_1548BABC183D3D1AF1FF</styleUrl>
			<Point>
				<coordinates>-70.69947215414606,-33.14563687930854,698.0299039439519</coordinates>
			</Point>
		</Placemark>
		<Placemark id="00C4A3D9B3390FA9E753">
			<name>LT 02.01</name>
			<description><![CDATA[<div><b>Nombre área:</b>&nbsp;Área casino LT - Casas de Cambio<br></div><div><b>Gerencia:&nbsp;</b>Gerencia Infraestructura y Servicios<br></div><div><b>Responsable:</b>&nbsp;Luis Cavieres<br></div>]]></description>
			<LookAt>
				<longitude>-70.69984778496524</longitude>
				<latitude>-33.14611437303738</latitude>
				<altitude>700.749912978495</altitude>
				<heading>12.82844313727854</heading>
				<tilt>4.014086654474301</tilt>
				<range>504.1661409087101</range>
				<altitudeMode>absolute</altitudeMode>
				<gx:fovy>35</gx:fovy>
			</LookAt>
			<styleUrl>#__managed_style_1548BABC183D3D1AF1FF</styleUrl>
			<Point>
				<coordinates>-70.69905399174081,-33.14590205572852,697.4894165285374</coordinates>
			</Point>
		</Placemark>
		<Placemark id="06ECDEF95C390FAC3BCC">
			<name>LT 02.23</name>
			<LookAt>
				<longitude>-70.7004000043403</longitude>
				<latitude>-33.14593643966649</latitude>
				<altitude>700.7671507111346</altitude>
				<heading>12.82874507382616</heading>
				<tilt>4.014086643745284</tilt>
				<range>504.1488504195877</range>
				<altitudeMode>absolute</altitudeMode>
				<gx:fovy>35</gx:fovy>
			</LookAt>
			<styleUrl>#__managed_style_45C573F8AD3D3D1AF1FF</styleUrl>
			<Polygon>
				<outerBoundaryIs>
					<LinearRing>
						<coordinates>
							-70.70036085182828,-33.14615510690583,0 -70.69990610510624,-33.14539590568994,0 -70.69983900941932,-33.1453563319425,0 -70.69968404352321,-33.14510657916016,0 -70.69977170335788,-33.14524830781779,0 -70.69996859679159,-33.14518815279025,0 -70.70030574225967,-33.14537398517169,0 -70.70049910509105,-33.14544040924692,0 -70.70074536085214,-33.14545742836198,0 -70.70106092900492,-33.14554018416858,0 -70.70135682543987,-33.14559657430939,0 -70.70137457984129,-33.14561424813922,0 -70.70115459882054,-33.14579242023981,0 -70.70064577877369,-33.14602260903002,0 -70.70036085182828,-33.14615510690583,0 
						</coordinates>
					</LinearRing>
				</outerBoundaryIs>
			</Polygon>
		</Placemark>
		<Placemark id="0EB78A6138390FAC99D0">
			<name>LT 02.23</name>
			<description><![CDATA[<div><b>Nombre área:</b>&nbsp;Sector andenes buses<br></div><div><b>Gerencia:&nbsp;</b>Gerencia infraestructura y servicios<br></div><div><b>Responsable:</b>&nbsp;Luis Cavieres<br></div>]]></description>
			<LookAt>
				<longitude>-70.7004000043403</longitude>
				<latitude>-33.14593643966649</latitude>
				<altitude>700.7671507111346</altitude>
				<heading>12.82874507382616</heading>
				<tilt>4.014086643745284</tilt>
				<range>504.1488504195877</range>
				<altitudeMode>absolute</altitudeMode>
				<gx:fovy>35</gx:fovy>
			</LookAt>
			<styleUrl>#__managed_style_1548BABC183D3D1AF1FF</styleUrl>
			<Point>
				<coordinates>-70.70059180427921,-33.145683865627,699.4555328658784</coordinates>
			</Point>
		</Placemark>
		<Placemark id="0405A46E50390FAF36D0">
			<name>LT 0211</name>
			<LookAt>
				<longitude>-70.69927663949815</longitude>
				<latitude>-33.14728531818534</latitude>
				<altitude>706.0273502872471</altitude>
				<heading>12.82826812144289</heading>
				<tilt>4.014181530139852</tilt>
				<range>654.90202918656</range>
				<altitudeMode>absolute</altitudeMode>
				<gx:fovy>35</gx:fovy>
			</LookAt>
			<styleUrl>#__managed_style_45C573F8AD3D3D1AF1FF</styleUrl>
			<Polygon>
				<outerBoundaryIs>
					<LinearRing>
						<coordinates>
							-70.69956968966659,-33.1465999551926,0 -70.6997967557932,-33.14700276765146,0 -70.69991651977035,-33.14710115642552,0 -70.70008226471752,-33.1473894187037,0 -70.70019912238966,-33.14756461541673,0 -70.70011313915161,-33.1476850483808,0 -70.6999346054337,-33.14777234512071,0 -70.69967055186189,-33.14781673192864,0 -70.69933206510142,-33.14788721239064,0 -70.69906473466125,-33.14799730321685,0 -70.69878711976266,-33.14813847144679,0 -70.69851713464412,-33.14828096435083,0 -70.69813326323104,-33.14852373361024,0 -70.69775908603972,-33.14867353146641,0 -70.69739220906692,-33.14883942096059,0 -70.69741735237594,-33.14893023258091,0 -70.69534531005127,-33.14969458094991,0 -70.69528152791447,-33.14961227858457,0 -70.69485876126294,-33.14878412226103,0 -70.69465545724823,-33.14859928600655,0 -70.69833229275525,-33.14710740725862,0 -70.69956968966659,-33.1465999551926,0 
						</coordinates>
					</LinearRing>
				</outerBoundaryIs>
			</Polygon>
		</Placemark>
		<Placemark id="0D7BE515DC390FB06610">
			<name>LT 02.50</name>
			<LookAt>
				<longitude>-70.69831892591422</longitude>
				<latitude>-33.14765738307511</latitude>
				<altitude>705.7837146821681</altitude>
				<heading>12.82793495549823</heading>
				<tilt>4.013995422855339</tilt>
				<range>359.2216393828858</range>
				<altitudeMode>absolute</altitudeMode>
				<gx:fovy>35</gx:fovy>
			</LookAt>
			<styleUrl>#__managed_style_45C573F8AD3D3D1AF1FF</styleUrl>
			<Polygon>
				<outerBoundaryIs>
					<LinearRing>
						<coordinates>
							-70.69791365666327,-33.14728612280444,0 -70.69863862251998,-33.14822126535212,0 -70.69843194314674,-33.14833951457094,0 -70.6976409715777,-33.14739236057893,0 -70.69791365666327,-33.14728612280444,0 
						</coordinates>
					</LinearRing>
				</outerBoundaryIs>
			</Polygon>
		</Placemark>
		<Placemark id="04B08EA584390FB12A18">
			<name>LT 02.50</name>
			<description><![CDATA[<div><b>Nombre área:</b>&nbsp;Contratistas Servicios a la Operación<br></div><div><b>Gerencia:&nbsp;</b>Gerencia Infraestructura y Servicios<br></div><div><b>Responsable:</b>&nbsp;Karin Flores<br></div>]]></description>
			<LookAt>
				<longitude>-70.69887194005867</longitude>
				<latitude>-33.14761606123377</latitude>
				<altitude>706.4752385970268</altitude>
				<heading>12.82797853288417</heading>
				<tilt>4.013973941388284</tilt>
				<range>325.0927865688209</range>
				<altitudeMode>absolute</altitudeMode>
				<gx:fovy>35</gx:fovy>
			</LookAt>
			<styleUrl>#__managed_style_1548BABC183D3D1AF1FF</styleUrl>
			<Point>
				<coordinates>-70.69814707236863,-33.14778086105147,706.2401799005033</coordinates>
			</Point>
		</Placemark>
		<Placemark id="005B21ED3E390FB271D3">
			<name>LT 02.52</name>
			<description><![CDATA[<div><b>Nombre área:</b>&nbsp;Futuro Barrio Cívico<br></div><div><b>Gerencia:&nbsp;</b>Gerencia Infraestructura y Servicios<br></div><div><b>Responsable:</b>&nbsp;Ariel Cáceres<br></div>]]></description>
			<LookAt>
				<longitude>-70.69820676630761</longitude>
				<latitude>-33.14813055393673</latitude>
				<altitude>708.950787992384</altitude>
				<heading>12.82746501668596</heading>
				<tilt>4.014049165382107</tilt>
				<range>444.6063393475197</range>
				<altitudeMode>absolute</altitudeMode>
				<gx:fovy>35</gx:fovy>
			</LookAt>
			<styleUrl>#__managed_style_1548BABC183D3D1AF1FF</styleUrl>
			<Point>
				<coordinates>-70.69753684049265,-33.14779159162544,703.362168120041</coordinates>
			</Point>
		</Placemark>
		<Placemark id="0E13E8729A390FB49FC1">
			<name>LT 02.06</name>
			<LookAt>
				<longitude>-70.69892388438308</longitude>
				<latitude>-33.1475235661384</latitude>
				<altitude>705.9660075451432</altitude>
				<heading>12.82850293150777</heading>
				<tilt>4.013965611874919</tilt>
				<range>311.8592580831683</range>
				<altitudeMode>absolute</altitudeMode>
				<gx:fovy>35</gx:fovy>
			</LookAt>
			<styleUrl>#__managed_style_45C573F8AD3D3D1AF1FF</styleUrl>
			<Polygon>
				<outerBoundaryIs>
					<LinearRing>
						<coordinates>
							-70.69874571699869,-33.14693923725346,0 -70.69896197124213,-33.14711591184482,0 -70.6993958527631,-33.14786989831389,0 -70.69934412948297,-33.14788123243545,0 -70.69897254787313,-33.14804456302619,0 -70.69860894379894,-33.14740981871668,0 -70.69856619642849,-33.1473506486748,0 -70.69845512679818,-33.14731912810332,0 -70.69833895535176,-33.14711903878425,0 -70.69874571699869,-33.14693923725346,0 
						</coordinates>
					</LinearRing>
				</outerBoundaryIs>
			</Polygon>
		</Placemark>
		<Placemark id="04805395DB390FB510F9">
			<name>LT 02.06</name>
			<description><![CDATA[<div><b>Nombre área:</b>&nbsp;Estacionamiento Vehículos particulares<br></div><div><b>Gerencia:&nbsp;</b>Gerencia Infraestructura y Servicios&nbsp;<br></div><div><b>Responsable:</b>&nbsp;Luis Cavieres<br></div>]]></description>
			<LookAt>
				<longitude>-70.69892388438308</longitude>
				<latitude>-33.1475235661384</latitude>
				<altitude>705.9660075451432</altitude>
				<heading>12.82850293150777</heading>
				<tilt>4.013965611874919</tilt>
				<range>311.8592580831683</range>
				<altitudeMode>absolute</altitudeMode>
				<gx:fovy>35</gx:fovy>
			</LookAt>
			<styleUrl>#__managed_style_1548BABC183D3D1AF1FF</styleUrl>
			<Point>
				<coordinates>-70.69893021910447,-33.14745261840894,705.684373507975</coordinates>
			</Point>
		</Placemark>
		<Placemark id="0C0B7B9855390FB621F4">
			<name>LT 02.05</name>
			<description><![CDATA[<div><b>Nombre área:</b>&nbsp;Estacionamiento Camiones y Equipos Menores<br></div><div><b>Gerencia:&nbsp;</b>Gerencia Infraestructura y Servicios<br></div><div><b>Responsable:</b>&nbsp;Karin Flores<br></div>]]></description>
			<LookAt>
				<longitude>-70.69892388438308</longitude>
				<latitude>-33.1475235661384</latitude>
				<altitude>705.9660075451432</altitude>
				<heading>12.82850293150777</heading>
				<tilt>4.013965611874919</tilt>
				<range>311.8592580831683</range>
				<altitudeMode>absolute</altitudeMode>
				<gx:fovy>35</gx:fovy>
			</LookAt>
			<styleUrl>#__managed_style_1548BABC183D3D1AF1FF</styleUrl>
			<Point>
				<coordinates>-70.69845342213122,-33.14764243649574,705.7299462604215</coordinates>
			</Point>
		</Placemark>
		<Placemark id="02C19CCA723912EB4EC0">
			<name>LT 02.11</name>
			<description><![CDATA[<div><b>Nombre área:</b>&nbsp;Módulos Oficinas RRHH - Gerencia General<br></div><div><b>Gerencia:&nbsp;</b>Gerencia Infraestructura y Servicios&nbsp;<br></div><div><b>Responsable:</b>&nbsp;Luis Cavieres<br></div>]]></description>
			<LookAt>
				<longitude>-70.69966323713093</longitude>
				<latitude>-33.14707614465033</latitude>
				<altitude>705.3904418813521</altitude>
				<heading>12.77920379692873</heading>
				<tilt>4.014042777884515</tilt>
				<range>434.4613186869537</range>
				<altitudeMode>absolute</altitudeMode>
				<gx:fovy>35</gx:fovy>
			</LookAt>
			<styleUrl>#__managed_style_1548BABC183D3D1AF1FF</styleUrl>
			<Point>
				<coordinates>-70.69947793835367,-33.1472556998162,706.2767955689543</coordinates>
			</Point>
		</Placemark>
		<Placemark id="05FADDF32B391330179F">
			<name>LT 02.15</name>
			<LookAt>
				<longitude>-70.70037234321777</longitude>
				<latitude>-33.14693460631401</latitude>
				<altitude>704.2280258582269</altitude>
				<heading>12.77959152729427</heading>
				<tilt>4.014043511551941</tilt>
				<range>435.6265956723655</range>
				<altitudeMode>absolute</altitudeMode>
				<gx:fovy>35</gx:fovy>
			</LookAt>
			<styleUrl>#__managed_style_08C3A00A423D3D1AF1E302</styleUrl>
			<Polygon>
				<outerBoundaryIs>
					<LinearRing>
						<coordinates>
							-70.70065332954393,-33.14737913267685,0 -70.70019192920887,-33.14756785284926,0 -70.69956282990483,-33.1466051058742,0 -70.69989034397999,-33.1464732951035,0 -70.70000043868819,-33.14667044413626,0 -70.70020043055136,-33.14660182384311,0 -70.70065332954393,-33.14737913267685,0 
						</coordinates>
					</LinearRing>
				</outerBoundaryIs>
			</Polygon>
		</Placemark>
		<Placemark id="0621974ABC3913305E53">
			<name>LT 02.15</name>
			<description><![CDATA[<div><b>Nombre área:</b>&nbsp;Patio Componentes Eléctricos Planta<br></div><div><b>Gerencia:&nbsp;</b>Gerencia Planta<br></div><div><b>Responsable:</b>&nbsp;Freddy Álvarez<br></div>]]></description>
			<LookAt>
				<longitude>-70.70037234324298</longitude>
				<latitude>-33.14693460620835</latitude>
				<altitude>704.2279881295541</altitude>
				<heading>12.77959152668181</heading>
				<tilt>4.014043511650356</tilt>
				<range>435.6266420275643</range>
				<altitudeMode>absolute</altitudeMode>
				<gx:fovy>35</gx:fovy>
			</LookAt>
			<styleUrl>#__managed_style_04AF00A56E3D3D1AF204</styleUrl>
			<Point>
				<coordinates>-70.7001442973668,-33.14701483162289,704.1966843498382</coordinates>
			</Point>
		</Placemark>
		<Placemark id="002CADA1F139133533D0">
			<name>LT 02.14</name>
			<LookAt>
				<longitude>-70.70034641516098</longitude>
				<latitude>-33.14684589505827</latitude>
				<altitude>703.6845902009635</altitude>
				<heading>12.77957735040204</heading>
				<tilt>4.01404385438884</tilt>
				<range>436.1713619677175</range>
				<altitudeMode>absolute</altitudeMode>
				<gx:fovy>35</gx:fovy>
			</LookAt>
			<styleUrl>#__managed_style_377B109B4B3D3D1AF228</styleUrl>
			<Polygon>
				<outerBoundaryIs>
					<LinearRing>
						<coordinates>
							-70.7001966308723,-33.14659438502429,0 -70.69999385432405,-33.14667768452266,0 -70.69988466670857,-33.14647497701939,0 -70.70057640997172,-33.14620688686382,0 -70.70072533670236,-33.14630775678334,0 -70.70078348889874,-33.14640561864224,0 -70.70085647008067,-33.14666025646757,0 -70.70118250325216,-33.14716869339316,0 -70.70065403969342,-33.14736815178419,0 -70.7001966308723,-33.14659438502429,0 
						</coordinates>
					</LinearRing>
				</outerBoundaryIs>
			</Polygon>
		</Placemark>
		<Placemark id="024329FA8139133D72BC">
			<name>LT 02.14</name>
			<description><![CDATA[<div><b>Nombre área:</b>&nbsp;Patio Componentes<br></div><div><b>Gerencia:&nbsp;</b>Gerencia Mantención Plantas LB<br></div><div><b>Responsable:</b>&nbsp;Christian Repetto<br></div>]]></description>
			<LookAt>
				<longitude>-70.70034641516098</longitude>
				<latitude>-33.14684589505827</latitude>
				<altitude>703.6845902009635</altitude>
				<heading>12.77957735040204</heading>
				<tilt>4.01404385438884</tilt>
				<range>436.1713619677175</range>
				<altitudeMode>absolute</altitudeMode>
				<gx:fovy>35</gx:fovy>
			</LookAt>
			<styleUrl>#__managed_style_07E5D21C963D3D1AF206</styleUrl>
			<Point>
				<coordinates>-70.70063635761682,-33.146818057142,704.0851956393606</coordinates>
			</Point>
		</Placemark>
		<Placemark id="04D824780439134B13E7">
			<name>LT 02.03</name>
			<LookAt>
				<longitude>-70.70054318227159</longitude>
				<latitude>-33.14676940300412</latitude>
				<altitude>703.4865305723146</altitude>
				<heading>12.77968493778216</heading>
				<tilt>4.014043979421951</tilt>
				<range>436.369947639032</range>
				<altitudeMode>absolute</altitudeMode>
				<gx:fovy>35</gx:fovy>
			</LookAt>
			<styleUrl>#__managed_style_662AAC70183D3D1AF228</styleUrl>
			<Polygon>
				<outerBoundaryIs>
					<LinearRing>
						<coordinates>
							-70.7008620224522,-33.14666228297293,0 -70.70078167053546,-33.14639323787839,0 -70.70070399431795,-33.14629711690769,0 -70.70056116091892,-33.14620345941211,0 -70.7006798314536,-33.14614208349911,0 -70.70082697451936,-33.14632707667801,0 -70.70118759341663,-33.14619151287134,0 -70.70163883240386,-33.14699212150634,0 -70.70119118003973,-33.14716125283579,0 -70.7008620224522,-33.14666228297293,0 
						</coordinates>
					</LinearRing>
				</outerBoundaryIs>
			</Polygon>
		</Placemark>
		<Placemark id="09D338CAF939134B4B3F">
			<name>LT 02.03</name>
			<description><![CDATA[<div><b>Nombre área:</b>&nbsp;Patio Flexciruit<br></div><div><b>Gerencia:</b> Vicepresidencia Proyectos<br></div><div><b>Responsable:</b>&nbsp;Miguel Delgado<br></div>]]></description>
			<LookAt>
				<longitude>-70.70054318227159</longitude>
				<latitude>-33.14676940300412</latitude>
				<altitude>703.4865305723146</altitude>
				<heading>12.77968493778216</heading>
				<tilt>4.014043979421951</tilt>
				<range>436.369947639032</range>
				<altitudeMode>absolute</altitudeMode>
				<gx:fovy>35</gx:fovy>
			</LookAt>
			<styleUrl>#__managed_style_6857E749B23D3D1AF204</styleUrl>
			<Point>
				<coordinates>-70.70116724160691,-33.14667865382879,704.7948203001877</coordinates>
			</Point>
		</Placemark>
		<Placemark id="029CC75F9539134E8E84">
			<name>LT 02.47</name>
			<LookAt>
				<longitude>-70.70113928602117</longitude>
				<latitude>-33.14807405995188</latitude>
				<altitude>712.041271257958</altitude>
				<heading>12.78005163170833</heading>
				<tilt>4.014250444534206</tilt>
				<range>764.3954653876427</range>
				<altitudeMode>absolute</altitudeMode>
				<gx:fovy>35</gx:fovy>
			</LookAt>
			<styleUrl>#__managed_style_7AC11CEE833D3D1AF1FF</styleUrl>
			<Polygon>
				<outerBoundaryIs>
					<LinearRing>
						<coordinates>
							-70.70169354154096,-33.14846931229501,0 -70.70120334591066,-33.14875170757379,0 -70.70081008297656,-33.14825795708445,0 -70.70130634140344,-33.14798043688536,0 -70.70169354154096,-33.14846931229501,0 
						</coordinates>
					</LinearRing>
				</outerBoundaryIs>
			</Polygon>
		</Placemark>
		<Placemark id="04C596F8E639134EBE2C">
			<name>LT 02.47</name>
			<description><![CDATA[<div><b>Nombre área:</b>&nbsp;Helipista Las Tórtolas<br></div><div><b>Gerencia:&nbsp;</b>Gerencia Infraestructura y Servicios&nbsp;<br></div><div><b>Responsable:</b>&nbsp;Enrique Fernández<br></div>]]></description>
			<LookAt>
				<longitude>-70.70113928602117</longitude>
				<latitude>-33.14807405995188</latitude>
				<altitude>712.041271257958</altitude>
				<heading>12.78005163170833</heading>
				<tilt>4.014250444534206</tilt>
				<range>764.3954653876427</range>
				<altitudeMode>absolute</altitudeMode>
				<gx:fovy>35</gx:fovy>
			</LookAt>
			<styleUrl>#__managed_style_1548BABC183D3D1AF1FF</styleUrl>
			<Point>
				<coordinates>-70.70133946003119,-33.14838408981893,714.4017865821437</coordinates>
			</Point>
		</Placemark>
		<Placemark id="0A26D7BE18391350FC64">
			<name>LT 02.04</name>
			<description><![CDATA[<div><b>Nombre área:</b>&nbsp;Estacionamiento Buses TANDEM<br></div><div><b>Gerencia:&nbsp;</b>Gerencia Infraestructura y Servicios&nbsp;<br></div><div><b>Responsable:</b>&nbsp;Luis Cavieres<br></div>]]></description>
			<LookAt>
				<longitude>-70.69586773166422</longitude>
				<latitude>-33.14692088536304</latitude>
				<altitude>694.3614805060305</altitude>
				<heading>12.77763912282311</heading>
				<tilt>4.013978270419147</tilt>
				<range>331.9745634827268</range>
				<altitudeMode>absolute</altitudeMode>
				<gx:fovy>35</gx:fovy>
			</LookAt>
			<styleUrl>#__managed_style_1548BABC183D3D1AF1FF</styleUrl>
			<Point>
				<coordinates>-70.69589510185961,-33.14673218011031,693.6786466715993</coordinates>
			</Point>
		</Placemark>
		<Placemark id="0449CA5A35391384CFCF">
			<name>LT 02.28</name>
			<LookAt>
				<longitude>-70.70056543670393</longitude>
				<latitude>-33.14362354746101</latitude>
				<altitude>702.3972855400198</altitude>
				<heading>12.57939061958461</heading>
				<tilt>4.014161735959979</tilt>
				<range>623.4590197639045</range>
				<altitudeMode>absolute</altitudeMode>
				<gx:fovy>35</gx:fovy>
			</LookAt>
			<styleUrl>#__managed_style_08C3A00A423D3D1AF1E302</styleUrl>
			<Polygon>
				<outerBoundaryIs>
					<LinearRing>
						<coordinates>
							-70.7010931489754,-33.1446447133587,0 -70.70077939133736,-33.14467815262502,0 -70.70048759722575,-33.14463632757658,0 -70.7002695602972,-33.14459350193734,0 -70.7001436603577,-33.14463992233216,0 -70.70008037622166,-33.14475658622005,0 -70.69997664020975,-33.14480262194941,0 -70.6998061099207,-33.14477945490486,0 -70.69966895224022,-33.14461939447321,0 -70.69975236068026,-33.14446362929334,0 -70.69965135466779,-33.14439296926055,0 -70.69956341344663,-33.14422518566813,0 -70.69942285814896,-33.14389099216817,0 -70.69930329675297,-33.14378946772896,0 -70.69909717593625,-33.14354429172938,0 -70.69907635976783,-33.14344910195499,0 -70.69933338787848,-33.14332778408811,0 -70.69948780969926,-33.14318382744833,0 -70.69963735175347,-33.14308046627197,0 -70.699793636501,-33.14304047834109,0 -70.699885820433,-33.14304996622206,0 -70.70034729742143,-33.14326225140978,0 -70.70035675303451,-33.14341081245747,0 -70.70036301891311,-33.14347200373555,0 -70.70086658752869,-33.1434056635309,0 -70.7011676155166,-33.14315457855611,0 -70.70131020139426,-33.14296950620451,0 -70.70141553170369,-33.14288498401914,0 -70.70154067509726,-33.14281150459386,0 -70.701572752836,-33.14280570463067,0 -70.70172214011811,-33.14355227096549,0 -70.70158153919085,-33.14393104769838,0 -70.7015033962451,-33.14416899891356,0 -70.70123752525248,-33.14453367743757,0 -70.7010931489754,-33.1446447133587,0 
						</coordinates>
					</LinearRing>
				</outerBoundaryIs>
			</Polygon>
		</Placemark>
		<Placemark id="058209A631391384F271">
			<name>LT 02.28</name>
			<description><![CDATA[<div><b>Nombre área:</b>&nbsp;Tranquecito<br></div><div><b>Gerencia:&nbsp;</b>Gerencia Planta<br></div><div><b>Responsable:</b>&nbsp;Rodrigo González<br></div>]]></description>
			<LookAt>
				<longitude>-70.70056543670393</longitude>
				<latitude>-33.14362354746101</latitude>
				<altitude>702.3972855400198</altitude>
				<heading>12.57939061958461</heading>
				<tilt>4.014161735959979</tilt>
				<range>623.4590197639045</range>
				<altitudeMode>absolute</altitudeMode>
				<gx:fovy>35</gx:fovy>
			</LookAt>
			<styleUrl>#__managed_style_04AF00A56E3D3D1AF204</styleUrl>
			<Point>
				<coordinates>-70.70070013466716,-33.1438364611444,703.2254041794611</coordinates>
			</Point>
		</Placemark>
		<Placemark id="0EDD9C7BB739138A63B8">
			<name>LT 02.30</name>
			<LookAt>
				<longitude>-70.70046208223776</longitude>
				<latitude>-33.14186224721545</latitude>
				<altitude>715.5477834886326</altitude>
				<heading>12.57888302372164</heading>
				<tilt>4.014268421242393</tilt>
				<range>792.9583336034557</range>
				<altitudeMode>absolute</altitudeMode>
				<gx:fovy>35</gx:fovy>
			</LookAt>
			<styleUrl>#__managed_style_17E523489C3D3D1AF1F1</styleUrl>
			<Polygon>
				<outerBoundaryIs>
					<LinearRing>
						<coordinates>
							-70.6999183059344,-33.14192696518902,0 -70.700211766526,-33.14287274520095,0 -70.70006310278191,-33.14311481696351,0 -70.69974335971092,-33.14303098569273,0 -70.69965253627134,-33.1429251592694,0 -70.69900733776029,-33.14277766890469,0 -70.69850822849547,-33.14231581309505,0 -70.69833180002804,-33.14192003687776,0 -70.69816421499176,-33.1418304323605,0 -70.69804143180875,-33.14163519205094,0 -70.6990653187797,-33.14143522000361,0 -70.69915664859238,-33.14174950345633,0 -70.69941480664795,-33.14174614759055,0 -70.69950241186937,-33.14181046491888,0 -70.6999183059344,-33.14192696518902,0 
						</coordinates>
					</LinearRing>
				</outerBoundaryIs>
			</Polygon>
		</Placemark>
		<Placemark id="0B0A403FF439138A9BA4">
			<name>LT 02.30</name>
			<description><![CDATA[<div><b>Nombre área:</b>&nbsp;Instalaciones Testigoteca LT<br></div><div><b>Gerencia:&nbsp;</b>Gerencia Técnica<br></div><div><b>Responsable:</b>&nbsp;Pablo Cabello<br></div>]]></description>
			<LookAt>
				<longitude>-70.70046208223776</longitude>
				<latitude>-33.14186224721545</latitude>
				<altitude>715.5477834886326</altitude>
				<heading>12.57888302372164</heading>
				<tilt>4.014268421242393</tilt>
				<range>792.9583336034557</range>
				<altitudeMode>absolute</altitudeMode>
				<gx:fovy>35</gx:fovy>
			</LookAt>
			<styleUrl>#__managed_style_379D109A4C3D3D1AF203</styleUrl>
			<Point>
				<coordinates>-70.69927970735475,-33.14222758297464,710.0659375172671</coordinates>
			</Point>
		</Placemark>
		<Placemark id="02B11DA8F139138BBAE0">
			<name>LT 02.39</name>
			<LookAt>
				<longitude>-70.69948847311001</longitude>
				<latitude>-33.14212474558143</latitude>
				<altitude>710.6614714751098</altitude>
				<heading>12.5783507595103</heading>
				<tilt>4.014271504750604</tilt>
				<range>797.8567801625468</range>
				<altitudeMode>absolute</altitudeMode>
				<gx:fovy>35</gx:fovy>
			</LookAt>
			<styleUrl>#__managed_style_4A151F7A6F3D3D1AF1FC</styleUrl>
			<Polygon>
				<outerBoundaryIs>
					<LinearRing>
						<coordinates>
							-70.6981882548214,-33.14159429757076,0 -70.69795137126519,-33.14098721441461,0 -70.69853417856957,-33.14089235174341,0 -70.69866989064697,-33.14145788377938,0 -70.6981882548214,-33.14159429757076,0 
						</coordinates>
					</LinearRing>
				</outerBoundaryIs>
			</Polygon>
		</Placemark>
		<Placemark id="07DE7E5C8E39138BEE40">
			<name>LT 02.39</name>
			<description><![CDATA[<div><b>Nombre área:</b>&nbsp;Patio valorización Res Indus No Peligrosos LT<br></div><div><b>Gerencia:&nbsp;</b>Gerencia SHE<br></div><div><b>Responsable:</b>&nbsp;Claudio Camacho<br></div>]]></description>
			<LookAt>
				<longitude>-70.69948847311001</longitude>
				<latitude>-33.14212474558143</latitude>
				<altitude>710.6614714751098</altitude>
				<heading>12.5783507595103</heading>
				<tilt>4.014271504750604</tilt>
				<range>797.8567801625468</range>
				<altitudeMode>absolute</altitudeMode>
				<gx:fovy>35</gx:fovy>
			</LookAt>
			<styleUrl>#__managed_style_13ED5A130E3D3D1AF1FC</styleUrl>
			<Point>
				<coordinates>-70.69836858266569,-33.14127523626983,710.3003002435594</coordinates>
			</Point>
		</Placemark>
		<Placemark id="0A582EBF59391394E684">
			<name>LT 02.27</name>
			<LookAt>
				<longitude>-70.69948847311001</longitude>
				<latitude>-33.14212474558143</latitude>
				<altitude>710.6614714751098</altitude>
				<heading>12.5783507595103</heading>
				<tilt>4.014271504750604</tilt>
				<range>797.8567801625468</range>
				<altitudeMode>absolute</altitudeMode>
				<gx:fovy>35</gx:fovy>
			</LookAt>
			<styleUrl>#__managed_style_7AC11CEE833D3D1AF1FF</styleUrl>
			<Polygon>
				<outerBoundaryIs>
					<LinearRing>
						<coordinates>
							-70.69803048933329,-33.14162716150588,0 -70.6977400492305,-33.14090171670345,0 -70.69936827348261,-33.14050057097039,0 -70.69976118687421,-33.14143117387104,0 -70.69956251038143,-33.14184607984403,0 -70.69947658185275,-33.14181815813027,0 -70.69942846843135,-33.14176854410886,0 -70.6991459251181,-33.14175789552792,0 -70.69908008788094,-33.14143097444605,0 -70.69803048933329,-33.14162716150588,0 
						</coordinates>
					</LinearRing>
				</outerBoundaryIs>
			</Polygon>
		</Placemark>
		<Placemark id="0A61C893F13913952B54">
			<name>LT 02.27</name>
			<description><![CDATA[<div><b>Nombre área:</b>&nbsp;Patio Residuos Las Tórtolas<br></div><div><b>Gerencia:&nbsp;</b>Gerencia Infraestructura y Servicios&nbsp;<br></div><div><b>Responsable:</b>&nbsp;Karin Flores<br></div>]]></description>
			<LookAt>
				<longitude>-70.69948847311001</longitude>
				<latitude>-33.14212474558143</latitude>
				<altitude>710.6614714751098</altitude>
				<heading>12.5783507595103</heading>
				<tilt>4.014271504750604</tilt>
				<range>797.8567801625468</range>
				<altitudeMode>absolute</altitudeMode>
				<gx:fovy>35</gx:fovy>
			</LookAt>
			<styleUrl>#__managed_style_1548BABC183D3D1AF1FF</styleUrl>
			<Point>
				<coordinates>-70.6990306786962,-33.14111523417594,712.6478005450135</coordinates>
			</Point>
		</Placemark>
		<Placemark id="07E8D4F5A0391398ADC3">
			<name>LT 02.29</name>
			<LookAt>
				<longitude>-70.70092246394043</longitude>
				<latitude>-33.14239788559193</latitude>
				<altitude>714.4027821154905</altitude>
				<heading>12.57891218732276</heading>
				<tilt>4.014154257322171</tilt>
				<range>611.5788776600676</range>
				<altitudeMode>absolute</altitudeMode>
				<gx:fovy>35</gx:fovy>
			</LookAt>
			<styleUrl>#__managed_style_08C3A00A423D3D1AF1E302</styleUrl>
			<Polygon>
				<outerBoundaryIs>
					<LinearRing>
						<coordinates>
							-70.69991476807157,-33.14192537720313,0 -70.69999187952716,-33.141945756806,0 -70.70125029784049,-33.14165948703951,0 -70.70149661426929,-33.14219371858562,0 -70.70157090749321,-33.14280235403169,0 -70.70138168102832,-33.14290484841247,0 -70.70127223439044,-33.14302035948667,0 -70.70118674554874,-33.14315106638329,0 -70.70087224525638,-33.14339348008873,0 -70.70035148290141,-33.14347197081259,0 -70.7003404508677,-33.14326302237839,0 -70.70005210500254,-33.14313500408984,0 -70.70020659485047,-33.14287573695618,0 -70.69988083791097,-33.14192577933835,0 -70.69991476807157,-33.14192537720313,0 
						</coordinates>
					</LinearRing>
				</outerBoundaryIs>
			</Polygon>
		</Placemark>
		<Placemark id="05FF2EBA79391398DEA8">
			<name>LT 02.29</name>
			<description><![CDATA[<div><b>Nombre área:</b>&nbsp;Sector Acopio Moli<br></div><div><b>Gerencia:&nbsp;</b>Gerencia Planta<br></div><div><b>Responsable:</b>&nbsp;Freddy Álvarez<br></div>]]></description>
			<LookAt>
				<longitude>-70.70092246394043</longitude>
				<latitude>-33.14239788559193</latitude>
				<altitude>714.4027821154905</altitude>
				<heading>12.57891218732276</heading>
				<tilt>4.014154257322171</tilt>
				<range>611.5788776600676</range>
				<altitudeMode>absolute</altitudeMode>
				<gx:fovy>35</gx:fovy>
			</LookAt>
			<styleUrl>#__managed_style_04AF00A56E3D3D1AF204</styleUrl>
			<Point>
				<coordinates>-70.70080729401587,-33.14247937226629,713.965384775989</coordinates>
			</Point>
		</Placemark>
		<Placemark id="06F9C8EA323913AB1F66">
			<name>LT 02.31</name>
			<LookAt>
				<longitude>-70.70192184634924</longitude>
				<latitude>-33.14283345972896</latitude>
				<altitude>713.0353725787379</altitude>
				<heading>12.57910235705551</heading>
				<tilt>4.014147126134701</tilt>
				<range>600.2489254098327</range>
				<altitudeMode>absolute</altitudeMode>
				<gx:fovy>35</gx:fovy>
			</LookAt>
			<styleUrl>#__managed_style_7AC11CEE833D3D1AF1FF</styleUrl>
			<Polygon>
				<outerBoundaryIs>
					<LinearRing>
						<coordinates>
							-70.70158091149094,-33.14222298956216,0 -70.70160380803304,-33.14203649198759,0 -70.70247919014312,-33.14179948994233,0 -70.7026361058586,-33.14202304420438,0 -70.70290088030337,-33.14267195995264,0 -70.70302293484605,-33.14271590430011,0 -70.70303444005496,-33.14276245986458,0 -70.70297934788374,-33.14280194047736,0 -70.70287731180376,-33.14280091343262,0 -70.70172445913884,-33.14309040487238,0 -70.70158091149094,-33.14222298956216,0 
						</coordinates>
					</LinearRing>
				</outerBoundaryIs>
			</Polygon>
		</Placemark>
		<Placemark id="0BC7B65A043913AB4F73">
			<name>LT 02.31</name>
			<description><![CDATA[<div><b>Nombre área:</b>&nbsp;Subestación Colbún<br></div><div><b>Gerencia:&nbsp;</b>Gerencia Infraestructura y Servicios&nbsp;<br></div><div><b>Responsable:</b>&nbsp;Ariel Cáceres<br></div>]]></description>
			<LookAt>
				<longitude>-70.70192184634924</longitude>
				<latitude>-33.14283345972896</latitude>
				<altitude>713.0353725787379</altitude>
				<heading>12.57910235705551</heading>
				<tilt>4.014147126134701</tilt>
				<range>600.2489254098327</range>
				<altitudeMode>absolute</altitudeMode>
				<gx:fovy>35</gx:fovy>
			</LookAt>
			<styleUrl>#__managed_style_1548BABC183D3D1AF1FF</styleUrl>
			<Point>
				<coordinates>-70.70226880528762,-33.1425331809055,713.4427568028923</coordinates>
			</Point>
		</Placemark>
		<Placemark id="0FD47EC4F03913AE83AF">
			<name>Polígono sin título</name>
			<LookAt>
				<longitude>-70.70248645578822</longitude>
				<latitude>-33.14432612666062</latitude>
				<altitude>712.1070975923545</altitude>
				<heading>12.58060844757232</heading>
				<tilt>4.014148027512293</tilt>
				<range>601.6820890886448</range>
				<altitudeMode>absolute</altitudeMode>
				<gx:fovy>35</gx:fovy>
			</LookAt>
			<styleUrl>#__managed_style_08C3A00A423D3D1AF1E302</styleUrl>
			<Polygon>
				<outerBoundaryIs>
					<LinearRing>
						<coordinates>
							-70.70187725301091,-33.14389899960156,0 -70.70228867881848,-33.143848001546,0 -70.7024530989098,-33.14387014791103,0 -70.70258072031582,-33.14399034078792,0 -70.70264048042067,-33.14416926268687,0 -70.70302664403151,-33.1464165601965,0 -70.70314443803863,-33.14662824927029,0 -70.70342117390678,-33.14676421744549,0 -70.70470019257274,-33.14731551590025,0 -70.70494718014454,-33.14732428964083,0 -70.70509291615221,-33.14727155485839,0 -70.7052125148887,-33.14707597697673,0 -70.70576525680728,-33.14569587349844,0 -70.70577566094107,-33.14465908807816,0 -70.70529901149679,-33.14428044050207,0 -70.70507535215145,-33.14332034795778,0 -70.7050229418048,-33.14299747998545,0 -70.70511003879587,-33.14283925777482,0 -70.70529929328224,-33.1427901957038,0 -70.7055572889942,-33.14273504732166,0 -70.70567035444897,-33.14267483095426,0 -70.70561313778848,-33.14233935553241,0 -70.70564630835982,-33.14201292955295,0 -70.70569927253624,-33.14163109716889,0 -70.70569172050457,-33.14134832728141,0 -70.70565414678703,-33.14119762790563,0 -70.70572012059361,-33.141127387165,0 -70.70582063040321,-33.14123099505337,0 -70.70578782226036,-33.14129049744699,0 -70.7057743686922,-33.14190333568411,0 -70.70571390902678,-33.14253166749943,0 -70.70572879219563,-33.14271456292899,0 -70.70564672896529,-33.14284260721556,0 -70.70548382165653,-33.14289828124103,0 -70.70533064731026,-33.14288913122037,0 -70.7051825654034,-33.14291179838242,0 -70.70511730384531,-33.14303011939295,0 -70.70513378859354,-33.14323908500489,0 -70.70532140161707,-33.14408995656954,0 -70.70538862130124,-33.14423016032011,0 -70.70557045785776,-33.14436820179397,0 -70.70568019406448,-33.1444147773863,0 -70.70585211948527,-33.14446739207607,0 -70.70589712765459,-33.14504181066579,0 -70.70588808948317,-33.14564025541363,0 -70.70568870795614,-33.14623669826553,0 -70.7052942695035,-33.14715477310209,0 -70.70521326898546,-33.14735501162353,0 -70.70506385373534,-33.14742550254932,0 -70.70491560055862,-33.14745680012568,0 -70.70473817008801,-33.14743082818696,0 -70.7044399386222,-33.14732124826686,0 -70.70320356661649,-33.14679955105682,0 -70.70305030163972,-33.1467028930187,0 -70.70294740240141,-33.14648101159433,0 -70.702698114922,-33.14512423384407,0 -70.70255561578782,-33.14421611824708,0 -70.70249556787742,-33.14403936673695,0 -70.70232193295877,-33.14396860387225,0 -70.70205069950569,-33.14399446981421,0 -70.70189843754122,-33.14402369683682,0 -70.70187725301091,-33.14389899960156,0 
						</coordinates>
					</LinearRing>
				</outerBoundaryIs>
			</Polygon>
		</Placemark>
		<Placemark id="04409EA33B3913C2401E">
			<name>Polígono sin título</name>
			<LookAt>
				<longitude>-70.70579991635574</longitude>
				<latitude>-33.14749091055236</latitude>
				<altitude>752.3779804068564</altitude>
				<heading>25.56873921064442</heading>
				<tilt>0.193358527828134</tilt>
				<range>781.9924550839642</range>
				<altitudeMode>absolute</altitudeMode>
				<gx:fovy>35</gx:fovy>
			</LookAt>
			<styleUrl>#__managed_style_08C3A00A423D3D1AF1E302</styleUrl>
			<Polygon>
				<outerBoundaryIs>
					<LinearRing>
						<coordinates>
							-70.7047669024037,-33.14744536865103,0 -70.70529425077572,-33.14816140403391,0 -70.70554397538386,-33.14828146507258,0 -70.70618826616101,-33.14842649365152,0 -70.70731541388055,-33.14911347901831,0 -70.70748733826348,-33.14907370135494,0 -70.70757447497432,-33.14899136902408,0 -70.70758596184764,-33.14889852655917,0 -70.70693295607472,-33.14819664343111,0 -70.70682034738896,-33.14787093509568,0 -70.70656594772504,-33.14667768920616,0 -70.70655730382981,-33.14631865406329,0 -70.70682642976649,-33.14584959653354,0 -70.70691359647965,-33.14570035882449,0 -70.70711589824829,-33.14571040835586,0 -70.70726393966936,-33.1458356827302,0 -70.70744632546941,-33.14591306959578,0 -70.70753019541911,-33.14608576552433,0 -70.70762103820776,-33.14644339006448,0 -70.70774329486396,-33.14685668910356,0 -70.70798253955184,-33.14711778916969,0 -70.70803535914624,-33.14726085868556,0 -70.70821348888488,-33.1475403623892,0 -70.70912517696465,-33.14792100683933,0 -70.70928976704103,-33.1479950261814,0 -70.70939548434922,-33.14817147140394,0 -70.70939699694526,-33.14848140853756,0 -70.70947036075606,-33.14862836469597,0 -70.70957985171124,-33.14879766517426,0 -70.71003557666532,-33.14889499407158,0 -70.71027601657639,-33.14907580470223,0 -70.71030957404038,-33.14932440237113,0 -70.71032312337535,-33.14961970040721,0 -70.71052854695127,-33.14981456299433,0 -70.71094609680348,-33.1500361211766,0 -70.71100088003736,-33.15022843772979,0 -70.71095676683886,-33.15046204378681,0 -70.7107757595935,-33.15066239736461,0 -70.71068618984741,-33.15083908308573,0 -70.71083598927802,-33.15125188355234,0 -70.71097654137553,-33.15174401509248,0 -70.71116809517966,-33.15202720426974,0 -70.71145362329015,-33.15210199227943,0 -70.71173618022723,-33.15205690220745,0 -70.7122379605642,-33.15186187011253,0 -70.7127860885209,-33.15184900303665,0 -70.71282437070388,-33.15190240136893,0 -70.71243901326926,-33.15197833138006,0 -70.711906253113,-33.15215958232001,0 -70.71154502813943,-33.15227407291236,0 -70.71108234412067,-33.15215732691685,0 -70.71079587717989,-33.15188746692617,0 -70.71058807590451,-33.15111176594316,0 -70.71053793625347,-33.15082079093008,0 -70.71083478421453,-33.15041788778147,0 -70.71086078369842,-33.1501152748154,0 -70.71071350123678,-33.14998909390044,0 -70.71028686419992,-33.14973007494378,0 -70.71011741369085,-33.14947209356958,0 -70.71018189757601,-33.14919898211821,0 -70.71003647899985,-33.14899121589945,0 -70.70965055333681,-33.14892590851509,0 -70.70940986033592,-33.1488084750433,0 -70.70929737715754,-33.14856733106151,0 -70.70928064126181,-33.14824391133811,0 -70.70920575313338,-33.14805943344472,0 -70.70902245256579,-33.14794138045782,0 -70.70852433009108,-33.14778648986848,0 -70.70814538714767,-33.14764004158661,0 -70.70788250567442,-33.14721078339971,0 -70.70764834893285,-33.14692805001904,0 -70.70754559696637,-33.14656858775486,0 -70.7074281045208,-33.14610801345086,0 -70.7073620069793,-33.14598823210387,0 -70.70714934824547,-33.14592201528561,0 -70.70702214618731,-33.14591576276379,0 -70.70678754995373,-33.14610344224397,0 -70.70670311137582,-33.14640933472659,0 -70.70670211599587,-33.14685563583545,0 -70.70684705672043,-33.14745072014875,0 -70.70698028683287,-33.14806719396054,0 -70.70739108233951,-33.14854109512806,0 -70.70769219247109,-33.1488685259101,0 -70.70763563339557,-33.14906790590391,0 -70.70751310161492,-33.149185438779,0 -70.70730044728583,-33.14921072436064,0 -70.70698912707346,-33.14907558723199,0 -70.70623050647679,-33.14858097214426,0 -70.70532532521165,-33.14833289665519,0 -70.7049939388322,-33.1480407002656,0 -70.70456075572432,-33.14736028841168,0 -70.7047669024037,-33.14744536865103,0 
						</coordinates>
					</LinearRing>
				</outerBoundaryIs>
			</Polygon>
		</Placemark>
		<Placemark id="0AE14AE1223913F02200">
			<name>Polígono sin título</name>
			<LookAt>
				<longitude>-70.70991341477453</longitude>
				<latitude>-33.14986385741803</latitude>
				<altitude>780.064880734725</altitude>
				<heading>3.180192032802423</heading>
				<tilt>0.7316212688296029</tilt>
				<range>790.1899084255274</range>
				<altitudeMode>absolute</altitudeMode>
				<gx:fovy>35</gx:fovy>
			</LookAt>
			<styleUrl>#__managed_style_45C573F8AD3D3D1AF1FF</styleUrl>
			<Polygon>
				<outerBoundaryIs>
					<LinearRing>
						<coordinates>
							-70.70767295956212,-33.1489897203938,0 -70.70781425330063,-33.14901957305365,0 -70.70805116877543,-33.14898986865323,0 -70.70810885648869,-33.14909376536109,0 -70.70812786642004,-33.14918605377918,0 -70.70845104207896,-33.14927505716171,0 -70.70862749282955,-33.14935743301799,0 -70.70871984565758,-33.14963106346955,0 -70.70868301911516,-33.15005581736343,0 -70.70867592195292,-33.15025291787621,0 -70.70844933620845,-33.15045114564798,0 -70.70796889005211,-33.15054525405344,0 -70.7074421172948,-33.15042185737582,0 -70.70696402731066,-33.15021486812077,0 -70.70677966080081,-33.15002842081778,0 -70.70682613391392,-33.14971873618185,0 -70.70692866300207,-33.1493334403003,0 -70.70700635479592,-33.14929809247639,0 -70.7073361217509,-33.14930865326891,0 -70.7073013509936,-33.1491999986681,0 -70.70749564809979,-33.14918111835891,0 -70.70767295956212,-33.1489897203938,0 
						</coordinates>
					</LinearRing>
				</outerBoundaryIs>
			</Polygon>
		</Placemark>
		<Placemark id="0AFB5C7ACB39145767CB">
			<name>.</name>
			<LookAt>
				<longitude>-70.70736961852076</longitude>
				<latitude>-33.14055601409218</latitude>
				<altitude>782.7532832505509</altitude>
				<heading>354.0026887785805</heading>
				<tilt>0</tilt>
				<range>2044.20919355558</range>
				<altitudeMode>absolute</altitudeMode>
				<gx:fovy>35</gx:fovy>
			</LookAt>
			<styleUrl>#__managed_style_08C3A00A423D3D1AF1E302</styleUrl>
			<Polygon>
				<outerBoundaryIs>
					<LinearRing>
						<coordinates>
							-70.70345244799611,-33.14005943644278,0 -70.70360110438281,-33.14004511558166,0 -70.70399922081835,-33.14029001117942,0 -70.70441498554251,-33.1405071437628,0 -70.70492588139821,-33.14076883880813,0 -70.70533355305481,-33.14103625722591,0 -70.70558555744603,-33.14115335000527,0 -70.70570621497171,-33.1411189695262,0 -70.70587641197798,-33.14090963727152,0 -70.70591711271271,-33.14080838045926,0 -70.70603486613017,-33.14063603519544,0 -70.70615673719972,-33.14040522030701,0 -70.7061455911188,-33.14022630331927,0 -70.70607275011145,-33.14001443413785,0 -70.7062522744659,-33.1400221675075,0 -70.70627480715322,-33.14030416631377,0 -70.7062892627094,-33.14045472737874,0 -70.70598862651552,-33.14084463434777,0 -70.70647495419803,-33.14048414284486,0 -70.70749543233956,-33.13970986411326,0 -70.70788712550595,-33.13956001320168,0 -70.70794442879505,-33.13942548955788,0 -70.70812628504018,-33.13933562322523,0 -70.70834436376165,-33.13924550352802,0 -70.70848407809045,-33.13917906189094,0 -70.7086751986667,-33.13905258451865,0 -70.70867306190257,-33.13883013693481,0 -70.70854479048259,-33.13871317437373,0 -70.70798757506064,-33.13853141779612,0 -70.70708488106987,-33.13828791042514,0 -70.70687261016764,-33.13816617613266,0 -70.70682460128948,-33.1379720106947,0 -70.70699382747041,-33.13770925757627,0 -70.70728921691398,-33.13738058287746,0 -70.70770162925241,-33.13713757435067,0 -70.70811102669288,-33.13694606187218,0 -70.70809510630993,-33.13707357134297,0 -70.70793752971741,-33.13717067770918,0 -70.70746886109303,-33.13732748311715,0 -70.70725209969079,-33.13757474087999,0 -70.70711270775574,-33.13773369905986,0 -70.7070341565192,-33.13796737965137,0 -70.70710664980766,-33.13816802791695,0 -70.70784376184076,-33.13839459498835,0 -70.70833860352793,-33.13852688929937,0 -70.70864417621502,-33.13866134443263,0 -70.70887478712501,-33.13880451171376,0 -70.70904559333279,-33.13877481936812,0 -70.70911515598362,-33.13857915802193,0 -70.70893246156531,-33.13841313285684,0 -70.70874379337363,-33.13826177249258,0 -70.70857598825592,-33.13800999288038,0 -70.7086521476953,-33.13773479852809,0 -70.70890794306293,-33.137611910463,0 -70.70943499608376,-33.13767956407378,0 -70.70990396884019,-33.13781491836707,0 -70.71010242652697,-33.13781298704964,0 -70.71019147427783,-33.13762563652424,0 -70.71020805756244,-33.1372304044372,0 -70.71019553414079,-33.13683868234525,0 -70.71026066267795,-33.13606668121194,0 -70.71025914540586,-33.13580153116973,0 -70.70975910660201,-33.13548919240565,0 -70.70975759273594,-33.13538293859649,0 -70.7098576858008,-33.13518419463726,0 -70.7101163688761,-33.1350616811913,0 -70.71068142510859,-33.13515537607512,0 -70.71095281717218,-33.13496921292978,0 -70.71092370945485,-33.13441856898457,0 -70.71075840503831,-33.13394878086065,0 -70.71094580791681,-33.13392069515843,0 -70.71101998758463,-33.13410176077702,0 -70.71109504254542,-33.13473897955221,0 -70.71106928199636,-33.13513176451591,0 -70.71079175819769,-33.13520034611778,0 -70.71033815215519,-33.1352385064125,0 -70.71015562600331,-33.13514302115304,0 -70.71005329171568,-33.13519110412977,0 -70.70988766148159,-33.13531258297913,0 -70.70991482744434,-33.13546927874061,0 -70.71033808411995,-33.13571035689311,0 -70.71048271198308,-33.13609347087271,0 -70.71033031324968,-33.1367949888647,0 -70.71032945803353,-33.13753449543147,0 -70.71034536996181,-33.13767099831698,0 -70.71031689892833,-33.13780087812574,0 -70.71022606991821,-33.13792157773796,0 -70.71066030827846,-33.13797581752133,0 -70.71106562038972,-33.13807641995868,0 -70.71153769228208,-33.13819301597577,0 -70.71216171425101,-33.13824113354692,0 -70.71301341944827,-33.13815100619577,0 -70.71356951109041,-33.13803160129854,0 -70.71417804787583,-33.13765501496186,0 -70.71441072000221,-33.13763918278759,0 -70.71451981746287,-33.13772952512608,0 -70.7145809925543,-33.1378385547081,0 -70.71457555766891,-33.13807572292412,0 -70.71444191162439,-33.13827580046426,0 -70.71420235546641,-33.13832270615257,0 -70.71399949360504,-33.13842919854823,0 -70.71384863613039,-33.13861367643686,0 -70.71368909603865,-33.1387602265892,0 -70.71353584309578,-33.13881982198687,0 -70.71257456849273,-33.13902471266368,0 -70.71233849668749,-33.13908480945062,0 -70.71221049831998,-33.13922262988481,0 -70.71202836684917,-33.13941462002939,0 -70.71194296653617,-33.13959082747373,0 -70.71199259577321,-33.13978742584611,0 -70.71213327712302,-33.14003386630431,0 -70.71213050212558,-33.14013455241289,0 -70.71202792562197,-33.14022215845193,0 -70.71145454621342,-33.14029378672274,0 -70.71118500819934,-33.14044339458826,0 -70.71091826900566,-33.14073327953849,0 -70.71081039009907,-33.14087953508861,0 -70.71077038467772,-33.14078195453063,0 -70.71119712172974,-33.14027956294836,0 -70.71151137740118,-33.140213314104,0 -70.71195362437676,-33.14013294754692,0 -70.71200474679836,-33.14002806551495,0 -70.71182148321186,-33.13966317133494,0 -70.71188514675889,-33.13940440083267,0 -70.71233578274365,-33.13899719650412,0 -70.71327577444882,-33.13878444435334,0 -70.71360112815597,-33.13871794930666,0 -70.7137641713588,-33.13858240629127,0 -70.7139749999194,-33.13831307430479,0 -70.71405098014145,-33.13828340052397,0 -70.71432229087129,-33.13820147772906,0 -70.71445115906937,-33.13804991592595,0 -70.71444478737264,-33.13788040500557,0 -70.71437405163127,-33.13774207493162,0 -70.71423259508572,-33.13773482991888,0 -70.71400861399643,-33.13787627656055,0 -70.71375817539558,-33.13807538474356,0 -70.71349826682143,-33.138169433455,0 -70.71306826772658,-33.13821789114976,0 -70.71230117624827,-33.13829817479327,0 -70.71174739715197,-33.13830424513068,0 -70.71120212924362,-33.13819999349103,0 -70.71065195075671,-33.13808783458616,0 -70.71056637279271,-33.1382889694661,0 -70.71041680668648,-33.13874238272757,0 -70.71041506715771,-33.13907515342061,0 -70.71043892299735,-33.1396883583445,0 -70.71036412154525,-33.14010724305162,0 -70.70995177344042,-33.14084917742225,0 -70.7098167312971,-33.14083345935106,0 -70.7099713426453,-33.14057682156974,0 -70.71029797662895,-33.14005544583706,0 -70.71033709646269,-33.13976342932176,0 -70.71033327113044,-33.13909261503895,0 -70.7103584211202,-33.13857260784489,0 -70.71047595043053,-33.1381822408656,0 -70.71049959422777,-33.13809590497291,0 -70.71037372811354,-33.13807223928962,0 -70.71030252378894,-33.13813901831013,0 -70.7102401423692,-33.13835378579272,0 -70.71004181005048,-33.13903510689273,0 -70.70986474061894,-33.1395930948884,0 -70.70979972507712,-33.13972837342606,0 -70.70972159508908,-33.13969398199805,0 -70.7098527459994,-33.13936636923476,0 -70.70996309512869,-33.1390686852893,0 -70.71008788269795,-33.13859316548842,0 -70.71013260844957,-33.13828011392494,0 -70.7100929899981,-33.13825011443645,0 -70.70993051809042,-33.13829772290699,0 -70.70986362622847,-33.13838001042102,0 -70.70982811355823,-33.13862560101902,0 -70.70976105984741,-33.13896125548285,0 -70.70966719223463,-33.13921306194157,0 -70.70959982458152,-33.13931253756149,0 -70.70934617299159,-33.1395189422137,0 -70.70901855280692,-33.13993358093806,0 -70.70837863572727,-33.14069456150565,0 -70.70833740731142,-33.14112115833044,0 -70.70832855263362,-33.14189886399213,0 -70.70827070926798,-33.14226329373579,0 -70.70818573261144,-33.14305990763894,0 -70.70814692375873,-33.14341808947972,0 -70.70807873043152,-33.14357180785193,0 -70.70807148120169,-33.14374962922165,0 -70.70822798242216,-33.14407295884395,0 -70.70844128376795,-33.14419483499201,0 -70.70856436905018,-33.14435000596396,0 -70.70851743373925,-33.1445795732844,0 -70.70828655839982,-33.14484349759288,0 -70.70827404347496,-33.1450423162945,0 -70.70829097824418,-33.14529287461633,0 -70.70839077253049,-33.14548766960403,0 -70.70856635050791,-33.14568608463207,0 -70.70894360016514,-33.14613184102555,0 -70.70927223599969,-33.14644609734628,0 -70.70978300680089,-33.1466269442885,0 -70.71025071628034,-33.14698612751489,0 -70.71054622498022,-33.1473106295534,0 -70.71090722019598,-33.14775903847338,0 -70.71142754171446,-33.14825135014773,0 -70.71199003010474,-33.14860462681904,0 -70.71251261172151,-33.14874561136786,0 -70.7129777387525,-33.14870926844047,0 -70.71352718611774,-33.14860566581745,0 -70.71409900314333,-33.14854841708193,0 -70.71445498580005,-33.14862794104974,0 -70.71507911940964,-33.14875141156301,0 -70.715190741908,-33.14884550773449,0 -70.71522320484181,-33.14903246159902,0 -70.7150315706197,-33.14912760887108,0 -70.71477440471543,-33.14920101613777,0 -70.71428753258101,-33.14903510886919,0 -70.71397829197905,-33.14897914140492,0 -70.71387405710414,-33.14901731015087,0 -70.71386824631584,-33.14916548447636,0 -70.71395416927155,-33.14966965631864,0 -70.71424382740747,-33.15051491778393,0 -70.71433502667766,-33.15074071378659,0 -70.71434211436431,-33.15095029814695,0 -70.71378140580619,-33.15135543972196,0 -70.71367837641435,-33.15141849862543,0 -70.71352971537037,-33.15132010565164,0 -70.71318929755566,-33.1514629530625,0 -70.71311123356092,-33.1513827826931,0 -70.71324479008911,-33.15131085877994,0 -70.71354976079229,-33.15118545020412,0 -70.71361790881595,-33.15123612461947,0 -70.71369210742644,-33.15133205888294,0 -70.71413040521382,-33.15099854275648,0 -70.71425525302455,-33.15092151928091,0 -70.71424670173096,-33.15073119655126,0 -70.71412377758715,-33.15041661696774,0 -70.71388689328423,-33.14975305008207,0 -70.71380599594391,-33.14927851307533,0 -70.71372848218309,-33.14902034071186,0 -70.71383056009175,-33.14885796080048,0 -70.71398504535898,-33.14883861038832,0 -70.71426792760603,-33.14891255721274,0 -70.71481022920996,-33.14904503763049,0 -70.71492475581704,-33.1490066425407,0 -70.71491944551865,-33.14889794945263,0 -70.71433593022307,-33.14872978094393,0 -70.71406881121521,-33.14865823687391,0 -70.71378368980839,-33.14866466502607,0 -70.71324571932969,-33.14877433598766,0 -70.71275021472854,-33.14882242273685,0 -70.7122082121345,-33.14878131838567,0 -70.71195679044213,-33.14869243248145,0 -70.71154096674046,-33.14847747522708,0 -70.71118807908128,-33.14815635404819,0 -70.71068654457061,-33.14768567721917,0 -70.71037091859209,-33.14734274988257,0 -70.71014118020372,-33.14706362022787,0 -70.70983297137288,-33.14679883378331,0 -70.70958096719814,-33.14663229027029,0 -70.70923829364646,-33.14649103197517,0 -70.70899606090059,-33.1463048539085,0 -70.70889783543927,-33.14619645863633,0 -70.70862636586044,-33.1459473413256,0 -70.70836871545971,-33.14560172576596,0 -70.7083621820221,-33.14573560901383,0 -70.7084522822134,-33.14638502751684,0 -70.70840137599262,-33.14703973999901,0 -70.70828665866598,-33.14718573341641,0 -70.70804583106549,-33.14726996350883,0 -70.7079735663746,-33.14711867777098,0 -70.70800175796693,-33.14711869012449,0 -70.70812724025886,-33.14711250477597,0 -70.7082305399782,-33.14709186993822,0 -70.70828344652675,-33.14698345703131,0 -70.7083143160678,-33.14673508495022,0 -70.70833887871497,-33.14653756276539,0 -70.70830758445268,-33.14608756101659,0 -70.70822773034902,-33.14566557969707,0 -70.70816989887439,-33.14522950539752,0 -70.70812737541658,-33.14488437767981,0 -70.70821257543803,-33.14471642794305,0 -70.7083496581123,-33.14459887106417,0 -70.70845339282096,-33.14443264790297,0 -70.70836829031013,-33.14429043157369,0 -70.70814582639586,-33.14415929357978,0 -70.70801204461621,-33.143978024517,0 -70.70795428380309,-33.14379703410805,0 -70.70796634142694,-33.14356514391748,0 -70.70802505488243,-33.14333624402114,0 -70.708021985762,-33.14316327875137,0 -70.70807309884722,-33.14285359753232,0 -70.7082188414681,-33.14215136886398,0 -70.70821285401121,-33.14186870202609,0 -70.70819096954749,-33.14144074421635,0 -70.70823321394177,-33.14126684237658,0 -70.70828757881334,-33.14111243339834,0 -70.70829786311202,-33.14073844423328,0 -70.7082176347908,-33.14083894362183,0 -70.70785984007389,-33.14154488910908,0 -70.70780940606676,-33.14167789093386,0 -70.70770589949795,-33.14171528812717,0 -70.70766578657081,-33.14193727038416,0 -70.70774038148463,-33.14213519858435,0 -70.70778399860798,-33.14228374280336,0 -70.70774842021353,-33.14257074357477,0 -70.70759544813576,-33.14311412423102,0 -70.70748304024455,-33.14311561765978,0 -70.70767025368022,-33.14243270009592,0 -70.70767138272051,-33.1423115180587,0 -70.70761775092271,-33.14206382544338,0 -70.70759214363886,-33.14179724390588,0 -70.70765200910976,-33.14167458683342,0 -70.70786557964696,-33.14131594195281,0 -70.70813632810518,-33.14084855148123,0 -70.70884418466508,-33.13996285029513,0 -70.70913636633892,-33.13962688046757,0 -70.70921144442435,-33.13949509224911,0 -70.70933567219447,-33.13942728136023,0 -70.70957695100428,-33.13922305401069,0 -70.70967053670913,-33.13894954747366,0 -70.70968891010803,-33.13879672793795,0 -70.70973991767747,-33.13852407330351,0 -70.70983319775317,-33.13826210340876,0 -70.7100659658531,-33.13815272214877,0 -70.7101821568594,-33.1381014582484,0 -70.7101734413597,-33.13799009784238,0 -70.70934164853529,-33.13777145627289,0 -70.70904641596825,-33.13772678209545,0 -70.70884442798825,-33.1377458029931,0 -70.70878773722967,-33.13787093586052,0 -70.70879799278698,-33.13811591643305,0 -70.7089905156043,-33.13830357749251,0 -70.70923100097976,-33.13846924570645,0 -70.70928523893396,-33.13860401648571,0 -70.7091575020857,-33.13890508925402,0 -70.70861490886294,-33.13923891950082,0 -70.70821993414627,-33.13952965680906,0 -70.70782883788659,-33.13970243334327,0 -70.70754166459038,-33.1397925636855,0 -70.70735206216808,-33.1398834863591,0 -70.70694180652021,-33.14023296794647,0 -70.70615340881446,-33.14082561592197,0 -70.70585774957202,-33.14112800145885,0 -70.70574778845784,-33.14122919856071,0 -70.70558657317186,-33.141233007522,0 -70.70545780764304,-33.14119475105132,0 -70.70419174785437,-33.14051116395758,0 -70.70356070587081,-33.14017461887579,0 -70.70343864403418,-33.14017398919444,0 -70.70329507044397,-33.14020206112846,0 -70.70345244799611,-33.14005943644278,0 
						</coordinates>
					</LinearRing>
				</outerBoundaryIs>
			</Polygon>
		</Placemark>
		<Placemark id="035BFB6547391916E063">
			<name>LT 02.33</name>
			<description><![CDATA[<div><b>Nombre área:</b>&nbsp;Planta Las Tórtolas<br></div><div><b>Gerencia:&nbsp;</b>Gerencia Planta<br></div><div><b>Responsable:&nbsp;</b>Freddy Álvarez<br></div>]]></description>
			<LookAt>
				<longitude>-70.71826715929201</longitude>
				<latitude>-33.14086257791121</latitude>
				<altitude>959.2510364246089</altitude>
				<heading>4.376484052017675</heading>
				<tilt>1.21542733156071</tilt>
				<range>2475.189236818696</range>
				<altitudeMode>absolute</altitudeMode>
				<gx:fovy>35</gx:fovy>
			</LookAt>
			<styleUrl>#__managed_style_C8C3259D5D3D3D1AF1FB</styleUrl>
			<Point>
				<coordinates>-70.71141585567071,-33.14413959042216,931.2100537065098</coordinates>
			</Point>
		</Placemark>
		<Placemark id="0307C5510C39148F3D80">
			<name>BASE</name>
			<LookAt>
				<longitude>-70.70619256499671</longitude>
				<latitude>-33.13902749833826</latitude>
				<altitude>757.771774658449</altitude>
				<heading>354.0011989429762</heading>
				<tilt>0</tilt>
				<range>684.4215296383483</range>
				<altitudeMode>absolute</altitudeMode>
				<gx:fovy>35</gx:fovy>
			</LookAt>
			<styleUrl>#__managed_style_9C81FC2EE93D3D1AF228</styleUrl>
			<Polygon>
				<outerBoundaryIs>
					<LinearRing>
						<coordinates>
							-70.70404130785208,-33.13958658677453,0 -70.70454697884439,-33.1389843421835,0 -70.70492304531589,-33.13859440048943,0 -70.70516473600696,-33.13836824563623,0 -70.70537007846299,-33.13823764822293,0 -70.70558848828655,-33.1382143549484,0 -70.70589767476416,-33.13828916600728,0 -70.70642779875683,-33.13843662561481,0 -70.70682618574186,-33.13862684432917,0 -70.70693021338469,-33.13872471927666,0 -70.70693767548394,-33.13900320526823,0 -70.70702735320202,-33.1390081214231,0 -70.70705037705487,-33.13887938141855,0 -70.70703620611376,-33.13867999218631,0 -70.70655661443422,-33.13841974443753,0 -70.70597892176481,-33.13820143646732,0 -70.70556312248129,-33.13811922208099,0 -70.70527530171944,-33.13820196557724,0 -70.70537615552416,-33.13798965172021,0 -70.70530677035165,-33.13774499581417,0 -70.70501214420138,-33.13736234269361,0 -70.70467830980564,-33.13695799000844,0 -70.70437200943832,-33.13608617231149,0 -70.70443781458744,-33.1358315535559,0 -70.70480323573891,-33.1354398737987,0 -70.7053791105039,-33.13498460880771,0 -70.70552935635574,-33.13478400039843,0 -70.70541627079528,-33.1347487503307,0 -70.70528277196405,-33.13488240854052,0 -70.70504853194296,-33.13516457621414,0 -70.70481823905578,-33.13530874055986,0 -70.70486157413625,-33.13517403256684,0 -70.70493792723076,-33.13504050324391,0 -70.7050818862361,-33.13476081575327,0 -70.70515842802693,-33.13453639759489,0 -70.70513842709754,-33.1343683862342,0 -70.70503875328401,-33.13421444990263,0 -70.70504724584472,-33.13404203574446,0 -70.70561030917324,-33.1340179330256,0 -70.70739498618191,-33.13467007478834,0 -70.7083119557131,-33.13493063340649,0 -70.70865035468083,-33.13585976308212,0 -70.70888222609905,-33.13663334226648,0 -70.70975566388123,-33.13684235911644,0 -70.71120308730048,-33.13686782398655,0 -70.71327621212075,-33.13667380800283,0 -70.71453427889251,-33.13643585381118,0 -70.71593161559962,-33.13637947298787,0 -70.71645021409152,-33.1374252268151,0 -70.71583752099762,-33.13812724170734,0 -70.71520173346354,-33.13873312212712,0 -70.71448851620181,-33.13922200742904,0 -70.71392445095114,-33.13959778344812,0 -70.7133524761195,-33.13962171689371,0 -70.71191984391285,-33.14079229166828,0 -70.71355596390809,-33.14187766752797,0 -70.714497661312,-33.14208879534561,0 -70.71528887740961,-33.14270685118517,0 -70.714063921384,-33.14348546950222,0 -70.71349033311891,-33.14524394158937,0 -70.71267578634922,-33.14800233173579,0 -70.71367945012605,-33.14807862947922,0 -70.71441846744487,-33.14789848681519,0 -70.71694213833433,-33.14741188312957,0 -70.7177027858684,-33.14740437945635,0 -70.71805425165766,-33.14767684619947,0 -70.71810255198595,-33.14839708853103,0 -70.71774337151167,-33.14921176822478,0 -70.71719720414193,-33.14975212627922,0 -70.71500583480911,-33.15081365326359,0 -70.71465584772966,-33.15134238829575,0 -70.71392571854429,-33.15360903595906,0 -70.71360229947776,-33.15390585293014,0 -70.71308383153826,-33.15408159892296,0 -70.71254203884203,-33.15305805139317,0 -70.71224132288253,-33.15261314658287,0 -70.71220718957065,-33.15241633850201,0 -70.71230609374396,-33.15227487408329,0 -70.71305170978863,-33.15202837338434,0 -70.71290172741108,-33.15179628143444,0 -70.71280339518964,-33.15180207490556,0 -70.7128280045311,-33.15185898810719,0 -70.71286884484886,-33.15198461387111,0 -70.71253522042633,-33.15205091790036,0 -70.71216259907116,-33.1522622663586,0 -70.71208062112808,-33.15246794075348,0 -70.71222113189745,-33.15272989541596,0 -70.71299596928384,-33.1540966360972,0 -70.71191450023234,-33.15430081549118,0 -70.71128312870542,-33.15315121921513,0 -70.7100686623159,-33.15223569203513,0 -70.70971607757363,-33.15094612392726,0 -70.70940228490859,-33.14998979171121,0 -70.70867984922731,-33.14983968722415,0 -70.70689432139977,-33.14953293272352,0 -70.70479806468208,-33.1489173908016,0 -70.70377151530991,-33.14795342297168,0 -70.7023592821954,-33.14804771990701,0 -70.70162569542204,-33.1469836842172,0 -70.70019720442598,-33.14756192017817,0 -70.6995741423399,-33.14660097583473,0 -70.69869197094104,-33.14695983922268,0 -70.69860361991863,-33.14685647478426,0 -70.69793946070669,-33.14571171590887,0 -70.6985658436319,-33.14467353289466,0 -70.69667515639823,-33.1405199025972,0 -70.70088355846272,-33.13986667475965,0 -70.70087551087272,-33.13886624256151,0 -70.70083875136083,-33.13767218518451,0 -70.70048048903932,-33.13744389458981,0 -70.70147525890602,-33.1352529526253,0 -70.70489779952199,-33.13410063100857,0 -70.70504025776681,-33.13457642665863,0 -70.70493072591452,-33.13473005725981,0 -70.70475510229608,-33.13509838130091,0 -70.70466227779391,-33.13545533037509,0 -70.70449556761571,-33.13562822909809,0 -70.704294359466,-33.13595032060557,0 -70.70431271382587,-33.13621319230534,0 -70.70440445683924,-33.13667907474815,0 -70.7046373111999,-33.13710258688559,0 -70.70507011279051,-33.13762624991436,0 -70.70524260491865,-33.13780040532021,0 -70.70525667698737,-33.13799658861191,0 -70.70518379323718,-33.13817590345582,0 -70.70509607184881,-33.13832896341199,0 -70.70467070699777,-33.13874344224722,0 -70.7037126831713,-33.13977548005645,0 -70.70377335280899,-33.13986512405451,0 -70.70404130785208,-33.13958658677453,0 
						</coordinates>
					</LinearRing>
				</outerBoundaryIs>
			</Polygon>
		</Placemark>
		<Placemark id="06F254B2743914958008">
			<name>LT 01.06</name>
			<description><![CDATA[<div><b>Nombre área: </b>Camino principal Las Tórtolas<br></div><div><b>Gerencia:&nbsp;</b>Gerencia Infraestructura y servicios<br></div><div><b>Responsable: </b>Enrique Fernández<br></div>]]></description>
			<LookAt>
				<longitude>-70.70198589549743</longitude>
				<latitude>-33.14093512182775</latitude>
				<altitude>727.9189254734611</altitude>
				<heading>353.9931252508727</heading>
				<tilt>0</tilt>
				<range>802.9768972819147</range>
				<altitudeMode>absolute</altitudeMode>
				<gx:fovy>35</gx:fovy>
			</LookAt>
			<styleUrl>#__managed_style_1548BABC183D3D1AF1FF</styleUrl>
			<Point>
				<coordinates>-70.70280691777103,-33.14055260759427,729.3738455562416</coordinates>
			</Point>
		</Placemark>
		<Placemark id="08E57E6D133914A79D6F">
			<name>LT 02.34</name>
			<LookAt>
				<longitude>-70.70418429340751</longitude>
				<latitude>-33.14098522520448</latitude>
				<altitude>736.9786021785951</altitude>
				<heading>353.9937209876626</heading>
				<tilt>0</tilt>
				<range>487.3227940331709</range>
				<altitudeMode>absolute</altitudeMode>
				<gx:fovy>35</gx:fovy>
			</LookAt>
			<styleUrl>#__managed_style_7AC11CEE833D3D1AF1FF</styleUrl>
			<Polygon>
				<outerBoundaryIs>
					<LinearRing>
						<coordinates>
							-70.70424456587526,-33.1410658626631,0 -70.70413698738864,-33.14109149469518,0 -70.70396855720536,-33.14047725740588,0 -70.70393464831641,-33.14037386596888,0 -70.70467075420201,-33.14076983630133,0 -70.70455657189549,-33.1408847792586,0 -70.704523090677,-33.14084280157115,0 -70.70419950153538,-33.14088496189185,0 -70.70424456587526,-33.1410658626631,0 
						</coordinates>
					</LinearRing>
				</outerBoundaryIs>
			</Polygon>
		</Placemark>
		<Placemark id="07E7CB2F3C3914A7CD5B">
			<name>LT 02.34</name>
			<description><![CDATA[<div><b>Nombre área:</b>&nbsp;Servicentro<br></div><div><b>Gerencia:&nbsp;</b>Gerencia Infraestructura y Servicios&nbsp;<br></div><div><b>Responsable:</b>&nbsp;Karin Flores<br></div>]]></description>
			<LookAt>
				<longitude>-70.70418429340751</longitude>
				<latitude>-33.14098522520448</latitude>
				<altitude>736.9786021785951</altitude>
				<heading>353.9937209876626</heading>
				<tilt>0</tilt>
				<range>487.3227940331709</range>
				<altitudeMode>absolute</altitudeMode>
				<gx:fovy>35</gx:fovy>
			</LookAt>
			<styleUrl>#__managed_style_1548BABC183D3D1AF1FF</styleUrl>
			<Point>
				<coordinates>-70.70418047547558,-33.14070422057715,737.4138642605359</coordinates>
			</Point>
		</Placemark>
		<Placemark id="05D6F203603914AB4689">
			<name>LT 02.32</name>
			<LookAt>
				<longitude>-70.70492201579222</longitude>
				<latitude>-33.14163056310885</latitude>
				<altitude>741.7517366262842</altitude>
				<heading>353.9941220608428</heading>
				<tilt>0</tilt>
				<range>482.5496919314173</range>
				<altitudeMode>absolute</altitudeMode>
				<gx:fovy>35</gx:fovy>
			</LookAt>
			<styleUrl>#__managed_style_CBEF71B23C3D3D1AF228</styleUrl>
			<Polygon>
				<outerBoundaryIs>
					<LinearRing>
						<coordinates>
							-70.70456832906798,-33.1408834782158,0 -70.70468832646287,-33.1407600874963,0 -70.70485217611963,-33.14085773766981,0 -70.70482030373688,-33.1414322671919,0 -70.70482191006407,-33.14178604779282,0 -70.70467849184649,-33.14215644975386,0 -70.70458042652508,-33.14220751744254,0 -70.70449199652259,-33.14220234424998,0 -70.70448959374407,-33.14207714038746,0 -70.70438537905356,-33.14202706824867,0 -70.7041877308322,-33.14136133322912,0 -70.70405612640747,-33.1412892729476,0 -70.70413099345269,-33.14108506410049,0 -70.70425086704894,-33.14105722930815,0 -70.70420793214893,-33.14087616193763,0 -70.70456832906798,-33.1408834782158,0 
						</coordinates>
					</LinearRing>
				</outerBoundaryIs>
			</Polygon>
		</Placemark>
		<Placemark id="0FEC1B316D3914ABCB69">
			<name>LT 02.32</name>
			<description><![CDATA[<div><b>Nombre área:</b>&nbsp;Bodega Las Tórtolas<br></div><div><b>Gerencia:&nbsp;</b>Gerencia de Materiales, bodegas y logística<br></div><div><b>Responsable:</b>&nbsp;Tomás Avsolomovich<br></div>]]></description>
			<LookAt>
				<longitude>-70.70492201579222</longitude>
				<latitude>-33.14163056310885</latitude>
				<altitude>741.7517366262842</altitude>
				<heading>353.9941220608428</heading>
				<tilt>0</tilt>
				<range>482.5496919314173</range>
				<altitudeMode>absolute</altitudeMode>
				<gx:fovy>35</gx:fovy>
			</LookAt>
			<styleUrl>#__managed_style_1548BABC183D3D1AF1FF</styleUrl>
			<Point>
				<coordinates>-70.7045677929071,-33.14146753930475,738.6097920833781</coordinates>
			</Point>
		</Placemark>
		<Placemark id="0BC12A0E4A3914BD97E4">
			<name>LT 02.33</name>
			<description><![CDATA[<div><b>Nombre área:</b>&nbsp;Planta Las Tórtolas<br></div><div><b>Gerencia:&nbsp;</b>Gerencia Planta<br></div><div><b>Responsable:&nbsp;</b>Freddy Alvarez<br></div>]]></description>
			<LookAt>
				<longitude>-70.70548963957206</longitude>
				<latitude>-33.14181188056462</latitude>
				<altitude>756.4082830003385</altitude>
				<heading>353.9939313423787</heading>
				<tilt>0</tilt>
				<range>1010.78280304253</range>
				<altitudeMode>absolute</altitudeMode>
				<gx:fovy>35</gx:fovy>
			</LookAt>
			<styleUrl>#__managed_style_1548BABC183D3D1AF1FF</styleUrl>
			<Point>
				<coordinates>-70.70362271504484,-33.14188332260358,725.7928265925965</coordinates>
			</Point>
		</Placemark>
		<Placemark id="05C695F5CF3914C12C20">
			<name>LT 02.33</name>
			<description><![CDATA[<div><b>Nombre área:</b>&nbsp;Planta Las Tórtolas<br></div><div><b>Gerencia:&nbsp;</b>Gerencia Planta<br></div><div><b>Responsable:&nbsp;</b>Freddy Alvarez<br></div>]]></description>
			<LookAt>
				<longitude>-70.70606122790218</longitude>
				<latitude>-33.14382151271361</latitude>
				<altitude>760.4018922668312</altitude>
				<heading>353.9941888220345</heading>
				<tilt>0</tilt>
				<range>1212.485397918936</range>
				<altitudeMode>absolute</altitudeMode>
				<gx:fovy>35</gx:fovy>
			</LookAt>
			<styleUrl>#__managed_style_1548BABC183D3D1AF1FF</styleUrl>
			<Point>
				<coordinates>-70.70399269264115,-33.14433024270186,725.7197324115156</coordinates>
			</Point>
		</Placemark>
		<Placemark id="0EC66FC9FB3914C240A8">
			<name>LT 02.35</name>
			<description><![CDATA[<div><b>Nombre área:</b>&nbsp;Camino Planta Las Tórtolas<br></div><div><b>Gerencia:&nbsp;</b>Gerencia Planta<br></div><div><b>Responsable:&nbsp;</b>Freddy Álvarez<br></div>]]></description>
			<LookAt>
				<longitude>-70.7068936135755</longitude>
				<latitude>-33.14514483145534</latitude>
				<altitude>779.0281875350421</altitude>
				<heading>353.9946416454484</heading>
				<tilt>0</tilt>
				<range>1193.859044679848</range>
				<altitudeMode>absolute</altitudeMode>
				<gx:fovy>35</gx:fovy>
			</LookAt>
			<styleUrl>#__managed_style_04AF00A56E3D3D1AF204</styleUrl>
			<Point>
				<coordinates>-70.70584343980295,-33.14552673018311,750.323047556867</coordinates>
			</Point>
		</Placemark>
		<Placemark id="04F25ACDA33914D09A84">
			<name>LT 02.48</name>
			<LookAt>
				<longitude>-70.70647599942104</longitude>
				<latitude>-33.14085352762132</latitude>
				<altitude>770.5027674179638</altitude>
				<heading>353.9946518586026</heading>
				<tilt>0</tilt>
				<range>900.7001459105234</range>
				<altitudeMode>absolute</altitudeMode>
				<gx:fovy>35</gx:fovy>
			</LookAt>
			<styleUrl>#__managed_style_45C573F8AD3D3D1AF1FF</styleUrl>
			<Polygon>
				<outerBoundaryIs>
					<LinearRing>
						<coordinates>
							-70.70568622440805,-33.14032452840604,0 -70.70568597631538,-33.14044399929245,0 -70.70546800934623,-33.14044928722289,0 -70.70544381937954,-33.1403372814061,0 -70.70568622440805,-33.14032452840604,0 
						</coordinates>
					</LinearRing>
				</outerBoundaryIs>
			</Polygon>
		</Placemark>
		<Placemark id="005CCB65263914F06898">
			<name>LT 02.48</name>
			<description><![CDATA[<div><b>Nombre área:</b>&nbsp;Casino administración Planta LT<br></div><div><b>Gerencia:&nbsp;</b>Gerencia Infraestructura y Servicios<br></div><div><b>Responsable:</b> Luis Cavieres<br></div>]]></description>
			<LookAt>
				<longitude>-70.70647599939585</longitude>
				<latitude>-33.14085352743113</latitude>
				<altitude>770.5027674179638</altitude>
				<heading>353.9946518586026</heading>
				<tilt>0</tilt>
				<range>900.7001459105231</range>
				<altitudeMode>absolute</altitudeMode>
				<gx:fovy>35</gx:fovy>
			</LookAt>
			<styleUrl>#__managed_style_1548BABC183D3D1AF1FF</styleUrl>
			<Point>
				<coordinates>-70.70556619294304,-33.14041690423819,752.5381086549212</coordinates>
			</Point>
		</Placemark>
		<Placemark id="02ADF108933914F9A8AE">
			<name>LT 02.33</name>
			<description><![CDATA[<div><b>Nombre área:</b>&nbsp;Planta Las Tórtolas<br></div><div><b>Gerencia:&nbsp;</b>Gerencia Planta<br></div><div><b>Responsable:&nbsp;</b>Freddy Alvarez<br></div>]]></description>
			<LookAt>
				<longitude>-70.70653154872466</longitude>
				<latitude>-33.14052886072593</latitude>
				<altitude>768.2277598315309</altitude>
				<heading>353.9946810704344</heading>
				<tilt>0</tilt>
				<range>902.9750736428834</range>
				<altitudeMode>absolute</altitudeMode>
				<gx:fovy>35</gx:fovy>
			</LookAt>
			<styleUrl>#__managed_style_1548BABC183D3D1AF1FF</styleUrl>
			<Point>
				<coordinates>-70.70573277323406,-33.13945766051849,754.2867881945414</coordinates>
			</Point>
		</Placemark>
		<Placemark id="0A5875821D3914FACDF8">
			<name>LT 02.33</name>
			<description><![CDATA[<div><b>Nombre área:</b>&nbsp;Planta Las Tórtolas<br></div><div><b>Gerencia:&nbsp;</b>Gerencia Planta<br></div><div><b>Responsable:&nbsp;</b>Freddy Álvarez<br></div>]]></description>
			<LookAt>
				<longitude>-70.70964939024867</longitude>
				<latitude>-33.13841027224294</latitude>
				<altitude>803.1766359128936</altitude>
				<heading>353.9911860091091</heading>
				<tilt>0</tilt>
				<range>1504.536778280454</range>
				<altitudeMode>absolute</altitudeMode>
				<gx:fovy>35</gx:fovy>
			</LookAt>
			<styleUrl>#__managed_style_1548BABC183D3D1AF1FF</styleUrl>
			<Point>
				<coordinates>-70.71119771138548,-33.1374797620831,805.9537887697747</coordinates>
			</Point>
		</Placemark>
		<Placemark id="0272CD36AE3914FB3208">
			<name>LT 02.33</name>
			<description><![CDATA[<div><b>Nombre área:</b>&nbsp;Planta Las Tórtolas<br></div><div><b>Gerencia:&nbsp;</b>Gerencia Planta<br></div><div><b>Responsable:&nbsp;</b>Freddy Alvarez<br></div>]]></description>
			<LookAt>
				<longitude>-70.70639556016094</longitude>
				<latitude>-33.13795411034249</latitude>
				<altitude>759.7823966167049</altitude>
				<heading>353.9894037820506</heading>
				<tilt>0</tilt>
				<range>1547.930714195391</range>
				<altitudeMode>absolute</altitudeMode>
				<gx:fovy>35</gx:fovy>
			</LookAt>
			<styleUrl>#__managed_style_1548BABC183D3D1AF1FF</styleUrl>
			<Point>
				<coordinates>-70.70607136612695,-33.13594904383795,725.7330890958843</coordinates>
			</Point>
		</Placemark>
		<Placemark id="059DA3220A3914FB97FC">
			<name>LT 02.35</name>
			<description><![CDATA[<div><b>Nombre área:</b>&nbsp;Camino Planta Las Tórtolas<br></div><div><b>Gerencia:&nbsp;</b>Gerencia Planta<br></div><div><b>Responsable:&nbsp;</b>Freddy Álvarez<br></div>]]></description>
			<LookAt>
				<longitude>-70.70852641951932</longitude>
				<latitude>-33.13605848606573</latitude>
				<altitude>757.7132294500414</altitude>
				<heading>353.9905662316039</heading>
				<tilt>0</tilt>
				<range>1550.000010266231</range>
				<altitudeMode>absolute</altitudeMode>
				<gx:fovy>35</gx:fovy>
			</LookAt>
			<styleUrl>#__managed_style_04AF00A56E3D3D1AF204</styleUrl>
			<Point>
				<coordinates>-70.71031410028719,-33.1359189243904,783.5206911972313</coordinates>
			</Point>
		</Placemark>
		<Placemark id="014112F5783914FC7190">
			<name>LT 03.01</name>
			<description><![CDATA[<div><b>Nombre área:</b>&nbsp;Área Tranque Las Tórtolas<br></div><div><b>Gerencia:&nbsp;</b>Gerencia Planta<br></div><div><b>Responsable:</b> Rodrigo Gonzalez<br></div>]]></description>
			<LookAt>
				<longitude>-70.70873590540438</longitude>
				<latitude>-33.13557771540133</latitude>
				<altitude>744.3532425068036</altitude>
				<heading>0.9860772518719121</heading>
				<tilt>0</tilt>
				<range>1563.359856668394</range>
				<altitudeMode>absolute</altitudeMode>
				<gx:fovy>35</gx:fovy>
			</LookAt>
			<styleUrl>#__managed_style_04AF00A56E3D3D1AF204</styleUrl>
			<Point>
				<coordinates>-70.70785238410978,-33.13421702600242,715.6050086391068</coordinates>
			</Point>
		</Placemark>
		<Placemark id="00DF8A8BFA3914FF3338">
			<name>LT 03.02</name>
			<description><![CDATA[<div><b>Nombre área:</b>&nbsp;Área Tranque Las Tórtolas<br></div><div><b>Gerencia:&nbsp;</b>Gerencia Planta<br></div><div><b>Responsable:</b> Rodrigo Gonzalez<br></div>]]></description>
			<LookAt>
				<longitude>-70.70650357272424</longitude>
				<latitude>-33.13485185109305</latitude>
				<altitude>725.5730696257937</altitude>
				<heading>0.9860772517998344</heading>
				<tilt>0</tilt>
				<range>2469.819821440615</range>
				<altitudeMode>absolute</altitudeMode>
				<gx:fovy>35</gx:fovy>
			</LookAt>
			<styleUrl>#__managed_style_1548BABC183D3D1AF1FF</styleUrl>
			<Point>
				<coordinates>-70.705845917784,-33.13339917810838,740.8228744292531</coordinates>
			</Point>
		</Placemark>
		<Placemark id="0849BD2B7E391861E4B0">
			<name>LT 02.36</name>
			<description><![CDATA[<div><b>Nombre área:</b>&nbsp;Camino Interiores Las Tórtolas&nbsp;<br></div><div><b>Gerencia:&nbsp;</b>Gerencia Planta<br></div><div><b>Responsable:&nbsp;</b>Freddy Álvarez<br></div>]]></description>
			<LookAt>
				<longitude>-70.70478496044473</longitude>
				<latitude>-33.13810312648228</latitude>
				<altitude>752.8439125470554</altitude>
				<heading>3.34703542340163</heading>
				<tilt>0</tilt>
				<range>2002.743912038568</range>
				<altitudeMode>absolute</altitudeMode>
				<gx:fovy>35</gx:fovy>
			</LookAt>
			<styleUrl>#__managed_style_04AF00A56E3D3D1AF204</styleUrl>
			<Point>
				<coordinates>-70.70582040469614,-33.13823590480111,752.7492597355107</coordinates>
			</Point>
		</Placemark>
		<Placemark id="0D7A1A8B8239186378FC">
			<name>LT 02.33</name>
			<description><![CDATA[<div><b>Nombre área:&nbsp;</b>Planta Las Tórtolas<br></div><div><b>Gerencia:&nbsp;</b>Gerencia Planta<br></div><div><b>Responsable:&nbsp;</b>Freddy Álvarez<br></div>]]></description>
			<LookAt>
				<longitude>-70.70478496034393</longitude>
				<latitude>-33.13810312732757</latitude>
				<altitude>752.8440634617466</altitude>
				<heading>3.34703542340163</heading>
				<tilt>0</tilt>
				<range>2002.743726617773</range>
				<altitudeMode>absolute</altitudeMode>
				<gx:fovy>35</gx:fovy>
			</LookAt>
			<styleUrl>#__managed_style_1548BABC183D3D1AF1FF</styleUrl>
			<Point>
				<coordinates>-70.70276428519777,-33.13759949186674,787.1983374254839</coordinates>
			</Point>
		</Placemark>
		<Placemark id="039C0C803F391866259C">
			<name>LT 03.01</name>
			<description><![CDATA[<div><b>Nombre área:&nbsp;</b>Área Tranque Las Tórtolas<br></div><div><b>Gerencia:</b><b>&nbsp;</b>Gerencia Planta<br></div><div><b>Responsable:</b>&nbsp;Rodrigo González<br></div>]]></description>
			<LookAt>
				<longitude>-70.70206672428827</longitude>
				<latitude>-33.1347062284517</latitude>
				<altitude>771.3563193051482</altitude>
				<heading>3.347035423385069</heading>
				<tilt>0</tilt>
				<range>1988.514534818823</range>
				<altitudeMode>absolute</altitudeMode>
				<gx:fovy>35</gx:fovy>
			</LookAt>
			<styleUrl>#__managed_style_1548BABC183D3D1AF1FF</styleUrl>
			<Point>
				<coordinates>-70.70206434521988,-33.13377465586624,802.3186489303931</coordinates>
			</Point>
		</Placemark>
		<Placemark id="0FAAED65183918B0A16F">
			<name>Polígono sin título</name>
			<LookAt>
				<longitude>-70.70584662350571</longitude>
				<latitude>-33.13335599180012</latitude>
				<altitude>740.4256011767682</altitude>
				<heading>4.345289579019584</heading>
				<tilt>0</tilt>
				<range>421.335566038324</range>
				<altitudeMode>absolute</altitudeMode>
				<gx:fovy>35</gx:fovy>
			</LookAt>
			<styleUrl>#__managed_style_08C3A00A423D3D1AF1E302</styleUrl>
			<Polygon>
				<outerBoundaryIs>
					<LinearRing>
						<coordinates>
							-70.70481714698738,-33.13398368696298,0 -70.70478348315883,-33.13376879642506,0 -70.70479477267357,-33.13360897752912,0 -70.70489576431397,-33.13344917335157,0 -70.70507576992455,-33.13337621259805,0 -70.7053334676327,-33.13337326714269,0 -70.70562640094519,-33.13339641164853,0 -70.70589509886612,-33.13330668399448,0 -70.70599415145118,-33.13312706963767,0 -70.70599892506689,-33.13294598638183,0 -70.70594389105182,-33.13280954120675,0 -70.70579732811255,-33.13269970610494,0 -70.70557336648896,-33.1326300642999,0 -70.70511296763586,-33.13256899493215,0 -70.70493694273011,-33.13250246875134,0 -70.70484928353578,-33.13234352434385,0 -70.70487955168032,-33.13215930309197,0 -70.7049672687527,-33.13196460385501,0 -70.70503818913176,-33.13171981777657,0 -70.70500761163386,-33.13148131742049,0 -70.70497031514769,-33.13122557850098,0 -70.70492505671476,-33.13091880030424,0 -70.70485038022862,-33.13071100858709,0 -70.70461252602327,-33.13047642303093,0 -70.7043403098823,-33.13026774671048,0 -70.70403260091209,-33.1299952618895,0 -70.7039468434252,-33.12979379624959,0 -70.70398608600551,-33.1296386052346,0 -70.70412539910635,-33.12954306165526,0 -70.7045387891738,-33.12937438182657,0 -70.70487446966855,-33.12919515978498,0 -70.70507321461703,-33.12898290048959,0 -70.7052304770192,-33.12877481861486,0 -70.70529552561108,-33.12870375494965,0 -70.7054405257588,-33.12868871064109,0 -70.70557982622053,-33.12873670542655,0 -70.70568231503448,-33.12881711368854,0 -70.70606351003082,-33.12920681956201,0 -70.70621360181673,-33.12932206992934,0 -70.70640593741786,-33.12937569878685,0 -70.70659813740498,-33.12937509224754,0 -70.70683586576553,-33.12929067515795,0 -70.70722584930782,-33.12901943876223,0 -70.70755610421347,-33.12883146069299,0 -70.70810508231263,-33.12839734029123,0 -70.70832100973838,-33.12819922053786,0 -70.7084682528349,-33.12795555074999,0 -70.70857869995065,-33.12768635574572,0 -70.70870623302456,-33.12752177498708,0 -70.70889718030273,-33.12737678747966,0 -70.70925477980899,-33.12726264323764,0 -70.70971779208625,-33.12709384109564,0 -70.70994842828107,-33.12692352759321,0 -70.71005405870297,-33.12672065777422,0 -70.71000671229018,-33.12653474559438,0 -70.70988529759171,-33.12624427011013,0 -70.70984131733054,-33.12599788654899,0 -70.70998506730376,-33.12579482359389,0 -70.71027815153005,-33.12551796038358,0 -70.71032363075295,-33.12530183756458,0 -70.71025621768318,-33.1250569934621,0 -70.70993693508373,-33.12473225542163,0 -70.70960529939289,-33.12439651771521,0 -70.70958089183354,-33.12418175514073,0 -70.70963338804636,-33.12407105324671,0 -70.70978734649879,-33.12397374170818,0 -70.70993468526997,-33.12397128807837,0 -70.71015435850113,-33.12400918147689,0 -70.71165615135472,-33.12408025248956,0 -70.71248966234745,-33.12422934715418,0 -70.71301198026357,-33.12431528210659,0 -70.71335777961049,-33.12438631478377,0 -70.71346977130261,-33.12436895171979,0 -70.71323968308104,-33.12422432734635,0 -70.71293533431408,-33.12408376165297,0 -70.71279375705424,-33.12381009287375,0 -70.71246723572446,-33.12344722778241,0 -70.71213725266556,-33.12339174949745,0 -70.71179217837951,-33.12344879078012,0 -70.71161846157418,-33.12349158934787,0 -70.71150876172489,-33.1233860202649,0 -70.71153312532994,-33.12316218672904,0 -70.7113406170856,-33.12296695450686,0 -70.71107587044945,-33.12275890039629,0 -70.71066390845606,-33.12261571237278,0 -70.71052149452711,-33.12246662436648,0 -70.71039113636432,-33.12231021142222,0 -70.71008404372786,-33.12221197807212,0 -70.70975745901426,-33.12211324465772,0 -70.70959879377041,-33.12190245606352,0 -70.70958740463487,-33.12167967381398,0 -70.70968399945833,-33.12143752414595,0 -70.71011261522409,-33.12129038967802,0 -70.71046755403657,-33.12105732728235,0 -70.71055708710155,-33.12090663852461,0 -70.71079318715053,-33.12063199049621,0 -70.71100913779817,-33.12046148117491,0 -70.71101930194331,-33.12023798230632,0 -70.7110680245284,-33.11963572418359,0 -70.71107865980004,-33.11936453706565,0 -70.71119035048599,-33.11905069584202,0 -70.71140788244506,-33.11872902535339,0 -70.71171884752523,-33.11831744082905,0 -70.71211959487613,-33.11772505753608,0 -70.71236249029934,-33.11738138609362,0 -70.71248812361601,-33.11717251822646,0 -70.71255110623474,-33.11723355469272,0 -70.71239453775156,-33.11750117378356,0 -70.71203428618387,-33.11800508182236,0 -70.711501601506,-33.11875852231744,0 -70.7113110700368,-33.11905332114124,0 -70.71121251369189,-33.11928848692386,0 -70.71118471886747,-33.11972806652135,0 -70.71116160753387,-33.12018456836966,0 -70.71109002387679,-33.12049881261996,0 -70.71092266230403,-33.12068059801629,0 -70.71069111703183,-33.12087373053742,0 -70.71060524120871,-33.12104049200075,0 -70.71044042885573,-33.12124237298853,0 -70.71007502104035,-33.12140000869926,0 -70.70979327812086,-33.12151661453075,0 -70.70969665867666,-33.12164057362769,0 -70.70969266219123,-33.1218239746166,0 -70.70980410196528,-33.12199724962741,0 -70.70992563494789,-33.12207568814837,0 -70.71013124302755,-33.12211135355264,0 -70.71036360079837,-33.12217350196776,0 -70.71045819141655,-33.12222947073691,0 -70.71060944199486,-33.12243928402038,0 -70.71072309354237,-33.12253138639566,0 -70.71093403349772,-33.12260402945211,0 -70.71121855885693,-33.12276091553777,0 -70.71135968880206,-33.12287112069782,0 -70.71148961888173,-33.12299338971377,0 -70.71160004453762,-33.12315476021846,0 -70.71168984140768,-33.12330907700519,0 -70.71166959764631,-33.12335345782672,0 -70.71168010622293,-33.12341436565902,0 -70.71175714544643,-33.12341418910856,0 -70.71191538999012,-33.12333080827769,0 -70.7120853389026,-33.12327702721721,0 -70.71239870124644,-33.12330724928758,0 -70.71253289642456,-33.1233815687151,0 -70.71263767400166,-33.12348026155284,0 -70.71287293000778,-33.12375333589394,0 -70.71294325750266,-33.12384460617688,0 -70.71299693959462,-33.12392102303866,0 -70.71307238142856,-33.12401842969488,0 -70.71329214225119,-33.12413518389575,0 -70.71354877392791,-33.12429898644636,0 -70.71410632631805,-33.12458060273503,0 -70.71419763848463,-33.12466454022088,0 -70.71415753069031,-33.12476245075387,0 -70.71373772451228,-33.12453822248679,0 -70.71358444197519,-33.12445059354681,0 -70.71335969261698,-33.12447017861794,0 -70.71301617340539,-33.1244247916767,0 -70.71252260471643,-33.12429916521189,0 -70.71240607154103,-33.1243095698425,0 -70.7122443433508,-33.12426523487014,0 -70.71176070656466,-33.1241779679788,0 -70.7116472204293,-33.12422606263264,0 -70.71151990513688,-33.12416270046213,0 -70.71105612539333,-33.12413981640706,0 -70.71027634125601,-33.12410751295854,0 -70.70986141819502,-33.1240436105468,0 -70.7096965190389,-33.12410462755725,0 -70.70966309778822,-33.12416907101093,0 -70.7096506384043,-33.12427138793833,0 -70.70970179378509,-33.12439096228573,0 -70.70999325834521,-33.12469162063639,0 -70.71037164646069,-33.12506334051996,0 -70.71046336820601,-33.12549404834326,0 -70.70995582845333,-33.12601617468302,0 -70.70993251061594,-33.12609127340399,0 -70.71010223464877,-33.12663779119413,0 -70.7101245471985,-33.12673195343962,0 -70.71004898418128,-33.12690561977062,0 -70.70997237684828,-33.12702129114103,0 -70.70973090292809,-33.12720830283757,0 -70.7090732261737,-33.12738214165838,0 -70.70893269689969,-33.12743611343211,0 -70.70880545459785,-33.12753054900354,0 -70.70871879497871,-33.12764022480779,0 -70.70859697718407,-33.12789309418919,0 -70.70845091395005,-33.12818811813948,0 -70.70804642980214,-33.12854645762697,0 -70.7077218196379,-33.12878475635902,0 -70.70741494565685,-33.12898746434785,0 -70.70704489635963,-33.1292257635111,0 -70.70675871495472,-33.12949934774512,0 -70.70654637256247,-33.12948996576695,0 -70.70614315576576,-33.12939175206243,0 -70.70561894911953,-33.12889513205275,0 -70.70550609028352,-33.12880706168664,0 -70.7053228029072,-33.12883709224943,0 -70.70511581913547,-33.12905283181079,0 -70.70503913527804,-33.12913541639667,0 -70.70494381764604,-33.12932417967548,0 -70.70473499839638,-33.12946117683793,0 -70.70444069369317,-33.12950927455135,0 -70.70411728751607,-33.12962879790126,0 -70.70404856813325,-33.12976907956764,0 -70.70405379493933,-33.12990155373293,0 -70.70417925010388,-33.13002187845412,0 -70.70494676025257,-33.13065182305749,0 -70.70500772774511,-33.13076978571909,0 -70.70503703357295,-33.13089173790159,0 -70.70500076447608,-33.13111221968424,0 -70.70509637652566,-33.13136505274677,0 -70.70516759894811,-33.13147830978473,0 -70.70503871339709,-33.13204943025942,0 -70.7049486529487,-33.13239172814061,0 -70.70501847106434,-33.13248779259895,0 -70.70574742613762,-33.13256278335605,0 -70.70590189537813,-33.13263980894564,0 -70.7060850133451,-33.13281655714044,0 -70.70610171010588,-33.1329824893427,0 -70.70607451697691,-33.13313273445753,0 -70.70593047321786,-33.1333345863238,0 -70.70580801087182,-33.13345183032578,0 -70.70566636968327,-33.1334717628885,0 -70.70532736413664,-33.13344775150455,0 -70.70510541569119,-33.13343002115792,0 -70.70496727013384,-33.13349087547551,0 -70.70488313054656,-33.13356905064521,0 -70.70486421468468,-33.13364313559499,0 -70.70488876299989,-33.1337868412701,0 -70.70498912530819,-33.13400127145757,0 -70.70502603987178,-33.13406825310726,0 -70.70488503158911,-33.13410760561082,0 -70.70481714698738,-33.13398368696298,0 
						</coordinates>
					</LinearRing>
				</outerBoundaryIs>
			</Polygon>
		</Placemark>
		<Placemark id="0500A3D68F3919254AD7">
			<name>Polígono sin título</name>
			<LookAt>
				<longitude>-70.71326808777162</longitude>
				<latitude>-33.11743291134933</latitude>
				<altitude>678.8777285462214</altitude>
				<heading>334.6332799763759</heading>
				<tilt>0</tilt>
				<range>659.5060275233845</range>
				<altitudeMode>absolute</altitudeMode>
				<gx:fovy>35</gx:fovy>
			</LookAt>
			<styleUrl>#__managed_style_45C573F8AD3D3D1AF1FF</styleUrl>
			<Polygon>
				<outerBoundaryIs>
					<LinearRing>
						<coordinates>
							-70.71243416255757,-33.1172239306498,0 -70.71059704051183,-33.11469726911697,0 -70.70991767157147,-33.11351931968527,0 -70.70962765987325,-33.11267877897681,0 -70.7096835947543,-33.1122935583027,0 -70.71003652812225,-33.11191532113352,0 -70.71110540200004,-33.11086605733664,0 -70.71338769892006,-33.10876823182175,0 -70.71460976380887,-33.10757271027266,0 -70.71711720332301,-33.10527457209841,0 -70.71804426678599,-33.10430925777671,0 -70.71852371048861,-33.10359460397827,0 -70.71888414196106,-33.10290871382914,0 -70.71923431481943,-33.10228311171841,0 -70.71979774147546,-33.10176316404696,0 -70.72097213055734,-33.10115101008488,0 -70.72161876097923,-33.10089429011583,0 -70.72183326714199,-33.10084311834355,0 -70.72204345052194,-33.10086141117657,0 -70.72219972068548,-33.10091979785925,0 -70.72290439661245,-33.10106138821935,0 -70.72306065987699,-33.10108786018576,0 -70.72326590509169,-33.10103580945936,0 -70.72357838840071,-33.10084970750391,0 -70.72517375854088,-33.09970202535805,0 -70.72562750642521,-33.09931871380967,0 -70.72621504444042,-33.09870265683477,0 -70.72664175812072,-33.09804715803268,0 -70.72700229440548,-33.09760791689649,0 -70.72737699527293,-33.09728493591001,0 -70.72890700951606,-33.09644925701067,0 -70.73082624071489,-33.09546117800794,0 -70.73169469934392,-33.09516094326807,0 -70.73398900935469,-33.09427739611929,0 -70.73491992627932,-33.09409068739964,0 -70.73760906189008,-33.0934886284997,0 -70.74022551564211,-33.09298272413442,0 -70.74026465836899,-33.09287123850493,0 -70.7403556388652,-33.09271716598401,0 -70.74042266324389,-33.09265123257264,0 -70.74048578214671,-33.09261283935297,0 -70.74061699802192,-33.0926555435701,0 -70.7407789155893,-33.09272637861088,0 -70.74088228332629,-33.09277160672946,0 -70.74094474849522,-33.09286143455965,0 -70.74088882920759,-33.09295819353869,0 -70.74094742650196,-33.0929838218816,0 -70.74105244177724,-33.09278732911121,0 -70.74109404143337,-33.09271359568211,0 -70.74106629218167,-33.09262422716242,0 -70.74094989061237,-33.09252918551129,0 -70.74127857293155,-33.09264336288324,0 -70.74120667227906,-33.0927444548397,0 -70.7411634007903,-33.09281383813164,0 -70.7411226449393,-33.09289754827351,0 -70.74163398961774,-33.09277928245944,0 -70.74186461964248,-33.09286721034923,0 -70.74135237860492,-33.09295636862745,0 -70.74096897860983,-33.09308530031836,0 -70.74037644571503,-33.09309829859384,0 -70.73948077733652,-33.09326317689936,0 -70.73723295052571,-33.09366915967584,0 -70.7364220940638,-33.09386294076223,0 -70.73435202221502,-33.09432642053012,0 -70.73356769762823,-33.09456825536779,0 -70.73195359316644,-33.09522076050811,0 -70.73100288721132,-33.09555128096035,0 -70.73020012501782,-33.09588133097566,0 -70.72820388375203,-33.09695599854745,0 -70.72741414835423,-33.09738568669872,0 -70.72713579914446,-33.0976316640889,0 -70.72676582128061,-33.09812320328763,0 -70.7262769865734,-33.09878199838692,0 -70.72568771187869,-33.09944022920081,0 -70.7252029413123,-33.09981059567714,0 -70.72373940538438,-33.10088754517363,0 -70.72334198094094,-33.10114920357513,0 -70.72296689631666,-33.10122252905041,0 -70.72244981765668,-33.10109952968837,0 -70.72191378850442,-33.1009521568595,0 -70.72166536957687,-33.10097972403132,0 -70.7214190915854,-33.1010628582717,0 -70.72081412396757,-33.10134389476111,0 -70.72032442978788,-33.10157344289091,0 -70.71988454267178,-33.10187844328814,0 -70.71944411576648,-33.10225528024652,0 -70.71917747374978,-33.10268883997775,0 -70.7188373412344,-33.10332084678298,0 -70.71851109058653,-33.10384569508614,0 -70.71822540367198,-33.10424900417498,0 -70.71790830273055,-33.10463609403474,0 -70.71740713562205,-33.10512594643809,0 -70.71687926771146,-33.10567017307356,0 -70.71619004985608,-33.10627409233656,0 -70.71512622140494,-33.1072518525601,0 -70.71413373385909,-33.10819393421492,0 -70.71225193778994,-33.10995005307031,0 -70.71089041173924,-33.11123857750516,0 -70.71014161319015,-33.11197233077019,0 -70.70981660852338,-33.11232520050989,0 -70.70977247452217,-33.11250115759803,0 -70.70976356503704,-33.11269121163021,0 -70.71001874311555,-33.11346113935951,0 -70.71036315761732,-33.11413223960854,0 -70.71122386328688,-33.11543168651772,0 -70.71247741607273,-33.11715510019411,0 -70.71243416255757,-33.1172239306498,0 
						</coordinates>
					</LinearRing>
				</outerBoundaryIs>
			</Polygon>
		</Placemark>
		<Placemark id="0DADC88DF03919258F01">
			<name>LT 04.04</name>
			<description><![CDATA[<div><b>Nombre área:</b>&nbsp;Camino Las Tórtolas - Quilapilún<br></div><div><b>Gerencia:&nbsp;</b>Gerencia Infraestructura y Servicios<br></div><div><b>Responsable:</b>&nbsp;Enrique Fernández<br></div>]]></description>
			<LookAt>
				<longitude>-70.71229444189824</longitude>
				<latitude>-33.1167009276054</latitude>
				<altitude>672.783027509241</altitude>
				<heading>334.6327738534285</heading>
				<tilt>0</tilt>
				<range>882.1595497890667</range>
				<altitudeMode>absolute</altitudeMode>
				<gx:fovy>35</gx:fovy>
			</LookAt>
			<styleUrl>#__managed_style_1548BABC183D3D1AF1FF</styleUrl>
			<Point>
				<coordinates>-70.71113092291191,-33.11541070767418,664.397176028804</coordinates>
			</Point>
		</Placemark>
		<Placemark id="068039A8CC3919289228">
			<name>LT 02.49</name>
			<description><![CDATA[<div><b>Nombre área:</b>&nbsp;Cantera Las Tórtolas<br></div><div><b>Gerencia:</b> Gerencia Infraestructura y Servicios<br></div><div><b>Responsable:</b>&nbsp;Enrique Fernández<br></div>]]></description>
			<LookAt>
				<longitude>-70.70815470481878</longitude>
				<latitude>-33.14893712810144</latitude>
				<altitude>756.147063581621</altitude>
				<heading>334.6249091985364</heading>
				<tilt>0</tilt>
				<range>1139.86738323365</range>
				<altitudeMode>absolute</altitudeMode>
				<gx:fovy>35</gx:fovy>
			</LookAt>
			<styleUrl>#__managed_style_1548BABC183D3D1AF1FF</styleUrl>
			<Point>
				<coordinates>-70.70781913712763,-33.14998584584438,742.4084880407247</coordinates>
			</Point>
		</Placemark>
		<Placemark id="06F92A671E39192A5AFC">
			<name>LT 03.02</name>
			<description><![CDATA[<div><b>Nombre área:</b>&nbsp;Camino Tranque<br></div><div><b>Gerencia:</b>&nbsp;Gerencia Planta<br></div><div><b>Responsable:</b>&nbsp;Rodrigo González<br></div>]]></description>
			<LookAt>
				<longitude>-70.75764471115939</longitude>
				<latitude>-33.13462687742861</latitude>
				<altitude>784.7551441342493</altitude>
				<heading>334.6536427298932</heading>
				<tilt>0</tilt>
				<range>1636.045364523015</range>
				<altitudeMode>absolute</altitudeMode>
				<gx:fovy>35</gx:fovy>
			</LookAt>
			<styleUrl>#__managed_style_04AF00A56E3D3D1AF204</styleUrl>
			<Point>
				<coordinates>-70.75760351941834,-33.1335473041902,770.3935166798378</coordinates>
			</Point>
		</Placemark>
		<Placemark id="0838470F6839192D317C">
			<name>LT 03.01</name>
			<description><![CDATA[<div><b>Nombre área:</b>&nbsp;Área Tranque Las Tórtolas<br></div><div><b>Gerencia:</b>&nbsp;Gerencia Planta<br></div><div><b>Responsable:</b>&nbsp;Rodrigo González<br></div>]]></description>
			<LookAt>
				<longitude>-70.73384386900506</longitude>
				<latitude>-33.1475277298658</latitude>
				<altitude>728.9010763156491</altitude>
				<heading>334.6389278031456</heading>
				<tilt>0</tilt>
				<range>4767.306589388754</range>
				<altitudeMode>absolute</altitudeMode>
				<gx:fovy>35</gx:fovy>
			</LookAt>
			<styleUrl>#__managed_style_04AF00A56E3D3D1AF204</styleUrl>
			<Point>
				<coordinates>-70.73224004842879,-33.14598347193351,720.7451923422972</coordinates>
			</Point>
		</Placemark>
		<Placemark id="02C07B7B9B391930165E">
			<name>LT 03.02</name>
			<description><![CDATA[<div><b>Nombre área:</b>&nbsp;Camino Tranque<br></div><div><b>Gerencia:</b>&nbsp;Gerencia Planta<br></div><div><b>Responsable:</b>&nbsp;Rodrigo González<br></div>]]></description>
			<LookAt>
				<longitude>-70.72860129571929</longitude>
				<latitude>-33.156869883242</latitude>
				<altitude>892.1254653709196</altitude>
				<heading>334.63478771046</heading>
				<tilt>0</tilt>
				<range>7396.223386300262</range>
				<altitudeMode>absolute</altitudeMode>
				<gx:fovy>35</gx:fovy>
			</LookAt>
			<styleUrl>#__managed_style_04AF00A56E3D3D1AF204</styleUrl>
			<Point>
				<coordinates>-70.72498523104612,-33.15409057366067,830.450572668788</coordinates>
			</Point>
		</Placemark>
		<Placemark id="0FDD2AA5843918BE0A89">
			<name>Polígono sin título</name>
			<LookAt>
				<longitude>-70.71306272982775</longitude>
				<latitude>-33.1183635747314</latitude>
				<altitude>678.5846026623014</altitude>
				<heading>12.71698412744812</heading>
				<tilt>0</tilt>
				<range>449.9145658632916</range>
				<altitudeMode>absolute</altitudeMode>
				<gx:fovy>35</gx:fovy>
			</LookAt>
			<styleUrl>#__managed_style_08C3A00A423D3D1AF1E302</styleUrl>
			<Polygon>
				<outerBoundaryIs>
					<LinearRing>
						<coordinates>
							-70.71309680197382,-33.11796058186457,0 -70.71356756051286,-33.11854894607342,0 -70.71379809461766,-33.11889252002408,0 -70.71386209314764,-33.11894945872631,0 -70.71392567155637,-33.11898798869838,0 -70.71402621984855,-33.11899518325043,0 -70.7141317942723,-33.11895112533649,0 -70.71434371063265,-33.11880431627885,0 -70.71446248222202,-33.11869819572142,0 -70.71460073772025,-33.1185933349587,0 -70.71472367650848,-33.11845118370655,0 -70.71481079848327,-33.1181647431039,0 -70.71492562071653,-33.11773951431686,0 -70.71497289378766,-33.11760689524642,0 -70.71502988378052,-33.11749648331634,0 -70.71518520179835,-33.11739780846104,0 -70.71531870213576,-33.1173645231531,0 -70.71551519417004,-33.11740911150971,0 -70.71562743040326,-33.11748008485085,0 -70.71570174770011,-33.11764577159888,0 -70.71571783367943,-33.11773687384124,0 -70.71572994677631,-33.11800477086085,0 -70.71570604212225,-33.11835513459656,0 -70.71570421355337,-33.11880420429562,0 -70.71574390661942,-33.1189510613866,0 -70.71590551147084,-33.11901272308726,0 -70.71638121647696,-33.11895841436133,0 -70.71677636990145,-33.11882832281673,0 -70.71740836104793,-33.11879108581045,0 -70.71763896564008,-33.1188201335271,0 -70.71839748901976,-33.11878587984864,0 -70.71903350328368,-33.11887209094658,0 -70.71960820457801,-33.11895010051015,0 -70.72009909980771,-33.119013931495,0 -70.72046784995396,-33.1190739719841,0 -70.72088960949131,-33.11909203572615,0 -70.72112758395915,-33.11908239555785,0 -70.72136646667758,-33.11902532196992,0 -70.7215685173062,-33.11895315230263,0 -70.72184037662041,-33.11886133667234,0 -70.72201659163092,-33.11879811537784,0 -70.72255134411373,-33.11876408338844,0 -70.72276046498158,-33.11875912289299,0 -70.72292650131772,-33.11872089703185,0 -70.72309689090847,-33.11863492205871,0 -70.72335935364757,-33.11837404827967,0 -70.72352195163057,-33.11823949838445,0 -70.72363450137303,-33.11815754671732,0 -70.7238239071818,-33.11807648573132,0 -70.72398964372061,-33.11801549599416,0 -70.72422993919221,-33.11799090550922,0 -70.72451358204816,-33.11791467027557,0 -70.7249442166916,-33.11770497702743,0 -70.72521735329788,-33.11755766305216,0 -70.72532731498336,-33.11748630376273,0 -70.72535915667454,-33.11741959989548,0 -70.72544920421826,-33.11731110256818,0 -70.72552729401826,-33.11728463342818,0 -70.72566456167321,-33.11726144886831,0 -70.72581916902078,-33.11716292857852,0 -70.72599566014947,-33.11692678486683,0 -70.72623079540584,-33.11674819750173,0 -70.72656075167781,-33.11667443980231,0 -70.72683130156746,-33.1167454981114,0 -70.72726490027465,-33.11685093865506,0 -70.72761585053203,-33.11705887930042,0 -70.72787201872734,-33.1170607301156,0 -70.7286390231618,-33.11705129778395,0 -70.72943018018033,-33.11704293281315,0 -70.72970638733266,-33.11700731330691,0 -70.72984563532037,-33.11697531989761,0 -70.72989147514669,-33.11689135695905,0 -70.72992610926723,-33.11673038754358,0 -70.72983844421496,-33.11653194534453,0 -70.72973974381776,-33.11641493192641,0 -70.7295655623863,-33.11632086743607,0 -70.72934806648476,-33.1162415430826,0 -70.72923367321214,-33.11612820645401,0 -70.72922210244158,-33.11600414569983,0 -70.7292658607808,-33.11589811551837,0 -70.72944398937615,-33.11578355041219,0 -70.72964209039509,-33.1156465131398,0 -70.72983397829529,-33.11542552274472,0 -70.72995955825652,-33.115154422729,0 -70.73009242948318,-33.11495941852579,0 -70.73013813613827,-33.11477476888453,0 -70.73019093428753,-33.11465236464478,0 -70.73038277656202,-33.11458726479242,0 -70.73070706448472,-33.11451357692481,0 -70.73108783455108,-33.11449590922749,0 -70.73141300420548,-33.11446381189931,0 -70.73174379127599,-33.11441442403947,0 -70.73222344537638,-33.11426216977971,0 -70.73270761410096,-33.11409825832965,0 -70.73295965190665,-33.11403697728554,0 -70.73314683823168,-33.11401384849685,0 -70.73334935015714,-33.11404138283873,0 -70.73365870071746,-33.11396768922864,0 -70.73391845615033,-33.11384477172803,0 -70.73425586837458,-33.11374358140728,0 -70.7343565835115,-33.11369538345448,0 -70.73511752535335,-33.11348895125688,0 -70.73534953095206,-33.11343071063434,0 -70.73546743400399,-33.11334389037862,0 -70.73553134833415,-33.11321933375968,0 -70.73561164281011,-33.11284886110727,0 -70.73564190419975,-33.11276143234777,0 -70.73576667541809,-33.11272722051422,0 -70.73593341740823,-33.11274106285919,0 -70.73627018727274,-33.11282443868874,0 -70.73633331054305,-33.11284865578646,0 -70.7363846363944,-33.11289427193538,0 -70.73637638261825,-33.11307525164251,0 -70.73633109561428,-33.11325334694916,0 -70.73623460595633,-33.11337135797395,0 -70.73626928315194,-33.1134418517284,0 -70.73639697667495,-33.11349580920083,0 -70.73652030814358,-33.11351328090647,0 -70.73661444758505,-33.11348705642079,0 -70.73664280792237,-33.11336993974727,0 -70.73656105322614,-33.11322419709138,0 -70.73662743737601,-33.11321132985789,0 -70.73675094825322,-33.11318797559552,0 -70.73689616201781,-33.11316839723534,0 -70.73698733706244,-33.11319616951936,0 -70.73689138881169,-33.11325583154695,0 -70.73674699049039,-33.1132876482264,0 -70.73669615023859,-33.11337590315267,0 -70.73670205204661,-33.11350917777435,0 -70.73657704083102,-33.11356444618536,0 -70.73647773000356,-33.11360463521573,0 -70.73628946714693,-33.11357095588773,0 -70.73618069598035,-33.11344052686862,0 -70.7361770061291,-33.11333419845774,0 -70.73624104884456,-33.11327057226318,0 -70.73625806167937,-33.11317333804276,0 -70.73626927578236,-33.11298392671926,0 -70.73623798269645,-33.11292653995783,0 -70.73616069574035,-33.11285444816798,0 -70.73606033207119,-33.11283321811605,0 -70.7358502511065,-33.11282705189974,0 -70.7357267326056,-33.11286495671875,0 -70.73567233937847,-33.11303601551548,0 -70.73559016776861,-33.11333781813017,0 -70.73554248556547,-33.11343592418487,0 -70.73537647226215,-33.11349841529964,0 -70.73456372448922,-33.11372324553994,0 -70.73412055219687,-33.1138384634035,0 -70.73379830336363,-33.11399029720551,0 -70.73355509540293,-33.11408171429066,0 -70.73332339270544,-33.11411070707539,0 -70.73312457768442,-33.11409439562893,0 -70.73278232965723,-33.1141533146459,0 -70.73219464185856,-33.11435527272841,0 -70.73170846733382,-33.11452746805032,0 -70.7313942124801,-33.11457824338415,0 -70.73098792875662,-33.11457975342336,0 -70.73056574011844,-33.11462180362741,0 -70.73034419579517,-33.11473965396195,0 -70.73021256508649,-33.11497680852271,0 -70.73001607462643,-33.11531919804274,0 -70.72977333213775,-33.11563623886856,0 -70.72959598131354,-33.11588932834422,0 -70.72960970939391,-33.11607863221357,0 -70.72982136727825,-33.11623693170279,0 -70.72998380222789,-33.11646604935352,0 -70.73006869535295,-33.1167287073333,0 -70.73005796554482,-33.11693513146296,0 -70.72981978222515,-33.11708296964908,0 -70.72900951267366,-33.11715749653554,0 -70.72794218568275,-33.11720627924891,0 -70.72756639710347,-33.11713960900824,0 -70.72699994581237,-33.11692775409361,0 -70.72673937686444,-33.11683466958983,0 -70.72651614025878,-33.11680865135843,0 -70.72641011340339,-33.11682925735734,0 -70.72621225719902,-33.11692628360789,0 -70.72591244153587,-33.11723042260573,0 -70.72570869604877,-33.11738437576192,0 -70.72529769936769,-33.11762940312325,0 -70.72487119316347,-33.11784568676502,0 -70.72438033542431,-33.11802364593331,0 -70.72385285886335,-33.11815140188325,0 -70.72345128082003,-33.11847687824774,0 -70.72320478042177,-33.11871469493913,0 -70.72295901305735,-33.11884957530788,0 -70.72266025706134,-33.11887363406843,0 -70.72236851479354,-33.11886226036779,0 -70.7221116030707,-33.11889833173097,0 -70.72162098857652,-33.11902197398548,0 -70.72152770925136,-33.11910733222027,0 -70.72113460317287,-33.1191721107587,0 -70.72083866723993,-33.1191787039744,0 -70.71997347585074,-33.11906936918235,0 -70.71891865133517,-33.1189106920121,0 -70.71816563401467,-33.11884112980327,0 -70.71791810900807,-33.11887839957349,0 -70.71769889189585,-33.11890507294514,0 -70.71730606251616,-33.11890758579142,0 -70.71710384199315,-33.11890585995561,0 -70.71675294439788,-33.11894391204608,0 -70.71633029740363,-33.11904380994162,0 -70.71588472708325,-33.11914322655094,0 -70.71569604658352,-33.11907778611012,0 -70.71559109888693,-33.11901262036373,0 -70.71558909740642,-33.11882503122536,0 -70.71560474339685,-33.11856233901368,0 -70.7155976047386,-33.11782679412711,0 -70.7155028204203,-33.11756893874801,0 -70.71538109273739,-33.1174644968734,0 -70.71519704246334,-33.11748597790617,0 -70.71506637713165,-33.11769666781696,0 -70.71498514093118,-33.11794689303974,0 -70.71492789462714,-33.11834169833209,0 -70.71477155562724,-33.11868702472842,0 -70.71428380602563,-33.11897989506649,0 -70.71410262529025,-33.1190796961116,0 -70.71392070039755,-33.11907493514719,0 -70.71376890434613,-33.11894783050237,0 -70.71294772790647,-33.11793421566166,0 -70.71302991194095,-33.11788050028026,0 -70.71309680197382,-33.11796058186457,0 
						</coordinates>
					</LinearRing>
				</outerBoundaryIs>
			</Polygon>
		</Placemark>
		<Placemark id="07CE28C1223918C570FB">
			<name>Polígono sin título</name>
			<LookAt>
				<longitude>-70.75739511551318</longitude>
				<latitude>-33.12704350755445</latitude>
				<altitude>758.6731951196484</altitude>
				<heading>0</heading>
				<tilt>0</tilt>
				<range>626.3699408226967</range>
				<altitudeMode>absolute</altitudeMode>
				<gx:fovy>35</gx:fovy>
			</LookAt>
			<styleUrl>#__managed_style_08C3A00A423D3D1AF1E302</styleUrl>
			<Polygon>
				<outerBoundaryIs>
					<LinearRing>
						<coordinates>
							-70.75657856420543,-33.1270591941648,0 -70.75695078919598,-33.12709689946138,0 -70.75742406725871,-33.12703672289792,0 -70.75762824607322,-33.12692000901843,0 -70.75834821856031,-33.12658008631516,0 -70.75901618054121,-33.12629092457087,0 -70.75965296712462,-33.12606967635003,0 -70.75996156510904,-33.12587583392204,0 -70.76017663410977,-33.12569294976543,0 -70.76034699543084,-33.12552766315391,0 -70.76052985398655,-33.12527394529499,0 -70.76065464402197,-33.12503817405173,0 -70.76071603810533,-33.12487301014031,0 -70.76082156968077,-33.12480415775801,0 -70.76092512227738,-33.12478733867362,0 -70.76104013553309,-33.12478463580614,0 -70.76118588170921,-33.12486360304753,0 -70.76150961175117,-33.12503033959965,0 -70.761662883452,-33.12526506007427,0 -70.76173512209731,-33.1255976238697,0 -70.76184025813932,-33.1259108543884,0 -70.76187504108505,-33.12617299470544,0 -70.76176086413639,-33.1265136532009,0 -70.76170346452203,-33.1267940052549,0 -70.76176084972917,-33.12688775757297,0 -70.76210775034274,-33.12681828587393,0 -70.76288851466607,-33.12666989331072,0 -70.76329843697883,-33.12662389526535,0 -70.76383106906847,-33.12674780317355,0 -70.76417835945988,-33.12703411959789,0 -70.76420156326145,-33.12734810820236,0 -70.7636980868887,-33.12839611513372,0 -70.76363140482648,-33.12862835253869,0 -70.76361251905774,-33.12882954184463,0 -70.76374921544968,-33.12905238159323,0 -70.76389014004656,-33.1292261785909,0 -70.76385279914787,-33.12942080685747,0 -70.76371996457461,-33.1301696114218,0 -70.76358235785179,-33.13021524124585,0 -70.76359348639821,-33.13012735425969,0 -70.76370515019785,-33.12946666708574,0 -70.76375823609001,-33.129167209283,0 -70.76357437067014,-33.12906640108957,0 -70.76346736013875,-33.12902528168179,0 -70.76350433726923,-33.12878652650784,0 -70.76362548944176,-33.12833772438185,0 -70.76400938209227,-33.12751410101666,0 -70.763996689308,-33.12715025534844,0 -70.76386969499602,-33.12702981699243,0 -70.76345217693533,-33.12679639806968,0 -70.76308780893615,-33.12676399859142,0 -70.76239793105546,-33.12688259461547,0 -70.76177315790899,-33.1270712856125,0 -70.7615329989432,-33.12705206591307,0 -70.76151981825498,-33.12688021254637,0 -70.76167810866596,-33.12639064148457,0 -70.76173448218906,-33.12601740743685,0 -70.76163062363823,-33.12554443408779,0 -70.76144673837153,-33.12518451158238,0 -70.76114854290971,-33.12502073261818,0 -70.76089222102713,-33.12498756543398,0 -70.76078673790377,-33.1251730168437,0 -70.76054316411884,-33.12551860263302,0 -70.76002345308477,-33.12598294715279,0 -70.75952159904863,-33.1262744470549,0 -70.75893759869365,-33.1264636608059,0 -70.75818300774576,-33.12674474049729,0 -70.7576629421925,-33.12705051635017,0 -70.75743528195648,-33.12720188526578,0 -70.75714332387389,-33.12722485108107,0 -70.75686552499759,-33.12722006312483,0 -70.75661092345896,-33.12718645693835,0 -70.75657856420543,-33.1270591941648,0 
						</coordinates>
					</LinearRing>
				</outerBoundaryIs>
			</Polygon>
		</Placemark>
		<Placemark id="01C1B4BD7A39190EDC84">
			<name>Polígono sin título</name>
			<LookAt>
				<longitude>-70.76275127169941</longitude>
				<latitude>-33.13039883863676</latitude>
				<altitude>605.4688699916099</altitude>
				<heading>356.3196680251267</heading>
				<tilt>0</tilt>
				<range>575.463681403271</range>
				<altitudeMode>absolute</altitudeMode>
				<gx:fovy>35</gx:fovy>
			</LookAt>
			<styleUrl>#__managed_style_08C3A00A423D3D1AF1E302</styleUrl>
			<Polygon>
				<outerBoundaryIs>
					<LinearRing>
						<coordinates>
							-70.76338643198883,-33.13028207745725,0 -70.76318448729113,-33.13043382341995,0 -70.76279092114098,-33.13072047696725,0 -70.76244141475978,-33.1310712048259,0 -70.76247700713867,-33.13157410956036,0 -70.7625002869212,-33.13188891621531,0 -70.76234062196833,-33.13217201939836,0 -70.76214025023525,-33.13235733012105,0 -70.76196136196648,-33.1324641358919,0 -70.76168684032673,-33.13247385900373,0 -70.76156133677357,-33.13239122827708,0 -70.76146466589962,-33.13225565931474,0 -70.7613066122356,-33.13198104843308,0 -70.76126532536645,-33.13186586440334,0 -70.76113602838112,-33.13187466757651,0 -70.76103671110337,-33.13206078760565,0 -70.76089049903811,-33.13279686825427,0 -70.76074565166819,-33.13306674191831,0 -70.76049636094757,-33.13384225080465,0 -70.76054319865391,-33.13404526181655,0 -70.76068172591324,-33.13426224057648,0 -70.7609064013931,-33.13449008065669,0 -70.76096711086907,-33.13460776970952,0 -70.76075781792886,-33.13477509015016,0 -70.76044712997808,-33.13488687960473,0 -70.76031460259104,-33.13488993215284,0 -70.76015990515147,-33.13477277301703,0 -70.76006067166104,-33.13457685702686,0 -70.75999398811281,-33.13432946540962,0 -70.75993526059328,-33.13431893037046,0 -70.75990706693798,-33.13437509663382,0 -70.75988435296601,-33.13480434866039,0 -70.75989641906426,-33.13509608647646,0 -70.75997327118658,-33.13537572555212,0 -70.75998902959815,-33.13550406406858,0 -70.75988001277811,-33.13558131735864,0 -70.75967961902198,-33.13551524197443,0 -70.75950549639613,-33.13527174874073,0 -70.75930173865363,-33.13507431228916,0 -70.75914898569914,-33.13484226493594,0 -70.75896883398043,-33.13415525840029,0 -70.75876721624277,-33.13371738344129,0 -70.75872066952506,-33.1335993841764,0 -70.75864372712697,-33.13352990319193,0 -70.75852368571101,-33.13356133248267,0 -70.7585253695019,-33.13398106746775,0 -70.75854475668937,-33.13420813252996,0 -70.75838247873922,-33.13433105261239,0 -70.75827788352485,-33.13432801310762,0 -70.75811361268282,-33.1341797010155,0 -70.75792659454302,-33.13399887770711,0 -70.7577845839394,-33.13370813491181,0 -70.75769427079335,-33.13367450569805,0 -70.75772055351703,-33.13376250691622,0 -70.7577220722419,-33.13419377735381,0 -70.75746686751886,-33.134495894309,0 -70.75720205562833,-33.1348641255112,0 -70.75702500107354,-33.13543010851629,0 -70.75694526819609,-33.13620388391728,0 -70.75691060329592,-33.13654352575071,0 -70.7565867353334,-33.13687557682671,0 -70.75629939231015,-33.13723670369438,0 -70.75609318042167,-33.13733022553683,0 -70.75598699938642,-33.13747187897795,0 -70.75579112785849,-33.13772489962654,0 -70.75556629441132,-33.13783511084183,0 -70.75527194811583,-33.137744526355,0 -70.75506498731939,-33.13752301695719,0 -70.75478903750655,-33.13733578085375,0 -70.75420360836506,-33.13718137084133,0 -70.75400738875894,-33.13716626721327,0 -70.75378841832412,-33.13729244135131,0 -70.75314424164668,-33.13804839899658,0 -70.75267542952695,-33.13840494455089,0 -70.75213600971746,-33.1388811895419,0 -70.75183176875186,-33.1392629724963,0 -70.75140022044721,-33.13972535584054,0 -70.75118341986955,-33.13984018355247,0 -70.7508803808534,-33.13997585909885,0 -70.75080448130744,-33.14023808751502,0 -70.7506432662849,-33.14038670513454,0 -70.75041876862807,-33.14039806010566,0 -70.75019119224032,-33.14028765101026,0 -70.74996508215321,-33.14005602176258,0 -70.74981164668435,-33.13984660717252,0 -70.74976554817025,-33.13959563804982,0 -70.74960641802916,-33.13923974796508,0 -70.74948564804144,-33.13893470739105,0 -70.74923740238643,-33.13869208603431,0 -70.74912936866268,-33.13861162644018,0 -70.74893614310255,-33.13860414449216,0 -70.74875200747614,-33.13870319309039,0 -70.7480908479899,-33.13938072270584,0 -70.74771301377245,-33.13992020851636,0 -70.74744624180394,-33.14054614982865,0 -70.74622979925671,-33.14181522740625,0 -70.74609089124024,-33.14216001630897,0 -70.74585385747177,-33.14226848191756,0 -70.7451125237362,-33.14226384948462,0 -70.74479771776718,-33.14236915793136,0 -70.74378904666966,-33.14312527922868,0 -70.74334763869143,-33.14315786596131,0 -70.74321912812493,-33.14324040076554,0 -70.74199561548734,-33.14397409136387,0 -70.74166607279798,-33.14418397188712,0 -70.74162191727152,-33.14443624190744,0 -70.7418249155068,-33.14460789961471,0 -70.74227959546317,-33.14464578255563,0 -70.74248731899692,-33.14475730575853,0 -70.7425103656465,-33.14499324100716,0 -70.74231135040903,-33.14520347685735,0 -70.7422464759631,-33.14541472592204,0 -70.74244183244501,-33.14563148312709,0 -70.74308750849863,-33.14582021225935,0 -70.74356658778954,-33.14634180429123,0 -70.74362342197722,-33.14696772479391,0 -70.74313405018262,-33.14794945635641,0 -70.74183669546613,-33.14875904087587,0 -70.74178621931917,-33.14951992852323,0 -70.74189842705114,-33.15002277927754,0 -70.74196310776364,-33.15037642487752,0 -70.74191160199238,-33.15062840103629,0 -70.74165153510752,-33.15138060257604,0 -70.74160480901966,-33.15155014597855,0 -70.74162266239199,-33.15176824749972,0 -70.74158359740098,-33.15203957093834,0 -70.74143950314351,-33.15232081405645,0 -70.74116499850915,-33.15250644283437,0 -70.74086386870863,-33.15267401103102,0 -70.74056803505455,-33.15307331114748,0 -70.74051183280153,-33.15323275851097,0 -70.74049080153654,-33.15350120765147,0 -70.74046495217371,-33.15367378870202,0 -70.74029636032041,-33.15379865346123,0 -70.73983379865548,-33.15402472309695,0 -70.73966319911158,-33.15423463983323,0 -70.73954821661029,-33.15474037079168,0 -70.73931100207656,-33.1550846659976,0 -70.73912342292199,-33.15520853588114,0 -70.73853540465662,-33.15532074867892,0 -70.73830009876761,-33.15540611132283,0 -70.73811933154958,-33.15557687538427,0 -70.73804617322787,-33.1558723475268,0 -70.7381405533926,-33.1561383996637,0 -70.73827043053079,-33.156442681573,0 -70.73838869133746,-33.15688187207144,0 -70.73840708993305,-33.15725713114315,0 -70.73859458376656,-33.15766658553248,0 -70.73861234068549,-33.15786267958082,0 -70.73836425205006,-33.15818494574176,0 -70.73826207676569,-33.15839680106377,0 -70.73796629393952,-33.15864458497762,0 -70.73772507780606,-33.15875563217537,0 -70.73745498503121,-33.15865243770482,0 -70.73736473593037,-33.15855280942949,0 -70.73732386608316,-33.15836946349538,0 -70.73710187146055,-33.15812842671549,0 -70.73704098417075,-33.1579908662972,0 -70.73697012344849,-33.15764019297329,0 -70.73639455198447,-33.15705898003365,0 -70.73601470164429,-33.15661246173158,0 -70.7358235112638,-33.15657508610719,0 -70.73560611802597,-33.15658551758895,0 -70.7354923742309,-33.15683836807478,0 -70.73531025135694,-33.15698900919469,0 -70.73489770915143,-33.15709000513385,0 -70.73459650301248,-33.15702696601701,0 -70.73428278562299,-33.1566595007996,0 -70.7338217674934,-33.15602762389602,0 -70.73377955278116,-33.15576659234384,0 -70.73360432109266,-33.15555343299238,0 -70.73326597922369,-33.15531603589726,0 -70.73281225447343,-33.15522588936507,0 -70.73243381774246,-33.15507498721822,0 -70.73203664159315,-33.15491461455672,0 -70.73177607297819,-33.15470454217011,0 -70.73135847643528,-33.1545338024747,0 -70.72997456624033,-33.15421938091119,0 -70.72901209382519,-33.15412987246043,0 -70.72778636311206,-33.15420998764885,0 -70.72758731879188,-33.15428729312412,0 -70.72738479791722,-33.15430887130719,0 -70.72696486264209,-33.15428795103631,0 -70.72668789171426,-33.15418493468179,0 -70.72611110568138,-33.15401423314596,0 -70.72525246220677,-33.15393282514162,0 -70.72503533955091,-33.15399852872886,0 -70.72485889306951,-33.15423201718321,0 -70.72472896928981,-33.15434443742483,0 -70.72433599915449,-33.15440162457516,0 -70.72412988278545,-33.15453022369575,0 -70.7240758283277,-33.15491955549537,0 -70.72417681890133,-33.15525018310807,0 -70.72437728420145,-33.15550674010824,0 -70.72464357905068,-33.15569072062728,0 -70.72489897597001,-33.15606905118747,0 -70.72552124508356,-33.15676605494113,0 -70.7258659040228,-33.15702416335662,0 -70.72630842862593,-33.1573801886568,0 -70.72637828825013,-33.15756338115521,0 -70.72630466616775,-33.15771520704581,0 -70.72608062500979,-33.15776895094196,0 -70.72595228567349,-33.1577225081783,0 -70.7258583064893,-33.1576844095208,0 -70.72571756848529,-33.15762926743663,0 -70.72550314159655,-33.15754697313867,0 -70.72521204925617,-33.15748550689182,0 -70.72467448834537,-33.15734712271153,0 -70.72453111542161,-33.1573177442134,0 -70.72438143690113,-33.15730012632836,0 -70.72425450791209,-33.15733186454243,0 -70.72407129877816,-33.15744953121288,0 -70.72383244631095,-33.15764234321432,0 -70.72356982270504,-33.15785035158994,0 -70.7233926846601,-33.15786359903657,0 -70.72323278180343,-33.15782658584617,0 -70.72298890196741,-33.15769670578664,0 -70.72272172210127,-33.15757701448866,0 -70.72256373743475,-33.15758546873146,0 -70.72235149497511,-33.15771081575684,0 -70.72228262675017,-33.15785956809165,0 -70.72214256018766,-33.15801705105191,0 -70.72198648894768,-33.15806656618891,0 -70.72186574592298,-33.1580686158641,0 -70.72179209826135,-33.158038872554,0 -70.72165096945663,-33.15792341579076,0 -70.72150285124836,-33.15772276009013,0 -70.72113588030467,-33.15720539320947,0 -70.72091946434104,-33.15691608972045,0 -70.72079168102552,-33.15680620230622,0 -70.72065166401205,-33.15676425869836,0 -70.72046272761591,-33.15679890988611,0 -70.72034067925308,-33.15692110230098,0 -70.72024891178961,-33.15714028019969,0 -70.72009280571977,-33.15731638715336,0 -70.71986708480374,-33.15752255686898,0 -70.71981164488339,-33.15768214650828,0 -70.71977219394175,-33.1580327471524,0 -70.71964295017446,-33.15822514896904,0 -70.71953061354132,-33.15837419140117,0 -70.7194406529799,-33.1584277481734,0 -70.71935835851377,-33.15845574244638,0 -70.71925180298997,-33.15845209679323,0 -70.71910101741091,-33.15838265269297,0 -70.71894571319778,-33.15831879758608,0 -70.71878920831848,-33.15829936206165,0 -70.71851624173824,-33.15836604570839,0 -70.71836601476507,-33.15834443939428,0 -70.7182722475066,-33.15831904883283,0 -70.71811487666031,-33.15821734393423,0 -70.71797430414478,-33.15808325255145,0 -70.7178301449019,-33.1579811366538,0 -70.71766192919786,-33.15796587210401,0 -70.71757436573249,-33.15795942798633,0 -70.71746182845123,-33.15802662234825,0 -70.71727416086638,-33.15819309070677,0 -70.71669837152319,-33.15872593410072,0 -70.71657150538462,-33.15885308904114,0 -70.71644105038973,-33.15892260595716,0 -70.71623443497226,-33.1589293190592,0 -70.71607016791755,-33.15889439827967,0 -70.7157792337387,-33.15874810092379,0 -70.71562667097849,-33.15868460947262,0 -70.71551618418056,-33.15867706574237,0 -70.71533639057027,-33.15872450351223,0 -70.71435412614922,-33.15911828878872,0 -70.71401706241895,-33.15913374413549,0 -70.71366909174603,-33.15911668784814,0 -70.7135322236545,-33.15909045919514,0 -70.71342929635084,-33.15901869258052,0 -70.71334114657118,-33.15888304062822,0 -70.71323440277106,-33.15806143340902,0 -70.71317032866182,-33.15717814980994,0 -70.7133209839668,-33.15680143139898,0 -70.71328464214587,-33.15656656350474,0 -70.71286538148949,-33.15604130970147,0 -70.71274983473222,-33.15580657415288,0 -70.71280054554283,-33.15562257607389,0 -70.71302004791397,-33.15543547799352,0 -70.71347818552761,-33.15516461295002,0 -70.71364102561881,-33.15503449341271,0 -70.71373498645728,-33.15485750574443,0 -70.71365505567117,-33.15458865828435,0 -70.71351941733775,-33.15446083626321,0 -70.71309452230564,-33.15425560377502,0 -70.71297716669685,-33.15409634386273,0 -70.71206866191453,-33.15246738609466,0 -70.71215129032747,-33.15226560611242,0 -70.71254674030573,-33.1520420637727,0 -70.71286960322627,-33.15198622438817,0 -70.71279923507755,-33.15180201937488,0 -70.71290493688778,-33.15179008168978,0 -70.7130473659752,-33.15202714433323,0 -70.71230058462358,-33.15227146752053,0 -70.71220705906687,-33.15241785827988,0 -70.71224728710162,-33.1526247897404,0 -70.71256097900783,-33.15307652283072,0 -70.71308238597,-33.15406730445176,0 -70.71313671851208,-33.15414186185948,0 -70.71327360638564,-33.15428219965041,0 -70.71357942691434,-33.15439470023306,0 -70.71372217012126,-33.15450998269632,0 -70.71384966258526,-33.15477201992331,0 -70.71379727696069,-33.15503870095193,0 -70.71360139135011,-33.15525541343982,0 -70.71316050736817,-33.15545085094906,0 -70.71293873857952,-33.15568328256116,0 -70.71292433859973,-33.15590026290532,0 -70.71317019332191,-33.15625308228984,0 -70.7134357256739,-33.15656092316538,0 -70.7134626561421,-33.15685842144775,0 -70.71328110792689,-33.15713926266522,0 -70.71326630185082,-33.15748307413212,0 -70.71333915349916,-33.15824761222375,0 -70.71344120303242,-33.15892269902164,0 -70.71364545454713,-33.15905409957084,0 -70.71398626572211,-33.15909210200407,0 -70.71429333209321,-33.159070586528,0 -70.71456984676905,-33.15894028816834,0 -70.71519104547748,-33.15868142476577,0 -70.71546963615212,-33.15861086634885,0 -70.71568653953385,-33.15862580532399,0 -70.71605344151052,-33.15879513946609,0 -70.71622608177988,-33.15886245511403,0 -70.71641945229253,-33.15884414106526,0 -70.71662346952714,-33.15871570971682,0 -70.71684923217161,-33.15847692913719,0 -70.71729238943348,-33.15805738116916,0 -70.71751296126594,-33.15788977829794,0 -70.71773740311954,-33.15786435001299,0 -70.71793532412882,-33.15795923177276,0 -70.718126169879,-33.15810472472299,0 -70.71832235340273,-33.15824985160553,0 -70.71852833671591,-33.15829189909024,0 -70.71881039246249,-33.15824676736261,0 -70.71908451114996,-33.15830249507162,0 -70.71928472694341,-33.1583850069736,0 -70.71941875302542,-33.15838071967679,0 -70.71960491748355,-33.15817929210874,0 -70.71968581633278,-33.15803043156377,0 -70.71971091745961,-33.15782680597134,0 -70.71976404824855,-33.15756920412556,0 -70.7198548754596,-33.15739070965115,0 -70.72006788655139,-33.15722912991513,0 -70.72022701614276,-33.15702813651281,0 -70.72030530040516,-33.15679564614924,0 -70.72044664056129,-33.15671885459504,0 -70.72067884308484,-33.15669038043685,0 -70.72086997590456,-33.15674893729907,0 -70.72103074486272,-33.15690425286442,0 -70.72163912037001,-33.1577856518992,0 -70.72171581182467,-33.15790649775491,0 -70.72187461462984,-33.1579893347607,0 -70.72206411021993,-33.15797599926125,0 -70.72215658268496,-33.15787708949821,0 -70.72216574818471,-33.15776156794899,0 -70.72202849667261,-33.15773858749002,0 -70.72223361484625,-33.1575654557093,0 -70.72250894836749,-33.15746902801607,0 -70.72269788246631,-33.1575013288723,0 -70.72300895206247,-33.15760297553074,0 -70.72322948916749,-33.15773201684322,0 -70.72336991808757,-33.15780672109568,0 -70.72346504533819,-33.15775650282356,0 -70.7236605356629,-33.15764699143079,0 -70.72389316306358,-33.15746606199706,0 -70.72419718233574,-33.15727760567523,0 -70.72445975602703,-33.1572295927561,0 -70.72479167297698,-33.15731668797644,0 -70.72548247799755,-33.15746720807014,0 -70.72589812064361,-33.15763102914556,0 -70.72609716384083,-33.15770120959916,0 -70.72621292461928,-33.15766883321531,0 -70.72629647799216,-33.15756183571938,0 -70.72619184221473,-33.15736484991406,0 -70.7258354885374,-33.15709281127187,0 -70.72545381927836,-33.15681903936014,0 -70.72469087226912,-33.15602294418346,0 -70.72449236944907,-33.15572542599872,0 -70.72424583209305,-33.15557974063253,0 -70.72405694393939,-33.15525842082084,0 -70.72396788929625,-33.15491036427411,0 -70.72404066323574,-33.15451833655085,0 -70.72420307310027,-33.1543499127013,0 -70.72458417840095,-33.15421615083061,0 -70.72471930603901,-33.15398183513583,0 -70.72508896326714,-33.1538138888782,0 -70.72573253837116,-33.15388472024578,0 -70.72651653157918,-33.15406274562819,0 -70.72704062941669,-33.15422545191402,0 -70.72742334764345,-33.1542219431069,0 -70.72768948514334,-33.15411933897248,0 -70.72813977256497,-33.15408402562801,0 -70.72889259739256,-33.15404652032661,0 -70.73009557210558,-33.15414194678407,0 -70.73088194144189,-33.15432133870618,0 -70.73159837444793,-33.1545130674038,0 -70.73204543061387,-33.15474840294701,0 -70.7323279024471,-33.15493021823251,0 -70.73295709067365,-33.15516311652676,0 -70.73333606925824,-33.15524268703879,0 -70.73373177700104,-33.15552764736296,0 -70.73389700099031,-33.15574033108906,0 -70.73394203283951,-33.15599013388139,0 -70.73420696775895,-33.15641815453521,0 -70.73450722332275,-33.1567738558567,0 -70.73472951013672,-33.15695683114333,0 -70.734986085709,-33.15695306982643,0 -70.73519307082698,-33.1569001743398,0 -70.73531668735973,-33.1567962738848,0 -70.73537545438435,-33.15666989968908,0 -70.73550519590914,-33.1565598573286,0 -70.73564686348988,-33.15650172908788,0 -70.73582407706297,-33.15647478353348,0 -70.73598909998429,-33.15652328468915,0 -70.73624865792766,-33.15677053390793,0 -70.73705140353334,-33.15761249010936,0 -70.73710697625621,-33.15779655498319,0 -70.73716000352454,-33.15806945629788,0 -70.73737200255306,-33.1583257071344,0 -70.73741686834261,-33.15842724074451,0 -70.73746289693605,-33.15858130015421,0 -70.73762124779701,-33.15866272044155,0 -70.73774355339292,-33.15863568005705,0 -70.73803215286672,-33.15847812122741,0 -70.73823512587248,-33.15830058402769,0 -70.73829971064373,-33.15806726164902,0 -70.73840147478387,-33.15796725484211,0 -70.73848609910075,-33.15789266985469,0 -70.73850667092199,-33.15774974128582,0 -70.73847087097704,-33.15761645183368,0 -70.73830559802066,-33.15719944972337,0 -70.73825772933108,-33.1568415469445,0 -70.73821071868211,-33.15657531870842,0 -70.73799167897626,-33.15597663678304,0 -70.73798253143362,-33.15580565135505,0 -70.73803835355959,-33.15540569896837,0 -70.73835120111202,-33.1552549359518,0 -70.73887202881788,-33.15513480504551,0 -70.73919864263448,-33.15507790643691,0 -70.7393848214148,-33.15478056734571,0 -70.73950377678142,-33.15439241617626,0 -70.73956823626617,-33.15417419498038,0 -70.73975303129319,-33.15397687946961,0 -70.74012598920937,-33.15381719031119,0 -70.740365082824,-33.15370513838052,0 -70.74045543240759,-33.15355486967341,0 -70.74041110746833,-33.15332503222393,0 -70.74049968087813,-33.15306870785307,0 -70.74064613334852,-33.1528673849534,0 -70.74087720440582,-33.15260412025204,0 -70.7412133732702,-33.15241024000165,0 -70.74139798071637,-33.15224863821037,0 -70.74152091893475,-33.15203633927586,0 -70.74151386986541,-33.1517839717531,0 -70.74154056280847,-33.15147771931586,0 -70.74170435694272,-33.150946194536,0 -70.74187088233496,-33.15038740163333,0 -70.74168893148816,-33.14963167848774,0 -70.74167850705388,-33.14948237351818,0 -70.74177302252583,-33.14868475785156,0 -70.74193576603018,-33.14855887199393,0 -70.74225036120369,-33.14840781629827,0 -70.74313175037136,-33.14782996252629,0 -70.74350711601957,-33.14697234546688,0 -70.74348522062252,-33.14657178903344,0 -70.74343288179622,-33.14629239230058,0 -70.74318795324309,-33.14602000572231,0 -70.74296105435515,-33.14584911641223,0 -70.74262524122751,-33.14578848033552,0 -70.74226947809836,-33.14561267468784,0 -70.74215739516131,-33.14528433136995,0 -70.74225107549424,-33.14514278084768,0 -70.74244770606613,-33.14490854432437,0 -70.74236162723291,-33.14477494004565,0 -70.74193471899069,-33.14469376591853,0 -70.74165812077428,-33.1445941838403,0 -70.74153332226845,-33.14441865553292,0 -70.74158992501626,-33.14417355554257,0 -70.74175507225814,-33.14405092404748,0 -70.74236559900241,-33.1436752510607,0 -70.74289594462228,-33.14333116282219,0 -70.7433161084592,-33.14312381145069,0 -70.74372667571376,-33.1430389505097,0 -70.74397311571568,-33.14290139117075,0 -70.74444865068904,-33.14247392770353,0 -70.74480069207283,-33.14224790299404,0 -70.74520163261417,-33.14219313634417,0 -70.74572937258873,-33.14219435826733,0 -70.7459615489194,-33.14214699638474,0 -70.74607440866305,-33.14196095536852,0 -70.74619947152743,-33.14171742966003,0 -70.74641247159994,-33.14146805871179,0 -70.74689797651382,-33.1409803888268,0 -70.74717571283473,-33.14069399703126,0 -70.74737818263503,-33.14049380412018,0 -70.7475378271496,-33.14017951975813,0 -70.74762780830622,-33.1398839955667,0 -70.74793953418654,-33.13938588322999,0 -70.74831556855476,-33.13900924205574,0 -70.74870679888961,-33.13858498268311,0 -70.74887802802661,-33.13849482718288,0 -70.74906080142335,-33.1385041639457,0 -70.74929518041576,-33.13860853474677,0 -70.74950156242205,-33.13887114802764,0 -70.74965766043937,-33.13905509612371,0 -70.74980645791931,-33.1394463932378,0 -70.7499249107081,-33.1399419441877,0 -70.75014516285142,-33.1401199298938,0 -70.75039679455708,-33.14028088932969,0 -70.75054973889738,-33.14032217932962,0 -70.7506333810236,-33.14027187891547,0 -70.7506573977038,-33.14008170395717,0 -70.75075845668192,-33.13991495882593,0 -70.75093393805658,-33.13985822151175,0 -70.75129845452761,-33.13973292764715,0 -70.75152637244916,-33.13948044011625,0 -70.75191931458848,-33.1390379251589,0 -70.7521891423543,-33.13875261374891,0 -70.75267476214655,-33.1382980702331,0 -70.75303631690657,-33.13795668329511,0 -70.75348273191214,-33.13751970369822,0 -70.75375760250429,-33.13712677417342,0 -70.75402625366031,-33.13701588577365,0 -70.75449951934532,-33.13712977409283,0 -70.75488017887379,-33.13728276444512,0 -70.75518896602139,-33.13753547929594,0 -70.75537153501028,-33.13767439182339,0 -70.75556677536287,-33.13766912178797,0 -70.75572328569518,-33.13761236692343,0 -70.75591532829137,-33.13740540482338,0 -70.75636376861202,-33.13694041588447,0 -70.75678445058739,-33.13653210499935,0 -70.75686080530045,-33.13632510614,0 -70.75689820567771,-33.13566568883698,0 -70.75693310171286,-33.13534792152318,0 -70.75713983119307,-33.13477570949342,0 -70.75740733439298,-33.13442224503553,0 -70.75765417399843,-33.13416191295201,0 -70.75761668549539,-33.13376414443515,0 -70.75758072244645,-33.13359755372576,0 -70.75756313137636,-33.13349770978214,0 -70.75756562698419,-33.133381007878,0 -70.75755542599147,-33.13322931787191,0 -70.7574920363749,-33.13313212931053,0 -70.75738191042382,-33.13308944653658,0 -70.75722873798274,-33.13312395983471,0 -70.75710464796849,-33.13323038060507,0 -70.7567454616764,-33.13349356772091,0 -70.75654210234836,-33.13363812099525,0 -70.7562232332038,-33.13393653521369,0 -70.75603337869555,-33.13415932854222,0 -70.75580788148213,-33.13442839745038,0 -70.75576991319345,-33.13459466773232,0 -70.75588628779734,-33.13468789293132,0 -70.75615928369669,-33.13467020068105,0 -70.75612562541244,-33.13476025906925,0 -70.75584923497394,-33.13476507097381,0 -70.75566942571278,-33.13467940800042,0 -70.75564438665792,-33.13456672337768,0 -70.75570005416175,-33.13441712572037,0 -70.75586280102533,-33.13419460297765,0 -70.75606606679648,-33.13396203282991,0 -70.75637522745582,-33.13362669280594,0 -70.7568882084974,-33.13321773383758,0 -70.75710517264395,-33.13303325775097,0 -70.75732423456336,-33.13300237901915,0 -70.75747480983034,-33.13306327530495,0 -70.75761681204975,-33.13315853669114,0 -70.75764469312975,-33.1333554092255,0 -70.75765224081373,-33.13359009687316,0 -70.7577209038184,-33.13362955625001,0 -70.75782004361639,-33.13369360966167,0 -70.75793460284333,-33.13380763392647,0 -70.75809424056163,-33.13401192292984,0 -70.75824990694265,-33.13416740543131,0 -70.75836030167848,-33.1342299544049,0 -70.7584033272888,-33.13409571913127,0 -70.75841476755308,-33.13368847729213,0 -70.75845178720758,-33.13345547898793,0 -70.75851551150613,-33.13339340349452,0 -70.7586656325598,-33.13339595727918,0 -70.75878301732548,-33.13353806798789,0 -70.75898941785304,-33.13389102924788,0 -70.7591519284591,-33.13419548819353,0 -70.75923648362989,-33.13460531267651,0 -70.75936269469807,-33.13495668666351,0 -70.7595207387656,-33.13513820282823,0 -70.75977090518063,-33.13537876609925,0 -70.75983701438801,-33.13534162872412,0 -70.75977887063982,-33.13520472977229,0 -70.75972761284824,-33.13481691668631,0 -70.75975437234324,-33.13453596763494,0 -70.75979033301911,-33.13420995872863,0 -70.75987576966672,-33.13410517212284,0 -70.75996899464968,-33.13410804834715,0 -70.76007899758905,-33.13424075257583,0 -70.76017134108898,-33.13445039775265,0 -70.76026865065639,-33.13468653722231,0 -70.76044108444357,-33.13474175431649,0 -70.76069657328729,-33.13464086883862,0 -70.76075271249856,-33.13448450759352,0 -70.76055984057707,-33.13427626185474,0 -70.76039969352267,-33.13406202929418,0 -70.76038200077754,-33.13382159915936,0 -70.760555195918,-33.13316024944636,0 -70.76066019055901,-33.13293195898469,0 -70.76081705251022,-33.13255106641648,0 -70.76091972375963,-33.13200202324528,0 -70.76097584415081,-33.13182828557517,0 -70.76114616886012,-33.13173812849904,0 -70.76132675321459,-33.13173427976369,0 -70.76146757128406,-33.13187213631883,0 -70.76154949386628,-33.13221649343755,0 -70.76172781096247,-33.13238354207894,0 -70.76204206857165,-33.13230330312092,0 -70.76229218985098,-33.13203555404002,0 -70.76241819849078,-33.1317848244422,0 -70.76231506290158,-33.13108093030224,0 -70.76209780949313,-33.13100178204731,0 -70.76198510881251,-33.1309110807542,0 -70.76187981439516,-33.13079534855672,0 -70.76164302004048,-33.13075653626176,0 -70.7613354968708,-33.13084337055954,0 -70.76061266358123,-33.13099989767435,0 -70.76031254932109,-33.13102112042508,0 -70.75988095169127,-33.13083311026711,0 -70.75958239937754,-33.13063850664238,0 -70.75942768975838,-33.13049326283902,0 -70.75908859119225,-33.13023364551334,0 -70.75868281628173,-33.13011686243652,0 -70.75854439386684,-33.13016662803145,0 -70.7583230849315,-33.13026159013629,0 -70.75802692566496,-33.13022962719428,0 -70.7575962512134,-33.13026496008395,0 -70.75720214776815,-33.13032420890485,0 -70.75688983471281,-33.13038482790925,0 -70.75665222951429,-33.13067260701636,0 -70.75656744627418,-33.13093997500467,0 -70.75643484072128,-33.13175570168205,0 -70.75634573977416,-33.13175768804017,0 -70.75643092202733,-33.1312319346879,0 -70.7564983203816,-33.13083637921921,0 -70.75662382707088,-33.1305832855965,0 -70.75683134960239,-33.13034108497975,0 -70.75709202777787,-33.13028109929015,0 -70.75754969608697,-33.13021102042462,0 -70.75789478783467,-33.13016331641158,0 -70.75823192812639,-33.13017696342859,0 -70.75838851666488,-33.13015816144124,0 -70.75855686663166,-33.13007455205224,0 -70.75867444589069,-33.13006812924345,0 -70.75887088031173,-33.13010732099115,0 -70.75926977731935,-33.13027032443348,0 -70.7595476035933,-33.13047067724417,0 -70.75976794560971,-33.13063711526605,0 -70.76013937248855,-33.13085634610479,0 -70.76038175546061,-33.13095135935932,0 -70.76065913819473,-33.13094481964308,0 -70.76138096084792,-33.13074342479149,0 -70.76174224051063,-33.1306865997919,0 -70.76193887978745,-33.13075579194393,0 -70.76207415453645,-33.13089343572531,0 -70.76228075563395,-33.13100815761484,0 -70.76236984047313,-33.13099294588353,0 -70.76247187719446,-33.13083789052281,0 -70.76266502144958,-33.13065649051756,0 -70.76285395027229,-33.13054958980767,0 -70.76314778233716,-33.13026994942946,0 -70.76338643198883,-33.13028207745725,0 
						</coordinates>
					</LinearRing>
				</outerBoundaryIs>
			</Polygon>
		</Placemark>
		<Placemark id="0E285D84BC39191533DF">
			<name>Ruta sin título</name>
			<LookAt>
				<longitude>-70.7082938468516</longitude>
				<latitude>-33.13419797206826</latitude>
				<altitude>719.3904670848952</altitude>
				<heading>4.37648401238595</heading>
				<tilt>1.215428232173483</tilt>
				<range>2479.814743967727</range>
				<altitudeMode>absolute</altitudeMode>
				<gx:fovy>35</gx:fovy>
			</LookAt>
			<styleUrl>#__managed_style_08C3A00A423D3D1AF1E302</styleUrl>
			<LineString>
				<coordinates>
					-70.71649114352101,-33.13742594450484,0 -70.71656679010859,-33.13646954955861,0 -70.71586615518356,-33.13601031052578,0 -70.71537260548982,-33.1354407227951,0 -70.7155573335956,-33.13479989961098,0 -70.71512541804441,-33.13410061394999,0 -70.71613005172723,-33.13376015124837,0 -70.71625746941288,-33.13430187896811,0 -70.71781899309833,-33.13505742094192,0 -70.71869937661029,-33.1353685692774,0 -70.71922057258095,-33.1361100571215,0 -70.72048910616471,-33.13772459008609,0 -70.72152841509686,-33.13881462021423,0 -70.7219318789284,-33.1397989060515,0 -70.72263816743744,-33.14066536113973,0 -70.72297592567202,-33.14182155145856,0 -70.72323537128523,-33.14310000254005,0 -70.7234050225269,-33.14395960442609,0 -70.72378277476308,-33.14451244890468,0 -70.72366233179275,-33.14545452836573,0 -70.72325236631896,-33.14597117979127,0 -70.72280198917134,-33.1464023988124,0 -70.72221322886912,-33.14677203835871,0 -70.72144213122907,-33.14768352856665,0 -70.72079655628225,-33.14855324576344,0 -70.72009935975309,-33.14956387726345,0 -70.71936282385529,-33.15052405932705,0 -70.71842260580318,-33.15148027958991,0 -70.71794206803311,-33.15211698260962,0 -70.71949936242494,-33.15204353351014,0 -70.72240467220266,-33.15076488113769,0 -70.72249893834453,-33.15200967702046,0 -70.72308059306911,-33.15258914611594,0 -70.72364857607332,-33.15256488428342,0 -70.72403526336095,-33.15151118824718,0 -70.72434490177838,-33.15118641086968,0 -70.72507741888033,-33.15092251521386,0 -70.72644866029717,-33.15040634051302,0 -70.72744101929916,-33.15060442004656,0 -70.72760802121896,-33.15008387479617,0 -70.72749230333363,-33.14973042334015,0 -70.727141150056,-33.14933776375603,0 -70.72643213068501,-33.14858169009947,0 -70.72617301538703,-33.14772752670041,0 -70.72652095060189,-33.1480469404224,0 -70.72725856079924,-33.14830280760889,0 -70.72765672243467,-33.14821854509292,0 -70.72790272229877,-33.14805244937272,0 -70.72793904332222,-33.14771122564372,0 -70.72800305576791,-33.14728728882022,0 -70.72842475235659,-33.14775941423412,0 -70.72891688198096,-33.14802477877526,0 -70.72917886731285,-33.14778035916426,0 -70.72925029738535,-33.14752869143822,0 -70.72922415760188,-33.14721954634129,0 -70.72930352283836,-33.14684942132514,0 -70.72971307272243,-33.1459715939158,0 -70.73028696784893,-33.14586093835189,0 -70.73061538134013,-33.14565550676934,0 -70.73072910528478,-33.14544584992258,0 -70.73078598152703,-33.14511920366124,0 -70.73115842406966,-33.14517224815734,0 -70.73101884133968,-33.14559453881018,0 -70.7307398163038,-33.14599580796806,0 -70.73067758730259,-33.14637515446702,0 -70.73018519280583,-33.14666706913874,0 -70.72994152359716,-33.14693425015973,0 -70.72996328553859,-33.14747522086704,0 -70.73018826142577,-33.1477143415186,0 -70.73014128853264,-33.14820193553563,0 -70.7304654339805,-33.14845678517361,0 -70.73106326113982,-33.14879197968462,0 -70.73108934120496,-33.14907871540198,0 -70.73100542838959,-33.14923972307359,0 -70.73070009411143,-33.14938358752968,0 -70.73045918841461,-33.14953003076777,0 -70.73025935451547,-33.14985654951334,0 -70.7306113840268,-33.15020685376189,0 -70.73099785138176,-33.15035037475185,0 -70.73147503179263,-33.15054920159911,0 -70.7316590166154,-33.15089938085966,0 -70.73182865125989,-33.15125987131552,0 -70.73252344289544,-33.15162078253115,0 -70.73304115453529,-33.15140269650355,0 -70.73299350833042,-33.1508973929768,0 -70.73312113246328,-33.15023349381207,0 -70.73325482292999,-33.14991043185542,0 -70.73349686892064,-33.14886337708216,0 -70.73398105305955,-33.14862539347617,0 -70.73437340077091,-33.14839755947906,0 -70.73452980867967,-33.14811824365557,0 -70.73439742602106,-33.14775860559076,0 -70.73432602301521,-33.14750968497823,0 -70.73473923595121,-33.14732829954725,0 -70.73501549302674,-33.1476782164288,0 -70.73563499925847,-33.14802297543834,0 -70.73596797932281,-33.1482487987449,0 -70.73652600955836,-33.14844107229167,0 -70.73697203891098,-33.1485880033522,0 -70.73669658694162,-33.14914859245191,0 -70.73664314428227,-33.14973605521283,0 -70.73658708180902,-33.15014117157831,0 -70.73718761108124,-33.15015395463033,0 -70.73789496490969,-33.14997849649435,0 -70.73820486252956,-33.14968110185501,0 -70.73927994680355,-33.14928362755418,0 -70.73938735259502,-33.14886760937065,0 -70.73945720649901,-33.14843082026977,0 -70.73925764124307,-33.14780435169958,0 -70.7391921939183,-33.14744734682722,0 -70.74077647787531,-33.14767041793354,0 -70.74230005847758,-33.14702262718549,0 -70.74264662622072,-33.14673170763623,0 -70.74243568592789,-33.14622999410988,0 -70.74200174368369,-33.14610617665375,0 -70.74087710793478,-33.14596344371095,0 -70.74006672136726,-33.14572252384892,0 -70.73929438476878,-33.1453548893642,0 -70.73896005218631,-33.14482836644689,0 -70.73919638981017,-33.14355325881974,0 -70.73917116752753,-33.14315360454098,0 -70.73949406111723,-33.14273024326759,0 -70.74068411504281,-33.14209597674026,0 -70.74064537328248,-33.14172914262551,0 -70.74057356811792,-33.14149534518084,0 -70.74121906863084,-33.14145164893177,0 -70.7415763166247,-33.14170173407483,0 -70.74209776499444,-33.14184746945543,0 -70.74272667877356,-33.1418125719051,0 -70.74334263942268,-33.14164855848616,0 -70.7437554267327,-33.14114808243,0 -70.74421605873692,-33.14094417278105,0 -70.74556183318886,-33.14007342556352,0 -70.74578860510755,-33.13931386825451,0 -70.74598297535073,-33.13789484765302,0 -70.74603404013523,-33.13677020778237,0 -70.74622918801357,-33.13633879037085,0 -70.74696374997751,-33.13613379776864,0 -70.74776767360265,-33.13583867962579,0 -70.74846684411771,-33.13582600047071,0 -70.74898117385445,-33.13611676005925,0 -70.74969023568434,-33.13669140267412,0 -70.750275880839,-33.1373234051113,0 -70.75016096508774,-33.13790358120248,0 -70.75005290443684,-33.13850237511319,0 -70.7500807491118,-33.13882208359079,0 -70.7510974041877,-33.13909142647405,0 -70.75190549209864,-33.13881924832915,0 -70.75339884285565,-33.13867025185233,0 -70.75426136653486,-33.13865430349147,0 -70.7558360416598,-33.13829697905008,0 -70.75684490756082,-33.13787696671699,0 -70.75821055802501,-33.13639795759514,0 -70.75886095023142,-33.13607003273977,0 -70.75994717459494,-33.13584073385397,0 -70.76182634114062,-33.1349272654604,0 -70.76450472876373,-33.13204853919891,0 -70.76523936650648,-33.13009818075343,0 -70.76525173831691,-33.12900648683435,0 -70.7627932335855,-33.12794606782989,0 -70.76069409625859,-33.12785579142438,0 -70.75925180222818,-33.1277065142029,0 -70.7580898668125,-33.1274558835344,0 -70.75759803495743,-33.12734712655315,0 -70.75654066012093,-33.12718490027289,0 -70.7559984849653,-33.12675941623325,0 -70.75528792416856,-33.12671139078996,0 -70.75457783393212,-33.12664290563018,0 -70.75402383800298,-33.1265642202412,0 -70.75356608177859,-33.12612889085642,0 -70.75265134493171,-33.1243709839076,0 -70.75229019525651,-33.12344778647856,0 -70.75237116271229,-33.12240361489713,0 -70.75309544982078,-33.12154804359787,0 -70.75361246209418,-33.12074065927557,0 -70.75422424135948,-33.11998549367917,0 -70.753563549692,-33.11954679238809,0 -70.75240421327915,-33.11931470918629,0 -70.75188640392952,-33.11917754663678,0 -70.75142298243648,-33.11790100081269,0 -70.75177310050451,-33.11017524060654,0 -70.749922151551,-33.10884850490834,0 -70.74849178883397,-33.10793911200846,0 -70.74766232366517,-33.10776793997644,0 -70.74694034969107,-33.10828856255051,0 -70.74503122342183,-33.10917845422435,0 -70.7424828315869,-33.1092313662276,0 -70.74095112116113,-33.10950612417434,0 -70.73985662813412,-33.11046248393525,0 -70.7382151287118,-33.11087986436779,0 -70.73660722055378,-33.1115314226037,0 -70.7347932153653,-33.11114776324209,0 -70.73368247432796,-33.11125221643021,0 -70.73269593618988,-33.11184976539163,0 -70.73180139000451,-33.11253601970039,0 -70.72892472976696,-33.11472536470757,0 -70.72833549416917,-33.11534553790711,0 -70.72731989728425,-33.11574297105467,0 -70.72581454825296,-33.11635080379244,0 -70.72474920211896,-33.11659312725445,0 -70.72237063001012,-33.11804016778676,0 -70.71996557308154,-33.1180684123285,0 -70.71797170018955,-33.11790138442436,0 -70.71650706107063,-33.11768322924019,0 -70.71621579119922,-33.11696896417993,0 -70.71548607865037,-33.11655215655342,0 -70.71490056483866,-33.11656827905558,0 -70.71439679357066,-33.11665289704565,0 -70.71285693492051,-33.11651993867005,0 -70.71203043769646,-33.11524897376054,0 -70.71105690737596,-33.11405969765119,0 -70.70943645024516,-33.11466458556847,0 -70.70991086600296,-33.11566476389922,0 -70.71067106869582,-33.11673812600086,0 -70.71115894559394,-33.11774481362941,0 -70.71135848378374,-33.11820347633545,0 -70.71081900554992,-33.1189399803857,0 -70.71053764356768,-33.11965544594222,0 -70.7102982272518,-33.12040121866435,0 -70.70991889124515,-33.12087914237321,0 -70.70916619689487,-33.12150220961475,0 -70.70935481877953,-33.12270112734092,0 -70.70841850294508,-33.12255332614452,0 -70.70686884585304,-33.12278322681946,0 -70.70682507781696,-33.12384352398661,0 -70.70741276557315,-33.1246571863628,0 -70.70793061622808,-33.1258221250371,0 -70.70767152271111,-33.12649291257447,0 -70.70701100549816,-33.12723713898052,0 -70.70548707110204,-33.1272998447916,0 -70.70462926630165,-33.1274376246941,0 -70.70375219729588,-33.12823771813359,0 -70.70376514914317,-33.12887092242599,0 -70.70311670336203,-33.1299208288243,0 -70.70321026243424,-33.13091706020329,0 -70.7032451284017,-33.13160123493737,0 -70.7033073981861,-33.13302765353294,0 -70.70351509021356,-33.13462868017608,0 
				</coordinates>
			</LineString>
		</Placemark>
		<Placemark id="0F1D2D077E39193837D8">
			<name>LT 04.01</name>
			<description><![CDATA[<div><b>Nombre área:</b>&nbsp;Estacionamientos Camiones Quilapilún<br></div><div><b>Gerencia:</b>&nbsp;Gerencia de Materiales, Bodegas y Logística<br></div><div><b>Responsable:</b>&nbsp;Francisco Vidal<br></div>]]></description>
			<LookAt>
				<longitude>-70.73886534098409</longitude>
				<latitude>-33.09354123123389</latitude>
				<altitude>610.3080510783053</altitude>
				<heading>334.6537332059206</heading>
				<tilt>0</tilt>
				<range>515.3560541036131</range>
				<altitudeMode>absolute</altitudeMode>
				<gx:fovy>35</gx:fovy>
			</LookAt>
			<styleUrl>#__managed_style_45AF2E83B63D3D1AF207</styleUrl>
			<Polygon>
				<outerBoundaryIs>
					<LinearRing>
						<coordinates>
							-70.73985076454677,-33.09319971375736,0 -70.73995016705,-33.09338941954169,0 -70.738346276321,-33.09390557221248,0 -70.73860445950821,-33.09432008591154,0 -70.738261583537,-33.09435872742816,0 -70.73706991978776,-33.09371462884025,0 -70.73985076454677,-33.09319971375736,0 
						</coordinates>
					</LinearRing>
				</outerBoundaryIs>
			</Polygon>
		</Placemark>
		<Placemark id="03C21B81C039194413D3">
			<name>LT 04.02</name>
			<LookAt>
				<longitude>-70.74093076917133</longitude>
				<latitude>-33.09364805108623</latitude>
				<altitude>607.4352082363572</altitude>
				<heading>334.6547836650928</heading>
				<tilt>0</tilt>
				<range>866.8349846443746</range>
				<altitudeMode>absolute</altitudeMode>
				<gx:fovy>35</gx:fovy>
			</LookAt>
			<styleUrl>#__managed_style_096CE0C23A3D3D1AF1E1</styleUrl>
			<Polygon>
				<outerBoundaryIs>
					<LinearRing>
						<coordinates>
							-70.73986923395123,-33.09319903618072,0 -70.74190211544646,-33.09287051480888,0 -70.74226480826829,-33.09297117229412,0 -70.74080395427485,-33.09349287720442,0 -70.74080393078118,-33.09365550491737,0 -70.74063039736417,-33.09389032531423,0 -70.74087661502266,-33.09432249369732,0 -70.74065544626515,-33.09447845413266,0 -70.74046410894086,-33.09433792777241,0 -70.74023733591754,-33.09442299850704,0 -70.74021012128259,-33.09457046676768,0 -70.73989764522422,-33.09459979294186,0 -70.73970443242307,-33.09427449615573,0 -70.73857469142133,-33.09431103172087,0 -70.73835454253715,-33.09391978510585,0 -70.73997448939673,-33.09339038089412,0 -70.73986923395123,-33.09319903618072,0 
						</coordinates>
					</LinearRing>
				</outerBoundaryIs>
			</Polygon>
		</Placemark>
		<Placemark id="057D65F1C0391944854E">
			<name>LT 04.02</name>
			<description><![CDATA[<div><b>Nombre área:</b>&nbsp;Piscinas Quilapilún<br></div><div><b>Gerencia:</b>&nbsp;Gerencia Planta<br></div><div><b>Responsable:</b>&nbsp;Matías Henríquez<br></div>]]></description>
			<LookAt>
				<longitude>-70.74093076917133</longitude>
				<latitude>-33.09364805108623</latitude>
				<altitude>607.4352082363572</altitude>
				<heading>334.6547836650928</heading>
				<tilt>0</tilt>
				<range>866.8349846443746</range>
				<altitudeMode>absolute</altitudeMode>
				<gx:fovy>35</gx:fovy>
			</LookAt>
			<styleUrl>#__managed_style_04AF00A56E3D3D1AF204</styleUrl>
			<Point>
				<coordinates>-70.74001031274327,-33.09374221416088,608.5575019138981</coordinates>
			</Point>
		</Placemark>
		<Placemark id="067139CBF63919465DA0">
			<name>LT 04.03</name>
			<description><![CDATA[<div><b>Nombre área:</b>&nbsp;Control Quilapilún<br></div><div><b>Gerencia:</b>&nbsp;Gerencia Infraestructura y Servicios<br></div><div><b>Responsable:&nbsp;</b>Alejandro Herrera<br></div>]]></description>
			<LookAt>
				<longitude>-70.74093076917133</longitude>
				<latitude>-33.09364805108623</latitude>
				<altitude>607.4352082363572</altitude>
				<heading>334.6547836650928</heading>
				<tilt>0</tilt>
				<range>866.8349846443746</range>
				<altitudeMode>absolute</altitudeMode>
				<gx:fovy>35</gx:fovy>
			</LookAt>
			<styleUrl>#__managed_style_1548BABC183D3D1AF1FF</styleUrl>
			<Point>
				<coordinates>-70.7406097852178,-33.09282609766888,608.4391933603227</coordinates>
			</Point>
		</Placemark>
		<Placemark id="02C7F22B05391948DB40">
			<name>LT 04.05</name>
			<LookAt>
				<longitude>-70.73073320608752</longitude>
				<latitude>-33.09167999706824</latitude>
				<altitude>618.3100088909545</altitude>
				<heading>359.9999991404968</heading>
				<tilt>0</tilt>
				<range>851.5729990179536</range>
				<altitudeMode>absolute</altitudeMode>
				<gx:fovy>35</gx:fovy>
			</LookAt>
			<styleUrl>#__managed_style_7AC11CEE833D3D1AF1FF</styleUrl>
			<Polygon>
				<outerBoundaryIs>
					<LinearRing>
						<coordinates>
							-70.731235271458,-33.09214068696791,0 -70.72977231239565,-33.09217934006285,0 -70.7297369453528,-33.09084342290416,0 -70.73170019570858,-33.09057887159536,0 -70.7327200418021,-33.09182663042426,0 -70.731235271458,-33.09214068696791,0 
						</coordinates>
					</LinearRing>
				</outerBoundaryIs>
			</Polygon>
		</Placemark>
		<Placemark id="050104EDDE3919490501">
			<name>LT 04.05</name>
			<description><![CDATA[<div><b>Nombre área:</b>&nbsp;Reserva Quilapilún (Casona)<br></div><div><b>Gerencia:</b>&nbsp;Gerencia Desempeño Social<br></div><div><b>Responsable:</b>&nbsp;Tulcy Contreras<br></div>]]></description>
			<LookAt>
				<longitude>-70.73073320613791</longitude>
				<latitude>-33.09167999694144</latitude>
				<altitude>618.3100088895397</altitude>
				<heading>359.9999991404968</heading>
				<tilt>0</tilt>
				<range>851.5729063075562</range>
				<altitudeMode>absolute</altitudeMode>
				<gx:fovy>35</gx:fovy>
			</LookAt>
			<styleUrl>#__managed_style_1548BABC183D3D1AF1FF</styleUrl>
			<Point>
				<coordinates>-70.7309691473548,-33.09159826715528,617.8404948694986</coordinates>
			</Point>
		</Placemark>
		<Placemark id="04ED4828523912EB0328">
			<name>LT 02.11</name>
			<LookAt>
				<longitude>-70.69966323720652</longitude>
				<latitude>-33.14707614448128</latitude>
				<altitude>705.3904418813521</altitude>
				<heading>12.77920379555739</heading>
				<tilt>4.014042778035635</tilt>
				<range>434.4613186869537</range>
				<altitudeMode>absolute</altitudeMode>
				<gx:fovy>35</gx:fovy>
			</LookAt>
			<styleUrl>#__managed_style_08C3A00A423D3D1AF1E302</styleUrl>
			<Point>
				<coordinates>-70.69947176393525,-33.14719933009035,706.026436769556</coordinates>
			</Point>
		</Placemark>
	</Folder>
	<Folder id="0F74766249391CD26DB4">
		<name>Dueños de área STP</name>
		<styleUrl>#__managed_style_08C3A00A423D3D1AF1E302</styleUrl>
		<Placemark id="0E953C8525391EB5E386">
			<name>Torre</name>
			<LookAt>
				<longitude>-70.58853912900481</longitude>
				<latitude>-33.18054167661648</latitude>
				<altitude>1187.79960573895</altitude>
				<heading>-50.44607229695563</heading>
				<tilt>21.44286802584902</tilt>
				<range>232.814906311396</range>
				<altitudeMode>absolute</altitudeMode>
				<gx:fovy>30.00026519430221</gx:fovy>
			</LookAt>
			<styleUrl>#__managed_style_08C3A00A423D3D1AF1E302</styleUrl>
			<Point>
				<coordinates>-70.58849770788768,-33.18060086269629,1187.858566904914</coordinates>
			</Point>
		</Placemark>
		<Placemark id="019EB325DB391EB649CE">
			<name>Torre</name>
			<LookAt>
				<longitude>-70.58993436326621</longitude>
				<latitude>-33.17977980153111</latitude>
				<altitude>1166.683425435931</altitude>
				<heading>-50.44536336036734</heading>
				<tilt>21.4426465962717</tilt>
				<range>165.4481707802552</range>
				<altitudeMode>absolute</altitudeMode>
				<gx:fovy>30.00026519430221</gx:fovy>
			</LookAt>
			<styleUrl>#__managed_style_08C3A00A423D3D1AF1E302</styleUrl>
			<Point>
				<coordinates>-70.58980800749859,-33.17977265399055,1170.440391163982</coordinates>
			</Point>
		</Placemark>
		<Placemark id="08AC630FA9391EB6A748">
			<name>Torre</name>
			<LookAt>
				<longitude>-70.58710706692611</longitude>
				<latitude>-33.18150043150779</latitude>
				<altitude>1205.517564092281</altitude>
				<heading>-50.44660059018778</heading>
				<tilt>21.44285788484448</tilt>
				<range>229.7304545661974</range>
				<altitudeMode>absolute</altitudeMode>
				<gx:fovy>30.00026519430221</gx:fovy>
			</LookAt>
			<styleUrl>#__managed_style_08C3A00A423D3D1AF1E302</styleUrl>
			<Point>
				<coordinates>-70.58670256036282,-33.18160795355286,1214.126301911536</coordinates>
			</Point>
		</Placemark>
		<Placemark id="06DB4DE9AA391EC2BC59">
			<name>Torre</name>
			<LookAt>
				<longitude>-70.59264059466965</longitude>
				<latitude>-33.17804276395641</latitude>
				<altitude>1150.206311136543</altitude>
				<heading>5.73104378537231e-09</heading>
				<tilt>44.41954616814701</tilt>
				<range>311.6068540261404</range>
				<altitudeMode>absolute</altitudeMode>
				<gx:fovy>30.00026519430221</gx:fovy>
			</LookAt>
			<styleUrl>#__managed_style_08C3A00A423D3D1AF1E302</styleUrl>
			<Point>
				<coordinates>-70.59310450089966,-33.17783786594467,1126.017639370431</coordinates>
			</Point>
		</Placemark>
		<Placemark id="03B440A216391EC5F259">
			<name>Torre</name>
			<LookAt>
				<longitude>-70.5939624278265</longitude>
				<latitude>-33.17784803416355</latitude>
				<altitude>1172.749016507297</altitude>
				<heading>-76.51610861629797</heading>
				<tilt>56.85558794759018</tilt>
				<range>367.8308195994759</range>
				<altitudeMode>absolute</altitudeMode>
				<gx:fovy>30.00026519430221</gx:fovy>
			</LookAt>
			<styleUrl>#__managed_style_08C3A00A423D3D1AF1E302</styleUrl>
			<Point>
				<coordinates>-70.59371217300175,-33.17763077930838,1169.273015602843</coordinates>
			</Point>
		</Placemark>
		<Placemark id="0DFEEC2C54391EC62EF6">
			<name>Torre</name>
			<LookAt>
				<longitude>-70.59495382839008</longitude>
				<latitude>-33.17727764051057</latitude>
				<altitude>1216.415099922024</altitude>
				<heading>33.01234879517762</heading>
				<tilt>55.80818139327146</tilt>
				<range>221.6510679157727</range>
				<altitudeMode>absolute</altitudeMode>
				<gx:fovy>30.00026519430221</gx:fovy>
			</LookAt>
			<styleUrl>#__managed_style_08C3A00A423D3D1AF1E302</styleUrl>
			<Point>
				<coordinates>-70.595022105089,-33.17708680884668,1219.838830747974</coordinates>
			</Point>
		</Placemark>
		<Placemark id="0CDD613F18391EC648E0">
			<name>Torre</name>
			<LookAt>
				<longitude>-70.59597444186488</longitude>
				<latitude>-33.17639483166514</latitude>
				<altitude>1222.849937400149</altitude>
				<heading>33.0128151033025</heading>
				<tilt>55.80787412439714</tilt>
				<range>180.3364407945992</range>
				<altitudeMode>absolute</altitudeMode>
				<gx:fovy>30.00026519430221</gx:fovy>
			</LookAt>
			<styleUrl>#__managed_style_08C3A00A423D3D1AF1E302</styleUrl>
			<Point>
				<coordinates>-70.59607194848286,-33.17650298950443,1218.29641575103</coordinates>
			</Point>
		</Placemark>
		<Placemark id="0E39662295391ED111EE">
			<name>Torre</name>
			<LookAt>
				<longitude>-70.6036152179005</longitude>
				<latitude>-33.17251238765183</latitude>
				<altitude>1185.198173181072</altitude>
				<heading>15.35052193063983</heading>
				<tilt>39.3540755550141</tilt>
				<range>333.6694486135093</range>
				<altitudeMode>absolute</altitudeMode>
				<gx:fovy>30.00026519430221</gx:fovy>
			</LookAt>
			<styleUrl>#__managed_style_08C3A00A423D3D1AF1E302</styleUrl>
			<Point>
				<coordinates>-70.60342336882346,-33.17256953768033,1189.208900740025</coordinates>
			</Point>
		</Placemark>
		<Placemark id="00311B8F91391ED139B3">
			<name>Torre</name>
			<LookAt>
				<longitude>-70.60086893969802</longitude>
				<latitude>-33.17380484447895</latitude>
				<altitude>1155.348814506615</altitude>
				<heading>15.34914508910836</heading>
				<tilt>39.35321941441326</tilt>
				<range>183.5052705902672</range>
				<altitudeMode>absolute</altitudeMode>
				<gx:fovy>30.00026519430221</gx:fovy>
			</LookAt>
			<styleUrl>#__managed_style_08C3A00A423D3D1AF1E302</styleUrl>
			<Point>
				<coordinates>-70.60106803835809,-33.17373146823501,1156.939170469377</coordinates>
			</Point>
		</Placemark>
		<Placemark id="036C738275391ED1665C">
			<name>Torre</name>
			<LookAt>
				<longitude>-70.60020482534837</longitude>
				<latitude>-33.17443034020033</latitude>
				<altitude>1153.751524289652</altitude>
				<heading>15.34878169708003</heading>
				<tilt>39.35323119197324</tilt>
				<range>185.5709509556073</range>
				<altitudeMode>absolute</altitudeMode>
				<gx:fovy>30.00026519430221</gx:fovy>
			</LookAt>
			<styleUrl>#__managed_style_08C3A00A423D3D1AF1E302</styleUrl>
			<Point>
				<coordinates>-70.59994590694119,-33.17442026700447,1160.470798165422</coordinates>
			</Point>
		</Placemark>
		<Placemark id="0059E1CCFE391EF4E87B">
			<name>Torre</name>
			<LookAt>
				<longitude>-70.60776404075405</longitude>
				<latitude>-33.17073173592218</latitude>
				<altitude>1003.123267544786</altitude>
				<heading>23.74732227546678</heading>
				<tilt>29.07770685988967</tilt>
				<range>259.0403136317764</range>
				<altitudeMode>absolute</altitudeMode>
				<gx:fovy>30.00026519430221</gx:fovy>
			</LookAt>
			<styleUrl>#__managed_style_08C3A00A423D3D1AF1E302</styleUrl>
			<Point>
				<coordinates>-70.6076770222285,-33.1705862886519,1003.667721672506</coordinates>
			</Point>
		</Placemark>
		<Placemark id="0429EAC498391EF57110">
			<name>Torre</name>
			<LookAt>
				<longitude>-70.60585073014863</longitude>
				<latitude>-33.17136973897606</latitude>
				<altitude>1074.109573210157</altitude>
				<heading>108.721144439633</heading>
				<tilt>43.61969723241287</tilt>
				<range>485.0692824026191</range>
				<altitudeMode>absolute</altitudeMode>
				<gx:fovy>30.00026519430221</gx:fovy>
			</LookAt>
			<styleUrl>#__managed_style_08C3A00A423D3D1AF1E302</styleUrl>
			<Point>
				<coordinates>-70.60581495071592,-33.17151460952918,1078.340379480715</coordinates>
			</Point>
		</Placemark>
		<Placemark id="03CBE6663F391E19CA98">
			<name>Torre</name>
			<LookAt>
				<longitude>-70.64173641435015</longitude>
				<latitude>-33.16473923521957</latitude>
				<altitude>754.3492805506663</altitude>
				<heading>356.620548959113</heading>
				<tilt>0</tilt>
				<range>390.0638390749373</range>
				<altitudeMode>absolute</altitudeMode>
				<gx:fovy>30.00026519430221</gx:fovy>
			</LookAt>
			<styleUrl>#__managed_style_08C3A00A423D3D1AF1E302</styleUrl>
			<Point>
				<coordinates>-70.64237928796364,-33.16514448823797,751.8629479427208</coordinates>
			</Point>
		</Placemark>
		<Placemark id="0C5CA7D666391EB6C7F6">
			<name>Torre</name>
			<LookAt>
				<longitude>-70.58495556524267</longitude>
				<latitude>-33.18228749131141</latitude>
				<altitude>1156.723883195946</altitude>
				<heading>-50.44777810066245</heading>
				<tilt>21.44303020064942</tilt>
				<range>282.1526912269474</range>
				<altitudeMode>absolute</altitudeMode>
				<gx:fovy>30.00026519430221</gx:fovy>
			</LookAt>
			<styleUrl>#__managed_style_08C3A00A423D3D1AF1E302</styleUrl>
			<Point>
				<coordinates>-70.5845559984986,-33.18237620332277,1153.544942475292</coordinates>
			</Point>
		</Placemark>
		<Placemark id="0896EE6F7F391EB7393E">
			<name>Torre</name>
			<LookAt>
				<longitude>-70.57767680697371</longitude>
				<latitude>-33.18719875751277</latitude>
				<altitude>1100.296151508861</altitude>
				<heading>-50.45224132608081</heading>
				<tilt>21.44267418836655</tilt>
				<range>173.8408838076248</range>
				<altitudeMode>absolute</altitudeMode>
				<gx:fovy>30.00026519430221</gx:fovy>
			</LookAt>
			<styleUrl>#__managed_style_08C3A00A423D3D1AF1E302</styleUrl>
			<Point>
				<coordinates>-70.57760208489317,-33.18711427308003,1100.334974422085</coordinates>
			</Point>
		</Placemark>
		<Placemark id="0EB03DA6F4391EB91C4F">
			<name>Torre</name>
			<LookAt>
				<longitude>-70.59088741594002</longitude>
				<latitude>-33.17928045791963</latitude>
				<altitude>1199.334632559336</altitude>
				<heading>-50.16505581288278</heading>
				<tilt>44.42002637297087</tilt>
				<range>387.9169212238412</range>
				<altitudeMode>absolute</altitudeMode>
				<gx:fovy>30.00026519430221</gx:fovy>
			</LookAt>
			<styleUrl>#__managed_style_08C3A00A423D3D1AF1E302</styleUrl>
			<Point>
				<coordinates>-70.5913858227381,-33.17905688537414,1205.017418372172</coordinates>
			</Point>
		</Placemark>
		<Placemark id="0FC2ABABBC39198E2E68">
			<name>STP 03.08</name>
			<description><![CDATA[<div><b>Nombre área:</b>&nbsp;Faja servidumbre acueducto - Acequia de riego<br></div><div><b>Gerencia:&nbsp;</b>Gerencia Planta<br></div><div><b>Responsable:&nbsp;</b>Matías Henríquez<br></div>]]></description>
			<LookAt>
				<longitude>-70.64481468735093</longitude>
				<latitude>-33.16097753389418</latitude>
				<altitude>750.804102960403</altitude>
				<heading>0</heading>
				<tilt>0</tilt>
				<range>1202.133076809696</range>
				<altitudeMode>absolute</altitudeMode>
				<gx:fovy>35</gx:fovy>
			</LookAt>
			<styleUrl>#__managed_style_04AF00A56E3D3D1AF204</styleUrl>
			<Point>
				<coordinates>-70.64500677316214,-33.15922743563983,751.4800334577734</coordinates>
			</Point>
		</Placemark>
		<Placemark id="033E0F27DC391E1A517C">
			<name>Torre</name>
			<LookAt>
				<longitude>-70.64012234362271</longitude>
				<latitude>-33.16287794835525</latitude>
				<altitude>764.1182835276701</altitude>
				<heading>51.18307491342146</heading>
				<tilt>10.50564887913745</tilt>
				<range>724.9623494272964</range>
				<altitudeMode>absolute</altitudeMode>
				<gx:fovy>30.00026519430221</gx:fovy>
			</LookAt>
			<styleUrl>#__managed_style_08C3A00A423D3D1AF1E302</styleUrl>
			<Point>
				<coordinates>-70.63935579413314,-33.16265821452309,767.9160847680027</coordinates>
			</Point>
		</Placemark>
		<Placemark id="0A0EDFFA9D391E1AF1B6">
			<name>Torre</name>
			<LookAt>
				<longitude>-70.63767491601371</longitude>
				<latitude>-33.16071292241504</latitude>
				<altitude>779.8666357376231</altitude>
				<heading>5.213767859261173</heading>
				<tilt>12.62406005907984</tilt>
				<range>687.0477834218036</range>
				<altitudeMode>absolute</altitudeMode>
				<gx:fovy>30.00026519430221</gx:fovy>
			</LookAt>
			<styleUrl>#__managed_style_08C3A00A423D3D1AF1E302</styleUrl>
			<Point>
				<coordinates>-70.63663667717087,-33.16040701674557,785.8776119267151</coordinates>
			</Point>
		</Placemark>
		<Placemark id="07CFE7B8D4391E1B0B9F">
			<name>Torre</name>
			<LookAt>
				<longitude>-70.63546913367801</longitude>
				<latitude>-33.16035767952245</latitude>
				<altitude>791.1831155527133</altitude>
				<heading>5.213005139768006</heading>
				<tilt>12.62327595253941</tilt>
				<range>288.0208421880525</range>
				<altitudeMode>absolute</altitudeMode>
				<gx:fovy>30.00026519430221</gx:fovy>
			</LookAt>
			<styleUrl>#__managed_style_08C3A00A423D3D1AF1E302</styleUrl>
			<Point>
				<coordinates>-70.63519879920698,-33.16042986192869,792.1260863522738</coordinates>
			</Point>
		</Placemark>
		<Placemark id="011BC5888F391E1B3718">
			<name>Torre</name>
			<LookAt>
				<longitude>-70.63279451241499</longitude>
				<latitude>-33.16163410139243</latitude>
				<altitude>796.8317622668786</altitude>
				<heading>5.211298629019562</heading>
				<tilt>12.62402535089688</tilt>
				<range>669.3868235512492</range>
				<altitudeMode>absolute</altitudeMode>
				<gx:fovy>30.00026519430221</gx:fovy>
			</LookAt>
			<styleUrl>#__managed_style_08C3A00A423D3D1AF1E302</styleUrl>
			<Point>
				<coordinates>-70.6321267830707,-33.16175579298908,799.0583159473019</coordinates>
			</Point>
		</Placemark>
		<Placemark id="06F7C7DFF0391E1B6138">
			<name>Torre</name>
			<LookAt>
				<longitude>-70.62884556018528</longitude>
				<latitude>-33.16312878791929</latitude>
				<altitude>802.2666874899732</altitude>
				<heading>5.210055904651234</heading>
				<tilt>12.62322524563227</tilt>
				<range>262.2168499792315</range>
				<altitudeMode>absolute</altitudeMode>
				<gx:fovy>30.00026519430221</gx:fovy>
			</LookAt>
			<styleUrl>#__managed_style_08C3A00A423D3D1AF1E302</styleUrl>
			<Point>
				<coordinates>-70.62852199617961,-33.16319395712875,802.9237600055511</coordinates>
			</Point>
		</Placemark>
		<Placemark id="03DFACB07E391E1D0333">
			<name>Torre</name>
			<LookAt>
				<longitude>-70.57435732011889</longitude>
				<latitude>-33.18903597542695</latitude>
				<altitude>1136.65011893529</altitude>
				<heading>-55.58621423404288</heading>
				<tilt>61.17196431722198</tilt>
				<range>100.06762803745</range>
				<altitudeMode>absolute</altitudeMode>
				<gx:fovy>30.00026519430221</gx:fovy>
			</LookAt>
			<styleUrl>#__managed_style_08C3A00A423D3D1AF1E302</styleUrl>
			<Point>
				<coordinates>-70.57439661871662,-33.18901297191928,1138.776854413592</coordinates>
			</Point>
		</Placemark>
		<Placemark id="098B36A7EE391E20215C">
			<name>Torre</name>
			<LookAt>
				<longitude>-70.62482765143518</longitude>
				<latitude>-33.16464567730128</latitude>
				<altitude>816.3883562566418</altitude>
				<heading>11.03044551639853</heading>
				<tilt>0.1342912793018865</tilt>
				<range>219.71870510195</range>
				<altitudeMode>absolute</altitudeMode>
				<gx:fovy>30.00026519430221</gx:fovy>
			</LookAt>
			<styleUrl>#__managed_style_08C3A00A423D3D1AF1E302</styleUrl>
			<Point>
				<coordinates>-70.62464530742393,-33.16479899329204,819.3192683527878</coordinates>
			</Point>
		</Placemark>
		<Placemark id="050CFE80B2391E20D39B">
			<name>Torre</name>
			<LookAt>
				<longitude>-70.61993420484089</longitude>
				<latitude>-33.1667939199147</latitude>
				<altitude>863.2191420011613</altitude>
				<heading>-5.173872924676376</heading>
				<tilt>5.265295302747402</tilt>
				<range>676.4946052365121</range>
				<altitudeMode>absolute</altitudeMode>
				<gx:fovy>30.00026519430221</gx:fovy>
			</LookAt>
			<styleUrl>#__managed_style_08C3A00A423D3D1AF1E302</styleUrl>
			<Point>
				<coordinates>-70.61971821057477,-33.16675372493415,867.0514543870353</coordinates>
			</Point>
		</Placemark>
		<Placemark id="0D3CED4BC8391E211018">
			<name>Torre</name>
			<LookAt>
				<longitude>-70.618256951776</longitude>
				<latitude>-33.16725001998861</latitude>
				<altitude>924.8713050339579</altitude>
				<heading>-5.174578184963936</heading>
				<tilt>5.265306598721044</tilt>
				<range>690.1921492613475</range>
				<altitudeMode>absolute</altitudeMode>
				<gx:fovy>30.00026519430221</gx:fovy>
			</LookAt>
			<styleUrl>#__managed_style_08C3A00A423D3D1AF1E302</styleUrl>
			<Point>
				<coordinates>-70.61754886566941,-33.16759849096063,968.8720199793937</coordinates>
			</Point>
		</Placemark>
		<Placemark id="0017A54356391E231670">
			<name>Torre</name>
			<LookAt>
				<longitude>-70.61611074399056</longitude>
				<latitude>-33.16794543112981</latitude>
				<altitude>993.1799830496652</altitude>
				<heading>-5.175752357255519</heading>
				<tilt>5.265249994574043</tilt>
				<range>621.59405740902</range>
				<altitudeMode>absolute</altitudeMode>
				<gx:fovy>30.00026519430221</gx:fovy>
			</LookAt>
			<styleUrl>#__managed_style_08C3A00A423D3D1AF1E302</styleUrl>
			<Point>
				<coordinates>-70.614109746577,-33.16881245453199,1048.472206336222</coordinates>
			</Point>
		</Placemark>
		<Placemark id="03AC9EED31391E25CEDC">
			<name>Torre</name>
			<LookAt>
				<longitude>-70.61190182645755</longitude>
				<latitude>-33.16980068680287</latitude>
				<altitude>1068.846476169585</altitude>
				<heading>-5.172805963836185</heading>
				<tilt>5.265163864530449</tilt>
				<range>517.2094276588177</range>
				<altitudeMode>absolute</altitudeMode>
				<gx:fovy>30.00026519430221</gx:fovy>
			</LookAt>
			<styleUrl>#__managed_style_08C3A00A423D3D1AF1E302</styleUrl>
			<Point>
				<coordinates>-70.6118664819425,-33.16958622096543,1073.346904451612</coordinates>
			</Point>
		</Placemark>
		<Placemark id="05A3B2F204391E268AE0">
			<name>Torre</name>
			<LookAt>
				<longitude>-70.61052739573068</longitude>
				<latitude>-33.16997303525024</latitude>
				<altitude>1017.549251117807</altitude>
				<heading>-5.178136701920281</heading>
				<tilt>5.264991797492541</tilt>
				<range>308.6559979636513</range>
				<altitudeMode>absolute</altitudeMode>
				<gx:fovy>30.00026519430221</gx:fovy>
			</LookAt>
			<styleUrl>#__managed_style_08C3A00A423D3D1AF1E302</styleUrl>
			<Point>
				<coordinates>-70.6103998059958,-33.16988235806979,1021.86121750983</coordinates>
			</Point>
		</Placemark>
		<Placemark id="0718D52C75391E269CB7">
			<name>Torre</name>
			<LookAt>
				<longitude>-70.60904419970846</longitude>
				<latitude>-33.17058445222021</latitude>
				<altitude>1054.987323839189</altitude>
				<heading>-5.17894819928406</heading>
				<tilt>5.264960776446849</tilt>
				<range>271.0592895557784</range>
				<altitudeMode>absolute</altitudeMode>
				<gx:fovy>30.00026519430221</gx:fovy>
			</LookAt>
			<styleUrl>#__managed_style_08C3A00A423D3D1AF1E302</styleUrl>
			<Point>
				<coordinates>-70.60912927006029,-33.1705098340184,1058.172332324924</coordinates>
			</Point>
		</Placemark>
		<Placemark id="0296729139391E28B7D8">
			<name>Torre</name>
			<LookAt>
				<longitude>-70.57581092807203</longitude>
				<latitude>-33.18815837702216</latitude>
				<altitude>1112.582564150656</altitude>
				<heading>31.77473798135436</heading>
				<tilt>49.40945853287446</tilt>
				<range>177.486882430112</range>
				<altitudeMode>absolute</altitudeMode>
				<gx:fovy>30.00026519430221</gx:fovy>
			</LookAt>
			<styleUrl>#__managed_style_08C3A00A423D3D1AF1E302</styleUrl>
			<Point>
				<coordinates>-70.57579628087507,-33.18822523169886,1109.328571338757</coordinates>
			</Point>
		</Placemark>
		<Placemark id="017BCFD1F9391E2FEC59">
			<name>Torre</name>
			<LookAt>
				<longitude>-70.58187329511063</longitude>
				<latitude>-33.18425963738883</latitude>
				<altitude>1275.541349906409</altitude>
				<heading>-5.795589136158199</heading>
				<tilt>46.67474624949417</tilt>
				<range>215.2198403558214</range>
				<altitudeMode>absolute</altitudeMode>
				<gx:fovy>30.00026519430221</gx:fovy>
			</LookAt>
			<styleUrl>#__managed_style_08C3A00A423D3D1AF1E302</styleUrl>
			<Point>
				<coordinates>-70.58153458825437,-33.18434019984034,1287.124408684212</coordinates>
			</Point>
		</Placemark>
		<Placemark id="0CAB85535B391E34E830">
			<name>Torre</name>
			<LookAt>
				<longitude>-70.56737487821241</longitude>
				<latitude>-33.19333159968257</latitude>
				<altitude>1131.975676548961</altitude>
				<heading>-5.803482778004142</heading>
				<tilt>46.67384442048441</tilt>
				<range>77.34120382681795</range>
				<altitudeMode>absolute</altitudeMode>
				<gx:fovy>30.00026519430221</gx:fovy>
			</LookAt>
			<styleUrl>#__managed_style_08C3A00A423D3D1AF1E302</styleUrl>
			<Point>
				<coordinates>-70.56735833901872,-33.19340726918269,1134.727150824115</coordinates>
			</Point>
		</Placemark>
		<Placemark id="081B9CD7B4391E3531D3">
			<name>Torre</name>
			<LookAt>
				<longitude>-70.57696890443627</longitude>
				<latitude>-33.18743306029932</latitude>
				<altitude>1114.741613371435</altitude>
				<heading>30.77569813170057</heading>
				<tilt>0.1686400240547715</tilt>
				<range>139.3240959242758</range>
				<altitudeMode>absolute</altitudeMode>
				<gx:fovy>30.00026519430221</gx:fovy>
			</LookAt>
			<styleUrl>#__managed_style_08C3A00A423D3D1AF1E302</styleUrl>
			<Point>
				<coordinates>-70.57692699059747,-33.18749521693034,1115.595276369349</coordinates>
			</Point>
		</Placemark>
		<Placemark id="01F2B62AF7391F059B4C">
			<name>STP 99.04</name>
			<description><![CDATA[<div><b>Nombre área:</b>&nbsp;Camino STP**<br></div><div><b>Gerencia:&nbsp;</b>Gerencia Infraestructura y Servicios<br></div><div><b>Responsable:</b> Enrique Fernández<br></div>]]></description>
			<LookAt>
				<longitude>-70.64171414614469</longitude>
				<latitude>-33.17183802660946</latitude>
				<altitude>729.6120166348529</altitude>
				<heading>8.646611772682906</heading>
				<tilt>3.569678647970647</tilt>
				<range>3570.430192113854</range>
				<altitudeMode>absolute</altitudeMode>
				<gx:fovy>30.00026519430221</gx:fovy>
			</LookAt>
			<styleUrl>#__managed_style_1548BABC183D3D1AF1FF</styleUrl>
			<Point>
				<coordinates>-70.63815681218897,-33.17633845119166,709.5148233281575</coordinates>
			</Point>
		</Placemark>
		<Placemark id="09AADFA4F73919B18D14">
			<name>Ruta sin título</name>
			<LookAt>
				<longitude>-70.60509988503108</longitude>
				<latitude>-33.19447505298061</latitude>
				<altitude>802.012142049957</altitude>
				<heading>7.430507487137986</heading>
				<tilt>0</tilt>
				<range>728.079968317179</range>
				<altitudeMode>absolute</altitudeMode>
				<gx:fovy>35</gx:fovy>
			</LookAt>
			<styleUrl>#__managed_style_0553D7F8D33D3D1AF22B</styleUrl>
			<LineString>
				<coordinates>
					-70.64385299594832,-33.16396196079631,0 -70.64130630831809,-33.16243123525276,0 -70.64026730039632,-33.16336485811404,0 -70.63882077920557,-33.16434730565522,0 -70.63775496147102,-33.16485312389326,0 -70.63722353952848,-33.16511057476861,0 -70.63659169344321,-33.16533875316192,0 -70.63511201866849,-33.16555304020867,0 -70.63427207245392,-33.16555769378724,0 -70.63367490896975,-33.16548880933627,0 -70.63281600137637,-33.16522399671521,0 -70.63227740814914,-33.16488532141118,0 -70.63167744215919,-33.16511410716239,0 -70.63179739880431,-33.16568091171112,0 -70.63163904338637,-33.16607841091967,0 -70.63097705813348,-33.16647904379468,0 -70.62979591732797,-33.16653990060164,0 -70.62847594743977,-33.16639348989016,0 -70.62784343349328,-33.1662099586455,0 -70.62606915605484,-33.16808102511283,0 -70.62577709212135,-33.16855754681571,0 -70.62574852339054,-33.17059979383585,0 -70.62533976087501,-33.17054784909994,0 -70.62529149239002,-33.17080345658485,0 -70.62582534755482,-33.17098067771114,0 -70.62687077272606,-33.17251338807998,0 -70.62693153420888,-33.17296506794768,0 -70.62663525372913,-33.17325558952451,0 -70.62601694782974,-33.17348075115326,0 -70.62645488099967,-33.17392777230147,0 -70.62636436155925,-33.17419053279265,0 -70.6263210389854,-33.17444774485077,0 -70.62634632969545,-33.17478333218341,0 -70.62640955850188,-33.17505808350038,0 -70.62613600148438,-33.17532115378724,0 -70.62538055685619,-33.17560192161303,0 -70.62545069726583,-33.17664600543575,0 -70.62500341774594,-33.17723626635963,0 -70.62482118801283,-33.17756768153247,0 -70.62451631608654,-33.17791396045725,0 -70.62417583588841,-33.17821219399043,0 -70.62378559630613,-33.1784974223902,0 -70.62408038950591,-33.17893026155959,0 -70.62445840651273,-33.17930027653792,0 -70.62519875320547,-33.17998481904715,0 -70.62533236248206,-33.18043449961624,0 -70.62545478206886,-33.18107619900391,0 -70.62541800814797,-33.18172192705657,0 -70.6249994724277,-33.18255408828976,0 -70.62443117745137,-33.18307729420881,0 -70.62406960867426,-33.18304227080809,0 -70.62381110124683,-33.18297355217076,0 -70.62352331212608,-33.18306386407355,0 -70.62331266221123,-33.18328709600816,0 -70.6230636870429,-33.18353180893949,0 -70.62276995827956,-33.18368446897735,0 -70.62258268424088,-33.18354517779058,0 -70.62234631698396,-33.18342935839669,0 -70.62216061732937,-33.18359690129199,0 -70.62191658429035,-33.18383580754679,0 -70.62157835951774,-33.18394490701368,0 -70.6212345937918,-33.18405026852673,0 -70.62080484367925,-33.1842671097132,0 -70.62034777234476,-33.18422617139016,0 -70.61982761704543,-33.18425140073197,0 -70.61931666147463,-33.18441637869792,0 -70.61903240400525,-33.18482628285377,0 -70.61895392899551,-33.18515389456633,0 -70.61867010220884,-33.18552192495864,0 -70.61810140167231,-33.18558210823552,0 -70.61769014092674,-33.18546256122942,0 -70.61751719595114,-33.18519574210519,0 -70.61732440698975,-33.18506941880535,0 -70.61717421050233,-33.18538844348898,0 -70.61709091525616,-33.18565254906115,0 -70.61678261176463,-33.18587399859141,0 -70.61634115875229,-33.18614202990228,0 -70.61623136255341,-33.18635774955596,0 -70.61575578609775,-33.18661000540504,0 -70.61507413060762,-33.18678184003684,0 -70.61440532575739,-33.18684286993548,0 -70.61410027257568,-33.18664661660498,0 -70.6139303740519,-33.18656892234998,0 -70.61359087078544,-33.18648407110812,0 -70.61316528271961,-33.18649250493452,0 -70.6129182361996,-33.18655218299233,0 -70.61282838325714,-33.1867906010706,0 -70.61314905554255,-33.18765839226598,0 -70.61295155256279,-33.18809185631257,0 -70.61245588931706,-33.18861198529998,0 -70.61195071464932,-33.18898219649568,0 -70.61149880015031,-33.18940779082127,0 -70.61080151004273,-33.18983161456489,0 -70.6106045682745,-33.18984936695243,0 -70.61039039900132,-33.1902527050853,0 -70.6101654559109,-33.19040690468767,0 -70.60990900058509,-33.19049903687633,0 -70.60957541393476,-33.19049138849589,0 -70.60912203420646,-33.19046369287479,0 -70.60885457333481,-33.19043463381047,0 -70.60839723416956,-33.19064036688256,0 -70.60824314019041,-33.19079257701758,0 -70.60800626950422,-33.19085573029732,0 -70.60781339640759,-33.19090428762733,0 -70.60755777711296,-33.19100946520544,0 -70.6074512850565,-33.19131802456364,0 -70.60706601260382,-33.19171020142787,0 -70.60666760019458,-33.19218098469859,0 -70.60636012601232,-33.19263324269033,0 -70.60587407930313,-33.19310596685069,0 -70.60568046831614,-33.19348695582737,0 -70.60526608151766,-33.19385936486437,0 -70.6049183470865,-33.19401243300817,0 -70.60455599220877,-33.1940916934709,0 -70.60586644162836,-33.19513843358428,0 
				</coordinates>
			</LineString>
		</Placemark>
		<Placemark id="01ED85C1DC3919CAC4D3">
			<name>Ruta sin título</name>
			<LookAt>
				<longitude>-70.64264033536547</longitude>
				<latitude>-33.17633424283137</latitude>
				<altitude>698.6230563949725</altitude>
				<heading>7.449775602124665</heading>
				<tilt>0</tilt>
				<range>2810.316741852731</range>
				<altitudeMode>absolute</altitudeMode>
				<gx:fovy>35</gx:fovy>
			</LookAt>
			<styleUrl>#__managed_style_08C3A00A423D3D1AF1E302</styleUrl>
			<LineString>
				<coordinates>
					-70.64583564123606,-33.17615547687288,0 -70.643116174754,-33.17725045843441,0 -70.64189309856775,-33.17794162816981,0 -70.64038095916838,-33.17881602995584,0 -70.63867355085996,-33.17980091160949,0 -70.63617130330836,-33.18084001173921,0 -70.63568264419764,-33.18106821772576,0 
				</coordinates>
			</LineString>
		</Placemark>
		<Placemark id="04D42578253919CD7399">
			<name>Polígono sin título</name>
			<LookAt>
				<longitude>-70.63618809636041</longitude>
				<latitude>-33.17972802671235</latitude>
				<altitude>701.639365130874</altitude>
				<heading>14.2063864819132</heading>
				<tilt>0</tilt>
				<range>1033.482109461911</range>
				<altitudeMode>absolute</altitudeMode>
				<gx:fovy>35</gx:fovy>
			</LookAt>
			<styleUrl>#__managed_style_08C3A00A423D3D1AF1E302</styleUrl>
			<Polygon>
				<outerBoundaryIs>
					<LinearRing>
						<coordinates>
							-70.63309018993793,-33.18212562512316,0 -70.62986416710525,-33.18359526500114,0 -70.62771066417066,-33.18435107550173,0 -70.62266746888942,-33.1864138018153,0 -70.62086944983827,-33.18711098243946,0 -70.6195676184346,-33.18744339494476,0 -70.61851914472967,-33.18770405997216,0 -70.61641932248807,-33.18869738650714,0 -70.61361990897989,-33.1902790452407,0 -70.61170913702941,-33.1911093704192,0 -70.61117221120791,-33.1915963926059,0 -70.61014859475615,-33.19215430662001,0 -70.60905664393806,-33.19223551027507,0 -70.60796730972493,-33.19287773705306,0 -70.60674365784956,-33.19366654685529,0 -70.60568618693287,-33.19453578093095,0 -70.60538490673648,-33.19510189574055,0 -70.60449338610597,-33.19553729052919,0 -70.60336587759319,-33.1958208187091,0 -70.60190096964101,-33.19636819366988,0 -70.6015940494427,-33.19669964377324,0 -70.60072831823236,-33.19689531073052,0 -70.59940787932196,-33.19725145771329,0 -70.59848787195423,-33.19746792192964,0 -70.59716705390883,-33.19796674150663,0 -70.59589080557954,-33.19838524368713,0 -70.59500871163402,-33.19873241177899,0 -70.59437739355279,-33.19867537128589,0 -70.59380105439683,-33.19883461139753,0 -70.59308731647627,-33.19888712687814,0 -70.592866537368,-33.19872652910645,0 -70.59216265157504,-33.19874380867371,0 -70.59149299095893,-33.19889769141874,0 -70.59062204821934,-33.19923774905349,0 -70.59015420872088,-33.19952470631251,0 -70.58979226390046,-33.20010389610295,0 -70.5893053421842,-33.20072794919805,0 -70.58843691309775,-33.20154037869212,0 -70.58769185095144,-33.20189903027921,0 -70.58684557653882,-33.20204532340243,0 -70.58612774498023,-33.20190370905678,0 -70.58548844736745,-33.20148375945141,0 -70.58515904760169,-33.20137978680488,0 -70.5840039606276,-33.20105110374393,0 -70.5835145872725,-33.20097003992314,0 -70.58291413342177,-33.2012148715567,0 -70.58258375586099,-33.20070143761198,0 -70.58305311919,-33.2005840969026,0 -70.58351735844315,-33.20065492752239,0 -70.58423453070459,-33.20081721678309,0 -70.58571437342712,-33.20131833316319,0 -70.58622203024541,-33.20168279627205,0 -70.58684406683354,-33.20183477892647,0 -70.58762841023442,-33.20159558523249,0 -70.58846473888897,-33.20096340649439,0 -70.58895585466446,-33.2002891027352,0 -70.58968213210196,-33.19927799898293,0 -70.59096905523046,-33.19852419849829,0 -70.59284930659419,-33.19838970603159,0 -70.59399483361669,-33.1983610014067,0 -70.59459516673564,-33.19837978483635,0 -70.59692580044363,-33.19766415197688,0 -70.59846157846663,-33.19706412440129,0 -70.60162669571581,-33.19611475281481,0 -70.60280958834691,-33.19568334437673,0 -70.60449383237228,-33.19505904759664,0 -70.60533296019486,-33.19426720348255,0 -70.60671097988745,-33.19312697953433,0 -70.60766626711637,-33.19233454475035,0 -70.6087299790377,-33.19177768503069,0 -70.61107869662436,-33.19089790089996,0 -70.61276055062267,-33.19032370641455,0 -70.61440101742112,-33.18947031870731,0 -70.61636246320531,-33.18834657717709,0 -70.61935545981831,-33.18717232939259,0 -70.62136531754568,-33.18672228600877,0 -70.62452613803784,-33.18541295358403,0 -70.62886792649898,-33.18366533323129,0 -70.63536188669741,-33.1806945195689,0 -70.63558503533611,-33.18106164756669,0 -70.63309018993793,-33.18212562512316,0 
						</coordinates>
					</LinearRing>
				</outerBoundaryIs>
			</Polygon>
		</Placemark>
		<Placemark id="073154BEBD3919D4EF24">
			<name>Polígono sin título</name>
			<LookAt>
				<longitude>-70.64519960804734</longitude>
				<latitude>-33.15980274890399</latitude>
				<altitude>750.0770372480099</altitude>
				<heading>14.20167283897183</heading>
				<tilt>0</tilt>
				<range>1194.781698555162</range>
				<altitudeMode>absolute</altitudeMode>
				<gx:fovy>35</gx:fovy>
			</LookAt>
			<styleUrl>#__managed_style_08C3A00A423D3D1AF1E302</styleUrl>
			<Polygon>
				<outerBoundaryIs>
					<LinearRing>
						<coordinates>
							-70.64663944628873,-33.16031196446466,0 -70.64327990765084,-33.15834623179512,0 -70.64345467027438,-33.15821532273043,0 -70.64685560504786,-33.16019487114148,0 -70.64663944628873,-33.16031196446466,0 
						</coordinates>
					</LinearRing>
				</outerBoundaryIs>
			</Polygon>
		</Placemark>
		<Placemark id="01E0A056B43919D98804">
			<name>Polígono sin título</name>
			<LookAt>
				<longitude>-70.64980636952271</longitude>
				<latitude>-33.15384616675575</latitude>
				<altitude>736.1273442923268</altitude>
				<heading>43.97662469340705</heading>
				<tilt>0.0960552597999469</tilt>
				<range>993.7742462387541</range>
				<altitudeMode>absolute</altitudeMode>
				<gx:fovy>35</gx:fovy>
			</LookAt>
			<styleUrl>#__managed_style_08C3A00A423D3D1AF1E302</styleUrl>
			<Polygon>
				<outerBoundaryIs>
					<LinearRing>
						<coordinates>
							-70.65038879035072,-33.15562985287706,0 -70.64593679233151,-33.15576450371733,0 -70.64002638060157,-33.15835841895988,0 -70.63703795463748,-33.15977589977724,0 -70.63468847489156,-33.16139240249765,0 -70.63249345014405,-33.16271579098947,0 -70.63089151146413,-33.16353534960004,0 -70.62911096247622,-33.16409113161924,0 -70.62773065908699,-33.16452738245912,0 -70.62712485973148,-33.16504548298477,0 -70.62678023631405,-33.1651200298275,0 -70.62619867227393,-33.16537834156645,0 -70.62601865809485,-33.16620796509262,0 -70.62590023754021,-33.16787577354611,0 -70.62587239587718,-33.1703063336854,0 -70.62608317755746,-33.17111164462379,0 -70.62712901538394,-33.17241245573829,0 -70.62728543254846,-33.1728603143082,0 -70.62711572391332,-33.17327342492553,0 -70.62705663048298,-33.17342143092515,0 -70.62688160659299,-33.17365224249259,0 -70.62683941756923,-33.17395832676867,0 -70.62673963322248,-33.17470068333098,0 -70.62689485013632,-33.17492510802592,0 -70.62667627009557,-33.17547737351256,0 -70.62624631532896,-33.17649089512257,0 -70.62561140986988,-33.1772183399592,0 -70.62545695525488,-33.17775147049749,0 -70.62586737908434,-33.17819459075012,0 -70.6261100023161,-33.17817279278675,0 -70.62680400106461,-33.17824389098818,0 -70.62723008285697,-33.17842039762233,0 -70.62746934332488,-33.17872618057621,0 -70.62767054945107,-33.17917075295718,0 -70.62766207705724,-33.17972327854108,0 -70.62730573367888,-33.18006864496979,0 -70.62699623573585,-33.18038569466851,0 -70.62698129825634,-33.180731441776,0 -70.62717004752616,-33.18099527587792,0 -70.62771294904937,-33.18144261396804,0 -70.62763143954197,-33.18196841548345,0 -70.62717646500948,-33.18242581785903,0 -70.6261275863931,-33.18267413277041,0 -70.62559093557167,-33.18317686229636,0 -70.62506513772647,-33.18354107396956,0 -70.62404840547222,-33.18386985653981,0 -70.62304666218532,-33.18456265463626,0 -70.62235628613523,-33.18546712729746,0 -70.62174009432096,-33.18596990481601,0 -70.62148640695584,-33.18684243141182,0 -70.62104664771418,-33.1870433131123,0 -70.6184824394668,-33.18769260936099,0 -70.61637526887954,-33.1887228846994,0 -70.61333088897287,-33.19034663242698,0 -70.61158465314675,-33.19117137015428,0 -70.61098403104165,-33.19166030966991,0 -70.61009294784091,-33.19210303063328,0 -70.60911898962745,-33.19220011235915,0 -70.60865731843703,-33.19235004530421,0 -70.60698595840218,-33.19346166407526,0 -70.60576130393081,-33.19444683335293,0 -70.60520104189041,-33.19506749352203,0 -70.60463792260218,-33.19541978903938,0 -70.60335217125724,-33.19579705563181,0 -70.60211014772045,-33.19615175595034,0 -70.6016703590018,-33.19647099393857,0 -70.60132965124579,-33.19670865920776,0 -70.60012555137141,-33.19704687269405,0 -70.59853952199056,-33.19740863203038,0 -70.5967119804838,-33.19818182621594,0 -70.59523789813989,-33.19875467522726,0 -70.59460203440972,-33.19869509876521,0 -70.59411519553741,-33.19875359737787,0 -70.59323416605241,-33.19888956681666,0 -70.59292790232456,-33.19872633950916,0 -70.59234129540847,-33.19874069387312,0 -70.5916668226855,-33.19885285465915,0 -70.59021968366383,-33.19945277755347,0 -70.5898236608305,-33.20010033158111,0 -70.58875706963546,-33.2011225542578,0 -70.58767299962565,-33.20194250926549,0 -70.58679469423508,-33.20208856219172,0 -70.58604724508662,-33.20190648442963,0 -70.58535712283853,-33.20144795412669,0 -70.58421935338031,-33.20105536299147,0 -70.58325033463848,-33.20090826438349,0 -70.58287076062685,-33.20111433717251,0 -70.58268180592999,-33.2007895842265,0 -70.58317883805246,-33.20070494737156,0 -70.58387990542134,-33.20081147391267,0 -70.58512475837105,-33.20109440806718,0 -70.58599392091834,-33.20168530773856,0 -70.58688213046878,-33.20187481889464,0 -70.58789616461907,-33.20154897072299,0 -70.58857641545846,-33.2009642533728,0 -70.58941071791772,-33.19996850699174,0 -70.58990495335065,-33.19929536539983,0 -70.59091285866464,-33.19855833666295,0 -70.59457082369318,-33.19841318905698,0 -70.59917354601481,-33.19683589696974,0 -70.60448123989168,-33.19503384778833,0 -70.60771044860705,-33.19228457080929,0 -70.60916164270742,-33.19157322246166,0 -70.61298319882012,-33.19020798574739,0 -70.61622531712699,-33.18838297250412,0 -70.61845839188385,-33.18749258977717,0 -70.62091738165587,-33.18682148093551,0 -70.62122099215181,-33.18667400424411,0 -70.62138211925812,-33.18574254112637,0 -70.62282398639088,-33.18442223113286,0 -70.62365807896508,-33.18378232521298,0 -70.62432432514886,-33.18350022820173,0 -70.62482980225803,-33.18341112402413,0 -70.62525660534442,-33.18303215548566,0 -70.62579447966645,-33.18248971812118,0 -70.62636965298854,-33.18236852226546,0 -70.62704407007949,-33.18219381115468,0 -70.6273665850176,-33.18196382862354,0 -70.62740781386907,-33.18159012396778,0 -70.62727084037142,-33.18132970441611,0 -70.62683190611699,-33.18107878892354,0 -70.62668829427014,-33.18059697278304,0 -70.62685888875794,-33.18014880811366,0 -70.62732896452438,-33.17980628213473,0 -70.62752639914092,-33.1794903454748,0 -70.62745351976662,-33.17914079693972,0 -70.62732382786933,-33.1788021719812,0 -70.62708434295335,-33.1785408540626,0 -70.62664177923727,-33.17839673460118,0 -70.62600629121671,-33.1784066336327,0 -70.62555953666846,-33.17834951660155,0 -70.6251305334352,-33.1779448159485,0 -70.6251960527795,-33.17745080850032,0 -70.62561768068301,-33.17683195080419,0 -70.62596595423841,-33.17647008050466,0 -70.62611764002364,-33.17617501168611,0 -70.62618025728284,-33.17589300201534,0 -70.62614998816738,-33.17551834093107,0 -70.62644609896113,-33.1754237987471,0 -70.6265754627297,-33.17507093719529,0 -70.62649043746148,-33.17468281571212,0 -70.62664723687882,-33.17400565626965,0 -70.62653435458353,-33.17379820440754,0 -70.62666732748468,-33.17345583756359,0 -70.62697751697908,-33.17311737880508,0 -70.6270080234225,-33.17256030459654,0 -70.6266553621478,-33.17207795379272,0 -70.62572876942426,-33.17105867597409,0 -70.62533992898541,-33.17086087447995,0 -70.62530381467469,-33.1705711953117,0 -70.62561498867618,-33.1705948282518,0 -70.62561437668954,-33.17045432691599,0 -70.62557816869429,-33.16788068300576,0 -70.62576441265784,-33.16550048777788,0 -70.62685300878283,-33.1646201151944,0 -70.62777012592248,-33.16404418202585,0 -70.62959587992755,-33.16353432052654,0 -70.63074809708566,-33.16328404249903,0 -70.63264279065278,-33.16231030234435,0 -70.63427038412598,-33.16130584844902,0 -70.63739899100334,-33.15917313646253,0 -70.64370543754426,-33.15630590418932,0 -70.64596990052286,-33.15530509147961,0 -70.65073695909761,-33.15522942607576,0 -70.65038879035072,-33.15562985287706,0 
						</coordinates>
					</LinearRing>
				</outerBoundaryIs>
			</Polygon>
		</Placemark>
		<Placemark id="0A03DFE8F1391A0CBD18">
			<name>Polígono sin título</name>
			<LookAt>
				<longitude>-70.62635636642348</longitude>
				<latitude>-33.16866427215951</latitude>
				<altitude>780.7158111709115</altitude>
				<heading>1.329268887647327e-07</heading>
				<tilt>0.09606738496181466</tilt>
				<range>1798.581524897309</range>
				<altitudeMode>absolute</altitudeMode>
				<gx:fovy>35</gx:fovy>
			</LookAt>
			<styleUrl>#__managed_style_08C3A00A423D3D1AF1E302</styleUrl>
			<Polygon>
				<outerBoundaryIs>
					<LinearRing>
						<coordinates>
							-70.62604086123476,-33.16807612118892,0 -70.6269417264176,-33.16774451081651,0 -70.62682675780187,-33.17068515623198,0 -70.62662534163444,-33.17075081626469,0 -70.62591538773653,-33.17060214490213,0 -70.62585854369696,-33.17026299674002,0 -70.62604086123476,-33.16807612118892,0 
						</coordinates>
					</LinearRing>
				</outerBoundaryIs>
			</Polygon>
		</Placemark>
		<Placemark id="06290A46A1391EF86141">
			<name>Polígono sin título</name>
			<LookAt>
				<longitude>-70.58150324087339</longitude>
				<latitude>-33.1831498931186</latitude>
				<altitude>1255.940636197668</altitude>
				<heading>15.78517101692886</heading>
				<tilt>3.569225479405305</tilt>
				<range>2760.791218382365</range>
				<altitudeMode>absolute</altitudeMode>
				<gx:fovy>30.00026519430221</gx:fovy>
			</LookAt>
			<styleUrl>#__managed_style_45C573F8AD3D3D1AF1FF</styleUrl>
			<Polygon>
				<outerBoundaryIs>
					<LinearRing>
						<coordinates>
							-70.57330114728332,-33.18912632458893,0 -70.57876570172573,-33.18571631798304,0 -70.58412329714868,-33.1822148074427,0 -70.58678610547939,-33.18114058738434,0 -70.59150329022414,-33.17851932382852,0 -70.5932033735468,-33.17730220334428,0 -70.59494750867347,-33.17667028938774,0 -70.59624217757923,-33.17590904552516,0 -70.60158602241226,-33.17299301805745,0 -70.60598647288717,-33.17094397776882,0 -70.60785562437218,-33.17004957008283,0 -70.60901415460656,-33.16996820497953,0 -70.6108382001586,-33.16927250128246,0 -70.6148700568565,-33.16799738355019,0 -70.62502264765656,-33.16403042417339,0 -70.63510820389097,-33.15994450337543,0 -70.63711847470883,-33.15993483991974,0 -70.64297900772439,-33.16507367752308,0 -70.64250917561101,-33.16553151606058,0 -70.63719590198818,-33.16120669161314,0 -70.63649752872765,-33.16050717180133,0 -70.6348518876765,-33.16064373399422,0 -70.62659075179707,-33.1640796922608,0 -70.61834314526411,-33.16733181222934,0 -70.61383286731103,-33.16907230372428,0 -70.60976158173041,-33.17032071363755,0 -70.60918123189681,-33.17057278741162,0 -70.60767866093954,-33.17072434486099,0 -70.60584497755367,-33.17155455497517,0 -70.59934512751443,-33.17471656442243,0 -70.59491759841798,-33.17734427138919,0 -70.59304102550163,-33.17799455203458,0 -70.5916339321932,-33.17908338955837,0 -70.58997219920599,-33.17984263693739,0 -70.58685182619523,-33.18169118447943,0 -70.58467813799541,-33.1824820485011,0 -70.57427556594551,-33.18926144446075,0 -70.57380228394172,-33.18954142064035,0 -70.57330114728332,-33.18912632458893,0 
						</coordinates>
					</LinearRing>
				</outerBoundaryIs>
			</Polygon>
		</Placemark>
		<Placemark id="0487609182391E004968">
			<name>STP 99.04</name>
			<LookAt>
				<longitude>-70.63932447291106</longitude>
				<latitude>-33.17553458997728</latitude>
				<altitude>710.5090208280527</altitude>
				<heading>-3.179660530425643</heading>
				<tilt>2.978300489425906</tilt>
				<range>1433.04093024577</range>
				<altitudeMode>absolute</altitudeMode>
				<gx:fovy>30.00026519430221</gx:fovy>
			</LookAt>
			<styleUrl>#__managed_style_45C573F8AD3D3D1AF1FF</styleUrl>
			<Polygon>
				<outerBoundaryIs>
					<LinearRing>
						<coordinates>
							-70.64184055034042,-33.17658399635634,0 -70.63380457974989,-33.17624329500576,0 -70.63334009003599,-33.17661019524099,0 -70.63260825690534,-33.17731411337765,0 -70.63153424002581,-33.17803538243516,0 -70.63064280501044,-33.17896585308991,0 -70.63007476819887,-33.18003569104435,0 -70.62990705833522,-33.18094299510707,0 -70.63004890021465,-33.1814285943131,0 -70.62966218060754,-33.18189230753573,0 -70.6286581055774,-33.18274259569318,0 -70.62778620682533,-33.1831804208675,0 -70.62641354060609,-33.18354400083634,0 -70.62561112276997,-33.18376512544434,0 -70.62411876563212,-33.1843504557882,0 -70.62294702004925,-33.18510739943005,0 -70.62189435698509,-33.18592593831919,0 -70.62089198025939,-33.18626654302167,0 -70.6195568298549,-33.1862673096233,0 -70.61768816354136,-33.18648090906111,0 -70.6164484061288,-33.18688333508862,0 -70.61561140133593,-33.18707298436704,0 -70.61446100265954,-33.18705040380617,0 -70.6136782510938,-33.18698674224697,0 -70.61324765031689,-33.18700732400369,0 -70.61309247754807,-33.18762606017195,0 -70.61242169737781,-33.18850614357822,0 -70.61153077954037,-33.18923044682031,0 -70.61038083442754,-33.18986982150503,0 -70.60929015743947,-33.1903200257352,0 -70.6078337656737,-33.19052936836199,0 -70.60683101532669,-33.19022619821735,0 -70.60661261085696,-33.19020548941587,0 -70.60657546056056,-33.19077963054737,0 -70.60646545553624,-33.19143696458826,0 -70.60621331769309,-33.19187346081242,0 -70.60561314037189,-33.19252401561784,0 -70.6048526790257,-33.19263044970964,0 -70.60441987102556,-33.19263231774814,0 -70.60419788606296,-33.19310741959281,0 -70.60349841213637,-33.19344698212988,0 -70.60281578206711,-33.19383559889872,0 -70.60155678565782,-33.1941073867152,0 -70.60127328701685,-33.19449136897511,0 -70.60089192512071,-33.19485407587641,0 -70.59955826667988,-33.1953558340116,0 -70.59912225644807,-33.19557405441117,0 -70.5976328794917,-33.19539034704493,0 -70.59711755143776,-33.19579402244683,0 -70.5967541088913,-33.19604745156261,0 -70.59659635138857,-33.19659124656891,0 -70.59451113064277,-33.19791768525197,0 -70.59209098855882,-33.1987718038177,0 -70.59008532365597,-33.19947577568806,0 -70.58963864951299,-33.20027255513494,0 -70.58897953080576,-33.20097896549959,0 -70.58808509283314,-33.20178316228533,0 -70.58767065418343,-33.2020791543417,0 -70.58679176508871,-33.20224744805343,0 -70.58578010371693,-33.20199231628369,0 -70.58485668534816,-33.20144524412549,0 -70.58371181239231,-33.20125191064452,0 -70.58279345363442,-33.20115411317686,0 -70.58222181598887,-33.20151837925538,0 -70.58168478569533,-33.20181525630164,0 -70.58104199658477,-33.20216967814513,0 -70.58050043446197,-33.20251994455644,0 -70.57976054465716,-33.20273538479266,0 -70.57925086437997,-33.2032621571277,0 -70.5779151236608,-33.20368744969865,0 -70.57661290466558,-33.20415147244288,0 -70.57554159962915,-33.20452370721578,0 -70.57507261590845,-33.2045747223637,0 -70.5744442083233,-33.2048077984051,0 -70.57397549124782,-33.20468874680236,0 -70.57354314070382,-33.20453080706357,0 -70.57321076681599,-33.20452513082093,0 -70.57347402790471,-33.20496445181531,0 -70.57352207252674,-33.20518688624981,0 -70.57304095748394,-33.20539372598704,0 -70.57218787461164,-33.20520782652024,0 -70.57144407015664,-33.20497403533947,0 -70.57143653363939,-33.20438620835978,0 -70.57187833049092,-33.20347497928125,0 -70.5722539661795,-33.20303330053715,0 -70.57215068373441,-33.20259206991997,0 -70.57219724483832,-33.20225718699032,0 -70.57189075801068,-33.20217359713494,0 -70.57127808660861,-33.20212935262055,0 -70.57082979847721,-33.2020010825206,0 -70.57045394412448,-33.20199139209636,0 -70.57015140418929,-33.20236488123803,0 -70.56978563254376,-33.20308962074951,0 -70.56951508968974,-33.20351673040786,0 -70.56926691664863,-33.20411419105989,0 -70.56904234510412,-33.20446333575349,0 -70.5682225964532,-33.2049130979721,0 -70.56781864623147,-33.20496177470924,0 -70.56756725887226,-33.20463981402964,0 -70.56797631770047,-33.203763095109,0 -70.56762435921235,-33.20337646264748,0 -70.56733944139738,-33.20316016997574,0 -70.56763132954239,-33.20283534878214,0 -70.56824314244291,-33.20277638464396,0 -70.5682903588567,-33.2022146236907,0 -70.5684272068804,-33.20142289736494,0 -70.56885944015026,-33.20078461120432,0 -70.57023716834725,-33.19992611237135,0 -70.57091191092323,-33.19944832237675,0 -70.57169100263152,-33.1994183149265,0 -70.57204103235297,-33.19831066827796,0 -70.57191832943205,-33.19804681885614,0 -70.57148360616046,-33.19805257023196,0 -70.57049159085102,-33.1975337971752,0 -70.56984277675478,-33.19704820151471,0 -70.56898027620529,-33.19666493905131,0 -70.56863604641396,-33.19623264651737,0 -70.56876093691685,-33.19615905305168,0 -70.57150246689619,-33.19753149262417,0 -70.57233022859285,-33.19783390360079,0 -70.57252260143774,-33.19819100743002,0 -70.57227548170694,-33.19862072517986,0 -70.57212215662362,-33.19919763038621,0 -70.57216971677414,-33.19959789885984,0 -70.57182372764539,-33.1997339933556,0 -70.57109500903273,-33.199875418721,0 -70.57034825484415,-33.20022839822263,0 -70.56952023861876,-33.20075565373268,0 -70.56901482628722,-33.20108946860855,0 -70.56873226922933,-33.20148090986851,0 -70.56860902806739,-33.20194098229891,0 -70.56854075025875,-33.2024589473823,0 -70.5685182201383,-33.20283911905958,0 -70.56824718207555,-33.20312848506116,0 -70.5678630065714,-33.20311464182827,0 -70.5682575859997,-33.20338658643151,0 -70.56826734647666,-33.20381519986091,0 -70.5680589656622,-33.20445866215838,0 -70.56823680895778,-33.20454289884702,0 -70.56874851549216,-33.20410306189773,0 -70.56934908642816,-33.20311585837763,0 -70.56952225986589,-33.2028600139111,0 -70.56990248785945,-33.20218864082843,0 -70.5700620991244,-33.20190542809537,0 -70.57065179067061,-33.20162838610715,0 -70.57123886941645,-33.20168380293538,0 -70.57130897619652,-33.20182220244315,0 -70.57168752567021,-33.20192346508964,0 -70.57211700876528,-33.20180251934882,0 -70.57251336817338,-33.20195168166154,0 -70.5725162957328,-33.20219310805016,0 -70.57243640015504,-33.20260671733652,0 -70.57259579668533,-33.20291820475845,0 -70.57257222210541,-33.20315150383943,0 -70.57243522547803,-33.20346798197735,0 -70.57226032861651,-33.20371836966277,0 -70.57197845963645,-33.20399942738451,0 -70.57180688002219,-33.20437746653406,0 -70.57176711668599,-33.20464872797868,0 -70.57200761296836,-33.20488325158258,0 -70.57274911738971,-33.20496606649425,0 -70.5728991882574,-33.20476855377123,0 -70.57286154569927,-33.2045053889973,0 -70.57297991489649,-33.20432046972397,0 -70.57331002882218,-33.20419762743363,0 -70.57367460502978,-33.20421644412114,0 -70.57398382938892,-33.20436184440693,0 -70.57437552098887,-33.20446796373007,0 -70.57480628202059,-33.20440070700317,0 -70.57515742298736,-33.20420421243912,0 -70.57542292519277,-33.20406320078369,0 -70.57572273662133,-33.20409314570945,0 -70.57603846443816,-33.20387400591434,0 -70.57722039984675,-33.20342122064206,0 -70.57831712282494,-33.20300600045101,0 -70.58020297397634,-33.20212393169531,0 -70.5809556933939,-33.20171825846864,0 -70.58161845609092,-33.20141397297301,0 -70.5819642917007,-33.20135265789275,0 -70.58239855675926,-33.20107923035845,0 -70.5831352246873,-33.20062953222305,0 -70.58415599098166,-33.20080898272003,0 -70.58569021789172,-33.20135670025466,0 -70.58632039574961,-33.2017041504375,0 -70.58723112766086,-33.20177894062392,0 -70.58786355573856,-33.20153432554286,0 -70.5885874332343,-33.2008786091013,0 -70.58933068334372,-33.20002911982687,0 -70.58977923054363,-33.19937488164543,0 -70.59135566951686,-33.1986854952467,0 -70.59303150580011,-33.19812061170152,0 -70.5942353616106,-33.19757487870968,0 -70.59563539147355,-33.19674387309927,0 -70.59616942180564,-33.19634514617398,0 -70.59643393524634,-33.19593170086706,0 -70.59682180104257,-33.19564446375677,0 -70.59699643492559,-33.19534206837621,0 -70.5973346182584,-33.19498592888792,0 -70.59799262647395,-33.1950877216406,0 -70.59901680989317,-33.19521901340993,0 -70.59962159238094,-33.19506813467397,0 -70.6001704635718,-33.19469771257913,0 -70.60078780430008,-33.19451113367221,0 -70.60095647824518,-33.19436771383381,0 -70.60117739097423,-33.19389838541667,0 -70.60249225786464,-33.1936009626283,0 -70.60287467538667,-33.19352672931509,0 -70.60307590076286,-33.19326218361766,0 -70.60346552833811,-33.19307318397627,0 -70.60387892147428,-33.19283192732751,0 -70.60395723705865,-33.19249697662089,0 -70.6042637099569,-33.19227784617919,0 -70.60474329211537,-33.19226007465319,0 -70.60529407520009,-33.19219618276203,0 -70.60565668689038,-33.19198355345004,0 -70.605819094399,-33.19169617425786,0 -70.6061689552868,-33.19136621065751,0 -70.60629818129028,-33.19093231031286,0 -70.60621740598968,-33.19050966028316,0 -70.60617000877409,-33.19009716212985,0 -70.60638574794611,-33.18975355804714,0 -70.60684848973358,-33.18977176292466,0 -70.60731104827111,-33.18993746520997,0 -70.60767733807788,-33.19013615631479,0 -70.60944505288306,-33.18993064418181,0 -70.610228685108,-33.18955473327797,0 -70.6110590281841,-33.18909659688184,0 -70.61180384924664,-33.18856692537873,0 -70.6123082961286,-33.18807652955356,0 -70.61278990242084,-33.18742155024747,0 -70.61291698790238,-33.18697906950776,0 -70.6131608465644,-33.18666643992503,0 -70.61378977079066,-33.18664529437983,0 -70.61444483617336,-33.18670005086742,0 -70.61581009769507,-33.18666035391546,0 -70.61619333474466,-33.18666869078933,0 -70.61703160247259,-33.18629308771485,0 -70.61836090092088,-33.18593403843298,0 -70.61958766353429,-33.1859184796863,0 -70.62118870105603,-33.1858751996355,0 -70.62209362428197,-33.18529326323282,0 -70.62307444773238,-33.18454557703643,0 -70.62572543014679,-33.18333804473627,0 -70.62661428590908,-33.18311969379774,0 -70.62774974798755,-33.18282108253027,0 -70.62873337084066,-33.18211798407967,0 -70.62958467366887,-33.18133010566615,0 -70.62967539522447,-33.1809980199184,0 -70.62941561955328,-33.18052325321372,0 -70.62985709772627,-33.17946385475695,0 -70.63071149821165,-33.17825403439441,0 -70.63158459289812,-33.17752480689308,0 -70.63258612704486,-33.17688316141442,0 -70.63347082398425,-33.17591780784657,0 -70.63539372411155,-33.17599615670854,0 -70.64186872872912,-33.1763294642054,0 -70.64184055034042,-33.17658399635634,0 
						</coordinates>
					</LinearRing>
				</outerBoundaryIs>
			</Polygon>
		</Placemark>
		<Placemark id="02F4A2A935391E1383F4">
			<name>Polígono sin título</name>
			<LookAt>
				<longitude>-70.63404955527967</longitude>
				<latitude>-33.17378170562381</latitude>
				<altitude>728.7161651846372</altitude>
				<heading>356.620571031188</heading>
				<tilt>0</tilt>
				<range>3347.518795877696</range>
				<altitudeMode>absolute</altitudeMode>
				<gx:fovy>30.00026519430221</gx:fovy>
			</LookAt>
			<styleUrl>#__managed_style_45C573F8AD3D3D1AF1FF</styleUrl>
			<Polygon>
				<outerBoundaryIs>
					<LinearRing>
						<coordinates>
							-70.63138799276965,-33.17642215556281,0 -70.62224273935566,-33.18356924190753,0 -70.61068653301994,-33.1878184519561,0 -70.60816285241167,-33.18920475514996,0 -70.60463878697652,-33.1933460891307,0 -70.59959718164518,-33.19580254827839,0 -70.59630165610334,-33.19670283584271,0 -70.59428552722984,-33.19783966097859,0 -70.59158018793086,-33.1988362592357,0 -70.5899226223776,-33.19970273677637,0 -70.58869879779223,-33.20134745087179,0 -70.58731126432376,-33.20202392276266,0 -70.58622411805653,-33.20199666231875,0 -70.58519847068378,-33.2014084056974,0 -70.58246079772,-33.20075533285642,0 -70.58249449422465,-33.20034514900196,0 -70.58368367036047,-33.20071429351436,0 -70.58541045380129,-33.20126010296595,0 -70.58678291082312,-33.20173088929266,0 -70.58803908233018,-33.20138266607201,0 -70.58988187347744,-33.19928492336426,0 -70.59402722268196,-33.19770023881245,0 -70.59617883639937,-33.19635601732411,0 -70.59945629609436,-33.19551389231088,0 -70.60447313271594,-33.19315861967281,0 -70.60792705660478,-33.18908414713358,0 -70.61054970847341,-33.18765444694507,0 -70.6220381842638,-33.18341082906407,0 -70.63109218777224,-33.17625201259006,0 -70.63493456233114,-33.17449703084073,0 -70.63511181984175,-33.17476488533566,0 -70.63138799276965,-33.17642215556281,0 
						</coordinates>
					</LinearRing>
				</outerBoundaryIs>
			</Polygon>
		</Placemark>
		<Placemark id="09E8A5B203391F17FF54">
			<name>STP 03.04</name>
			<description><![CDATA[<div><b>Nombre área:</b>&nbsp;Faja servidumbre Ocupación y Tránsito para Mineroducto y Ductos Existentes<br></div><div><b>Gerencia:&nbsp;</b>Gerencia Planta<br></div><div><b>Responsable:&nbsp;</b>Matías Henríquez<br></div>]]></description>
			<LookAt>
				<longitude>-70.63854784654578</longitude>
				<latitude>-33.17632791956592</latitude>
				<altitude>708.4544081370449</altitude>
				<heading>8.645962736379259</heading>
				<tilt>3.569631638830159</tilt>
				<range>3486.411209013895</range>
				<altitudeMode>absolute</altitudeMode>
				<gx:fovy>30.00026519430221</gx:fovy>
			</LookAt>
			<styleUrl>#__managed_style_04AF00A56E3D3D1AF204</styleUrl>
			<Point>
				<coordinates>-70.63550760753806,-33.18116116491841,702.4059628037328</coordinates>
			</Point>
		</Placemark>
		<Placemark id="03B36586B0391F3DABB9">
			<name>STP 03.01</name>
			<description><![CDATA[<div><b>Nombre área:</b>&nbsp;Faja servidumbre de tránsito Camino de acceso al río colina<br></div><div><b>Gerencia:&nbsp;</b>Gerencia Planta<br></div><div><b>Responsable:&nbsp;</b>Matías Henríquez<br></div>]]></description>
			<LookAt>
				<longitude>-70.63596069506642</longitude>
				<latitude>-33.18041805323549</latitude>
				<altitude>701.0373165290084</altitude>
				<heading>8.643426180338446</heading>
				<tilt>3.571445256499297</tilt>
				<range>6727.538890364813</range>
				<altitudeMode>absolute</altitudeMode>
				<gx:fovy>30.00026519430221</gx:fovy>
			</LookAt>
			<styleUrl>#__managed_style_04AF00A56E3D3D1AF204</styleUrl>
			<Point>
				<coordinates>-70.62142805338837,-33.18682804199823,746.1651001491159</coordinates>
			</Point>
		</Placemark>
		<Placemark id="0339950D3E391F3EC964">
			<name>STP 03.09</name>
			<description><![CDATA[<div><b>Nombre área:</b>&nbsp;Faja servidumbre de acueducto - Canal del Fundo, aguast río colina<br></div><div><b>Gerencia:&nbsp;</b>Gerencia Planta<br></div><div><b>Responsable:&nbsp;</b>Matías Henríquez<br></div>]]></description>
			<LookAt>
				<longitude>-70.60742202422126</longitude>
				<latitude>-33.19465783783175</latitude>
				<altitude>794.9221161260159</altitude>
				<heading>8.630961275434894</heading>
				<tilt>3.568679182721805</tilt>
				<range>1784.292071340024</range>
				<altitudeMode>absolute</altitudeMode>
				<gx:fovy>30.00026519430221</gx:fovy>
			</LookAt>
			<styleUrl>#__managed_style_04AF00A56E3D3D1AF204</styleUrl>
			<Point>
				<coordinates>-70.60587295302749,-33.19514101986321,800.3875211994036</coordinates>
			</Point>
		</Placemark>
		<Placemark id="0C75C38585391F4220B9">
			<name>99.04</name>
			<description><![CDATA[<div><b>Nombre área:</b>&nbsp;Camino STP**<br></div><div><b>Gerencia:&nbsp;</b>Gerencia Infraestructura y servicios<br></div><div><b>Responsable:</b> Enrique Fernández<br></div>]]></description>
			<LookAt>
				<longitude>-70.58353814824981</longitude>
				<latitude>-33.19992725952197</latitude>
				<altitude>954.882897596961</altitude>
				<heading>8.616174183289566</heading>
				<tilt>3.569657295500596</tilt>
				<range>3532.400016242755</range>
				<altitudeMode>absolute</altitudeMode>
				<gx:fovy>30.00026519430221</gx:fovy>
			</LookAt>
			<styleUrl>#__managed_style_1548BABC183D3D1AF1FF</styleUrl>
			<Point>
				<coordinates>-70.57898601440618,-33.2031987412219,949.7877433151334</coordinates>
			</Point>
		</Placemark>
		<Placemark id="0FD0DAD4D8391F43637F">
			<name>STP 03.02</name>
			<description><![CDATA[<div><b>Nombre área:</b>&nbsp;Faja servidumbre de tránsito Camino de Acceso al Portal<br></div><div><b>Gerencia:&nbsp;</b>Gerencia Planta<br></div><div><b>Responsable:&nbsp;</b>Matías Henríquez<br></div>]]></description>
			<LookAt>
				<longitude>-70.59169915545321</longitude>
				<latitude>-33.19761532235763</latitude>
				<altitude>915.9746635534436</altitude>
				<heading>8.618224649236989</heading>
				<tilt>3.570188988590749</tilt>
				<range>4482.602971576271</range>
				<altitudeMode>absolute</altitudeMode>
				<gx:fovy>30.00026519430221</gx:fovy>
			</LookAt>
			<styleUrl>#__managed_style_1548BABC183D3D1AF1FF</styleUrl>
			<Point>
				<coordinates>-70.59722365432961,-33.19535213811601,897.0054805000768</coordinates>
			</Point>
		</Placemark>
		<Placemark id="07EF31DC5A391F4612DF">
			<name>STP 03.06</name>
			<description><![CDATA[<div><b>Nombre área:</b>&nbsp;Faja servidumbre línea Eléctrica de alta tensión existente<br></div><div><b>Gerencia:&nbsp;</b>Gerencia Planta<br></div><div><b>Responsable:&nbsp;</b>Matías Henríquez<br></div>]]></description>
			<LookAt>
				<longitude>-70.61287164202126</longitude>
				<latitude>-33.18806968619531</latitude>
				<altitude>795.6872351291483</altitude>
				<heading>8.628704930256875</heading>
				<tilt>3.572064985775159</tilt>
				<range>7835.180417579832</range>
				<altitudeMode>absolute</altitudeMode>
				<gx:fovy>30.00026519430221</gx:fovy>
			</LookAt>
			<styleUrl>#__managed_style_1548BABC183D3D1AF1FF</styleUrl>
			<Point>
				<coordinates>-70.61445695302544,-33.18622343284697,824.3822181468494</coordinates>
			</Point>
		</Placemark>
		<Placemark id="0DC8823F7A391F507CDC">
			<name>STP 03.05</name>
			<description><![CDATA[<div><b>Nombre área:</b>&nbsp;Faja servidumbre línea eléctrica de alta tensión<br></div><div><b>Gerencia:&nbsp;</b>Gerencia infraestructura y servicios<br></div><div><b>Responsable:&nbsp;</b>Ariel Cáceres<br></div>]]></description>
			<LookAt>
				<longitude>-70.59813790833999</longitude>
				<latitude>-33.17941841479038</latitude>
				<altitude>1063.178686583245</altitude>
				<heading>8.609763537139715</heading>
				<tilt>3.572102172416137</tilt>
				<range>7901.967504528584</range>
				<altitudeMode>absolute</altitudeMode>
				<gx:fovy>30.00026519430221</gx:fovy>
			</LookAt>
			<styleUrl>#__managed_style_3017F83A0E3D3D1AF208</styleUrl>
			<Point>
				<coordinates>-70.5975738456587,-33.17570734644259,1186.984529555102</coordinates>
			</Point>
		</Placemark>
		<Placemark id="02A45E2253391F520B19">
			<name>STP 03.10</name>
			<description><![CDATA[<div><b>Nombre área:</b>&nbsp;Faja servidumbre de Ocupación Tranque Peldehue N°2<br></div><div><b>Gerencia:&nbsp;</b>Gerencia Planta<br></div><div><b>Responsable:&nbsp;</b>Matías Henríquez<br></div>]]></description>
			<LookAt>
				<longitude>-70.63619951265292</longitude>
				<latitude>-33.16778112563762</latitude>
				<altitude>756.8455588526648</altitude>
				<heading>8.630593454130695</heading>
				<tilt>3.572274130800267</tilt>
				<range>8208.898996389473</range>
				<altitudeMode>absolute</altitudeMode>
				<gx:fovy>30.00026519430221</gx:fovy>
			</LookAt>
			<styleUrl>#__managed_style_04AF00A56E3D3D1AF204</styleUrl>
			<Point>
				<coordinates>-70.62661834026467,-33.16912136378116,780.2309613465138</coordinates>
			</Point>
		</Placemark>
		<Placemark id="0190D73F72391F52C9EB">
			<name>STP 03.03</name>
			<description><![CDATA[<div><b>Nombre área:</b>&nbsp;Faja servidumbre de Ocupación y transito&nbsp;<br></div><div><b>Gerencia:&nbsp;</b>Gerencia Planta<br></div><div><b>Responsable:&nbsp;</b>Matías Henríquez<br></div>]]></description>
			<LookAt>
				<longitude>-70.63619951265292</longitude>
				<latitude>-33.16778112563762</latitude>
				<altitude>756.8455588526648</altitude>
				<heading>8.630593454130695</heading>
				<tilt>3.572274130800267</tilt>
				<range>8208.898996389473</range>
				<altitudeMode>absolute</altitudeMode>
				<gx:fovy>30.00026519430221</gx:fovy>
			</LookAt>
			<styleUrl>#__managed_style_1548BABC183D3D1AF1FF</styleUrl>
			<Point>
				<coordinates>-70.62902751833909,-33.16428509544385,793.7072796133094</coordinates>
			</Point>
		</Placemark>
		<Placemark id="0AA702478039239E5F2C">
			<name>STP 03.07</name>
			<description><![CDATA[<div><b>Nombre área:</b>&nbsp;Faja servidumbre - Agua de riesgo tranque peldehue N°2<br></div><div><b>Gerencia:&nbsp;</b>Gerencia Planta<br></div><div><b>Responsable:&nbsp;</b>Matías Henríquez<br></div>]]></description>
			<LookAt>
				<longitude>-70.64092881917949</longitude>
				<latitude>-33.16488830647292</latitude>
				<altitude>756.9852344183345</altitude>
				<heading>8.651425320935591</heading>
				<tilt>3.56962462377306</tilt>
				<range>3473.906430607312</range>
				<altitudeMode>absolute</altitudeMode>
				<gx:fovy>30.00026519430221</gx:fovy>
			</LookAt>
			<styleUrl>#__managed_style_04AF00A56E3D3D1AF204</styleUrl>
			<Point>
				<coordinates>-70.64244867026184,-33.16314730857759,756.0572747599083</coordinates>
			</Point>
		</Placemark>
	</Folder>
	<Folder id="055DC502153AB4C416D7">
		<name>Estacion de emergencia</name>
		<styleUrl>#__managed_style_08C3A00A423D3D1AF1E302</styleUrl>
		<Placemark id="025C70CBD23A8D1FAE84">
			<name>ESTACION DE EMERGENCIA CONTROL CARRETERA</name>
			<LookAt>
				<longitude>-70.6514152815722</longitude>
				<latitude>-33.15740503716634</latitude>
				<altitude>732.152413109619</altitude>
				<heading>0</heading>
				<tilt>0</tilt>
				<range>40.94227319305901</range>
				<altitudeMode>absolute</altitudeMode>
				<gx:fovy>35</gx:fovy>
			</LookAt>
			<styleUrl>#msn_earthquake</styleUrl>
			<Point>
				<coordinates>-70.65142866039061,-33.15738034123854,731.9388035893836</coordinates>
			</Point>
		</Placemark>
		<Placemark id="0B72F4FFA73A8D2E4D68">
			<name>ESTACION DE EMERGENCIA PLANTA MOLIBDENO 2</name>
			<description><![CDATA[<div>SECTOR ESTANQUE DE NASH</div>]]></description>
			<LookAt>
				<longitude>-70.70737399989221</longitude>
				<latitude>-33.14174399964276</latitude>
				<altitude>785.5469179142119</altitude>
				<heading>0</heading>
				<tilt>0</tilt>
				<range>694.4679991464363</range>
				<altitudeMode>absolute</altitudeMode>
				<gx:fovy>35</gx:fovy>
			</LookAt>
			<styleUrl>#msn_earthquake</styleUrl>
			<Point>
				<coordinates>-70.7073517937513,-33.14176414286824,785.398135099619</coordinates>
			</Point>
		</Placemark>
		<Placemark id="0616139A4F3A8D500B38">
			<name>ESTACION DE EMERGENCIA PLANTA MOLIBDENO 1</name>
			<LookAt>
				<longitude>-70.70672460521463</longitude>
				<latitude>-33.13968725101228</latitude>
				<altitude>763.5802370923109</altitude>
				<heading>0</heading>
				<tilt>0</tilt>
				<range>694.0479746908386</range>
				<altitudeMode>absolute</altitudeMode>
				<gx:fovy>35</gx:fovy>
			</LookAt>
			<styleUrl>#msn_earthquake</styleUrl>
			<Point>
				<coordinates>-70.70669502108137,-33.13961138711981,763.5620265003091</coordinates>
			</Point>
		</Placemark>
		<Placemark id="0E5C64388B3A8D53B38E">
			<name>ESTACION DE EMERGENCIA PLANTA DE FILTROS</name>
			<LookAt>
				<longitude>-70.70607758643709</longitude>
				<latitude>-33.13929756919757</latitude>
				<altitude>755.5342239455761</altitude>
				<heading>0</heading>
				<tilt>0</tilt>
				<range>693.8653352078836</range>
				<altitudeMode>absolute</altitudeMode>
				<gx:fovy>35</gx:fovy>
			</LookAt>
			<styleUrl>#msn_earthquake</styleUrl>
			<Point>
				<coordinates>-70.70606649163409,-33.13928363380912,755.2797830480764</coordinates>
			</Point>
		</Placemark>
		<Placemark id="09DF25E9323A92AB71C7">
			<name>ESTACION DE EMERGENCIA</name>
			<description><![CDATA[<div>LAS PUERTAS</div>]]></description>
			<LookAt>
				<longitude>-70.49400562838434</longitude>
				<latitude>-33.3655887942182</latitude>
				<altitude>874.225673015627</altitude>
				<heading>22.49446460170824</heading>
				<tilt>0</tilt>
				<range>49.20595652479278</range>
				<altitudeMode>absolute</altitudeMode>
				<gx:fovy>35</gx:fovy>
			</LookAt>
			<styleUrl>#msn_earthquake</styleUrl>
			<Point>
				<coordinates>-70.49400583417967,-33.365555018306,871.8615876663525</coordinates>
			</Point>
		</Placemark>
		<Placemark id="00A5C100DE3A92ADFF54">
			<name>ESTACION DE EMERGENCIA</name>
			<description><![CDATA[<div>LA ERMITA</div>]]></description>
			<LookAt>
				<longitude>-70.39765781929219</longitude>
				<latitude>-33.36833070396929</latitude>
				<altitude>1170.371032118678</altitude>
				<heading>22.4393485915718</heading>
				<tilt>0</tilt>
				<range>75.44635975195888</range>
				<altitudeMode>absolute</altitudeMode>
				<gx:fovy>35</gx:fovy>
			</LookAt>
			<styleUrl>#msn_earthquake</styleUrl>
			<Point>
				<coordinates>-70.39775770436108,-33.36828521964801,1171.33261613898</coordinates>
			</Point>
		</Placemark>
		<Placemark id="0E15C569913A92AF54FC">
			<name>ESTACION DE EMERGENCIA</name>
			<LookAt>
				<longitude>-70.34907588535911</longitude>
				<latitude>-33.26091439260838</latitude>
				<altitude>2065.394900054514</altitude>
				<heading>22.41100689142424</heading>
				<tilt>0</tilt>
				<range>60.48892778112531</range>
				<altitudeMode>absolute</altitudeMode>
				<gx:fovy>35</gx:fovy>
			</LookAt>
			<styleUrl>#msn_earthquake</styleUrl>
			<Point>
				<coordinates>-70.34924597140395,-33.26083977846885,2066.650588850159</coordinates>
			</Point>
		</Placemark>
		<Placemark id="0626B943DF3A944B945B">
			<name>ESTACION DE EMERGENCIA ED 2</name>
			<description><![CDATA[<div>DISIPADORA 2<br></div>]]></description>
			<LookAt>
				<longitude>-70.56833169965458</longitude>
				<latitude>-33.19517990102722</latitude>
				<altitude>1146.592896883015</altitude>
				<heading>0</heading>
				<tilt>0</tilt>
				<range>66.38715167739974</range>
				<altitudeMode>absolute</altitudeMode>
				<gx:fovy>35</gx:fovy>
			</LookAt>
			<styleUrl>#msn_earthquake</styleUrl>
			<Point>
				<coordinates>-70.56834049565612,-33.1952350303003,1146.059247408295</coordinates>
			</Point>
		</Placemark>
		<Placemark id="0DE0F7515E3C5C6DD81E">
			<name>ESTACIÓN DE EMERGENCIA LAGUNA SECA</name>
			<LookAt>
				<longitude>-70.39574148146183</longitude>
				<latitude>-33.22694459546525</latitude>
				<altitude>2261.145234529954</altitude>
				<heading>0</heading>
				<tilt>0</tilt>
				<range>61.47937613456635</range>
				<altitudeMode>absolute</altitudeMode>
				<gx:fovy>30.00000338</gx:fovy>
			</LookAt>
			<styleUrl>#msn_earthquake0</styleUrl>
			<Point>
				<coordinates>-70.39579233939989,-33.22694595902291,2260.924286693739</coordinates>
			</Point>
		</Placemark>
		<Placemark id="04AC5CB7D93C5C76D277">
			<name>ESTACIÓN DE EMERGENCIA VENTEO ALTO</name>
			<LookAt>
				<longitude>-70.4481410493716</longitude>
				<latitude>-33.20687561845846</latitude>
				<altitude>2465.865260206005</altitude>
				<heading>0</heading>
				<tilt>0</tilt>
				<range>24.99999895062957</range>
				<altitudeMode>absolute</altitudeMode>
				<gx:fovy>30.00000338</gx:fovy>
			</LookAt>
			<styleUrl>#msn_earthquake0</styleUrl>
			<Point>
				<coordinates>-70.44821300173498,-33.20687921747405,2466.189380477548</coordinates>
			</Point>
		</Placemark>
		<Placemark id="008589E2AF3C5C791D76">
			<name>ESTACION DE EMERGENCIA ED 1.5</name>
			<LookAt>
				<longitude>-70.53897827715504</longitude>
				<latitude>-33.19302370267216</latitude>
				<altitude>1558.244089713096</altitude>
				<heading>0</heading>
				<tilt>0</tilt>
				<range>25.00000184782948</range>
				<altitudeMode>absolute</altitudeMode>
				<gx:fovy>30.00000338</gx:fovy>
			</LookAt>
			<styleUrl>#msn_earthquake0</styleUrl>
			<Point>
				<coordinates>-70.53899776441928,-33.1930474938067,1557.976061069632</coordinates>
			</Point>
		</Placemark>
		<Placemark id="0291CF27243C5C7A19DC">
			<name>ESTACION DE EMERGENCIA CONTROL RUTA</name>
			<LookAt>
				<longitude>-70.56987680247842</longitude>
				<latitude>-33.19668725800133</latitude>
				<altitude>1120.014025055458</altitude>
				<heading>0</heading>
				<tilt>0</tilt>
				<range>25.20341715141058</range>
				<altitudeMode>absolute</altitudeMode>
				<gx:fovy>30.00000338</gx:fovy>
			</LookAt>
			<styleUrl>#msn_earthquake0</styleUrl>
			<Point>
				<coordinates>-70.56990591670582,-33.19670812416802,1119.703538156535</coordinates>
			</Point>
		</Placemark>
	</Folder>
	<Folder id="085448713C3CB44FE59C">
		<name>RIECILLOS</name>
		<styleUrl>#__managed_style_08C3A00A423D3D1AF1E302</styleUrl>
		<Placemark id="0E8896237B3C7D0D1058">
			<name>2007 frecuencia 5</name>
			<LookAt>
				<longitude>-70.35574083697722</longitude>
				<latitude>-33.03324442908513</latitude>
				<altitude>2712.40517528308</altitude>
				<heading>0</heading>
				<tilt>0</tilt>
				<range>155.8825785148838</range>
				<altitudeMode>absolute</altitudeMode>
				<gx:fovy>30.00000338</gx:fovy>
			</LookAt>
			<styleUrl>#__managed_style_08C3A00A423D3D1AF1E302</styleUrl>
			<Point>
				<coordinates>-70.35511771332303,-33.03318358473875,2718.962341817676</coordinates>
			</Point>
		</Placemark>
		<Placemark id="0F63895DF23C7D0E33E3">
			<name>3050 frecuencia 5</name>
			<LookAt>
				<longitude>-70.37649284991504</longitude>
				<latitude>-33.06323047942016</latitude>
				<altitude>3063.554935284394</altitude>
				<heading>0</heading>
				<tilt>0</tilt>
				<range>257.1269564494287</range>
				<altitudeMode>absolute</altitudeMode>
				<gx:fovy>30.00000338</gx:fovy>
			</LookAt>
			<styleUrl>#__managed_style_08C3A00A423D3D1AF1E302</styleUrl>
			<Point>
				<coordinates>-70.37530458162111,-33.06347751855309,3031.625239758646</coordinates>
			</Point>
		</Placemark>
		<Placemark id="00FD0991593C7D0F0923">
			<name>2400 frecuencia 5</name>
			<LookAt>
				<longitude>-70.36494849651615</longitude>
				<latitude>-33.00431174721119</latitude>
				<altitude>3000.211980490835</altitude>
				<heading>359.9934487933027</heading>
				<tilt>0</tilt>
				<range>2583.347040679073</range>
				<altitudeMode>absolute</altitudeMode>
				<gx:fovy>30.00000338</gx:fovy>
			</LookAt>
			<styleUrl>#__managed_style_08C3A00A423D3D1AF1E302</styleUrl>
			<Point>
				<coordinates>-70.35418011714589,-33.00399116625547,2406.944410283978</coordinates>
			</Point>
		</Placemark>
		<Placemark id="0A2F6E8FE53C7D0F6C13">
			<name>laguna los angeles</name>
			<LookAt>
				<longitude>-70.37881779993242</longitude>
				<latitude>-33.06374624411463</latitude>
				<altitude>3183.420070831848</altitude>
				<heading>359.9934439521599</heading>
				<tilt>0</tilt>
				<range>6037.550657622633</range>
				<altitudeMode>absolute</altitudeMode>
				<gx:fovy>30.00000338</gx:fovy>
			</LookAt>
			<styleUrl>#__managed_style_08C3A00A423D3D1AF1E302</styleUrl>
			<Point>
				<coordinates>-70.34993016125281,-33.06615886961529,3548.392507678275</coordinates>
			</Point>
		</Placemark>
		<Placemark id="05F62E3F5C3C7D0FA0E6">
			<name>laguna los angeles 2</name>
			<LookAt>
				<longitude>-70.35336076083858</longitude>
				<latitude>-33.04418889151451</latitude>
				<altitude>3096.298865416828</altitude>
				<heading>359.9934400945855</heading>
				<tilt>0</tilt>
				<range>6124.671359779313</range>
				<altitudeMode>absolute</altitudeMode>
				<gx:fovy>30.00000338</gx:fovy>
			</LookAt>
			<styleUrl>#__managed_style_08C3A00A423D3D1AF1E302</styleUrl>
			<Point>
				<coordinates>-70.32471209790251,-33.03772864736377,3359.173952216784</coordinates>
			</Point>
		</Placemark>
		<Placemark id="0EE2E514A73C7D100930">
			<name>plomo 1</name>
			<LookAt>
				<longitude>-70.33353758027428</longitude>
				<latitude>-33.10897652686025</latitude>
				<altitude>3703.935118559179</altitude>
				<heading>359.9934363453909</heading>
				<tilt>0</tilt>
				<range>1788.067980406922</range>
				<altitudeMode>absolute</altitudeMode>
				<gx:fovy>30.00000338</gx:fovy>
			</LookAt>
			<styleUrl>#__managed_style_08C3A00A423D3D1AF1E302</styleUrl>
			<Point>
				<coordinates>-70.32548756696356,-33.10841168165284,3495.100302506315</coordinates>
			</Point>
		</Placemark>
		<Placemark id="07149584A13C7D1026F1">
			<name>plomo 2</name>
			<LookAt>
				<longitude>-70.33353758027428</longitude>
				<latitude>-33.10897652686025</latitude>
				<altitude>3703.935118559179</altitude>
				<heading>359.9934363453909</heading>
				<tilt>0</tilt>
				<range>1788.067980406922</range>
				<altitudeMode>absolute</altitudeMode>
				<gx:fovy>30.00000338</gx:fovy>
			</LookAt>
			<styleUrl>#__managed_style_08C3A00A423D3D1AF1E302</styleUrl>
			<Point>
				<coordinates>-70.33106850221658,-33.10763727062763,3576.981077313899</coordinates>
			</Point>
		</Placemark>
		<Placemark id="05EA5842DA3C7D10594E">
			<name>plomo 3</name>
			<LookAt>
				<longitude>-70.3377065562281</longitude>
				<latitude>-33.10399739223688</latitude>
				<altitude>3734.286533608993</altitude>
				<heading>359.9934355176352</heading>
				<tilt>0</tilt>
				<range>3533.70129938121</range>
				<altitudeMode>absolute</altitudeMode>
				<gx:fovy>30.00000338</gx:fovy>
			</LookAt>
			<styleUrl>#__managed_style_08C3A00A423D3D1AF1E302</styleUrl>
			<Point>
				<coordinates>-70.33543639480163,-33.1016672180766,3683.077206271289</coordinates>
			</Point>
		</Placemark>
		<Placemark id="02EE7E7EAD3C7D107937">
			<name>plomo 4</name>
			<LookAt>
				<longitude>-70.3377065562281</longitude>
				<latitude>-33.10399739223688</latitude>
				<altitude>3734.286533608993</altitude>
				<heading>359.9934355176352</heading>
				<tilt>0</tilt>
				<range>3533.70129938121</range>
				<altitudeMode>absolute</altitudeMode>
				<gx:fovy>30.00000338</gx:fovy>
			</LookAt>
			<styleUrl>#__managed_style_08C3A00A423D3D1AF1E302</styleUrl>
			<Point>
				<coordinates>-70.3361199710876,-33.1000967421496,3688.020388115218</coordinates>
			</Point>
		</Placemark>
		<Placemark id="08A376309D3C7D13AE2C">
			<name>laguna dolores</name>
			<LookAt>
				<longitude>-70.35766541143747</longitude>
				<latitude>-33.13077862808957</latitude>
				<altitude>3255.636793992654</altitude>
				<heading>359.9934001789076</heading>
				<tilt>0</tilt>
				<range>10852.28380708373</range>
				<altitudeMode>absolute</altitudeMode>
				<gx:fovy>30.00000338</gx:fovy>
			</LookAt>
			<styleUrl>#__managed_style_08C3A00A423D3D1AF1E302</styleUrl>
			<Point>
				<coordinates>-70.31062982418406,-33.12175922064056,3524.138535597798</coordinates>
			</Point>
		</Placemark>
	</Folder>
</Document>
</kml>
